date,dengue_cases,temperature,temperature_max,temperature_min,rainfall,humidity,windspeed,windspeed_max,day_of_year,month,year,population_density,is_rainy_season,temperature_7d_avg,rainfall_7d_sum,humidity_7d_avg,cases_7d_avg
2023-01-01,39.8571,26.19,30.25,22.95,1.1,81.21,11.32,21.08,1,1,2023,8041.0,1,26.19,1.1,81.21,39.8571
2023-01-02,39.8571,25.73,29.9,23.55,8.5,86.66,9.65,16.87,2,1,2023,8041.0,1,25.96,9.6,83.94,39.8571
2023-01-03,39.8571,25.69,28.85,23.45,1.1,84.34,13.81,20.96,3,1,2023,8041.0,1,25.87,10.7,84.07,39.8571
2023-01-04,39.8571,25.81,30.0,23.55,4.6,86.18,9.56,15.51,4,1,2023,8041.0,1,25.86,15.3,84.6,39.8571
2023-01-05,39.8571,26.1,29.2,23.9,2.4,85.55,9.65,15.14,5,1,2023,8041.0,1,25.9,17.7,84.79,39.8571
2023-01-06,39.8571,25.67,29.75,23.1,4.6,87.1,8.75,16.04,6,1,2023,8041.0,1,25.87,22.3,85.17,39.8571
2023-01-07,39.8571,26.27,30.2,23.1,0.4,84.85,7.49,15.88,7,1,2023,8041.0,1,25.92,22.7,85.13,39.8571
2023-01-08,39.7143,25.96,29.65,23.25,1.8,87.53,5.28,8.29,8,1,2023,8041.0,1,25.89,23.4,86.03,39.8367
2023-01-09,39.7143,26.08,29.25,23.1,6.9,88.1,5.19,8.22,9,1,2023,8041.0,1,25.94,21.8,86.24,39.8163
2023-01-10,39.7143,25.6,28.5,23.65,6.8,88.48,5.63,10.81,10,1,2023,8041.0,1,25.93,27.5,86.83,39.7959
2023-01-11,39.7143,26.39,30.25,23.5,2.8,86.66,5.21,9.34,11,1,2023,8041.0,1,26.01,25.7,86.9,39.7755
2023-01-12,39.7143,26.19,30.2,23.4,10.7,87.5,6.06,10.48,12,1,2023,8041.0,1,26.02,34.0,87.17,39.7551
2023-01-13,39.7143,26.21,30.0,23.65,6.6,86.86,5.09,8.15,13,1,2023,8041.0,1,26.1,36.0,87.14,39.7347
2023-01-14,39.7143,25.82,28.85,23.45,3.3,87.9,7.39,13.9,14,1,2023,8041.0,1,26.04,38.9,87.58,39.7143
2023-01-15,38.8571,25.68,29.85,23.1,4.4,86.97,7.76,15.38,15,1,2023,8041.0,1,26.0,41.5,87.5,39.5918
2023-01-16,38.8571,26.45,30.6,22.75,0.3,77.67,9.42,17.55,16,1,2023,8041.0,1,26.05,34.9,86.01,39.4694
2023-01-17,38.8571,25.6,28.6,23.0,5.6,83.59,11.3,18.47,17,1,2023,8041.0,1,26.05,33.7,85.31,39.3469
2023-01-18,38.8571,25.42,29.2,22.65,4.6,84.24,12.24,19.13,18,1,2023,8041.0,1,25.91,35.5,84.96,39.2245
2023-01-19,38.8571,25.06,27.55,23.35,7.2,88.64,12.46,18.97,19,1,2023,8041.0,1,25.75,32.0,85.12,39.102
2023-01-20,38.8571,25.41,29.55,23.1,5.0,87.69,8.86,17.25,20,1,2023,8041.0,1,25.63,30.4,85.24,38.9796
2023-01-21,38.8571,25.08,28.5,22.85,7.9,88.96,9.03,15.14,21,1,2023,8041.0,1,25.53,35.0,85.39,38.8571
2023-01-22,26.5714,24.97,28.7,23.05,15.0,90.36,7.34,11.53,22,1,2023,8041.0,1,25.43,45.6,85.88,37.102
2023-01-23,26.5714,23.72,24.5,23.1,29.6,93.86,9.19,13.1,23,1,2023,8041.0,1,25.04,74.9,88.19,35.3469
2023-01-24,26.5714,23.52,24.45,22.9,93.4,94.13,7.63,11.01,24,1,2023,8041.0,1,24.74,162.7,89.7,33.5918
2023-01-25,26.5714,24.58,27.55,22.8,10.4,88.82,11.67,17.56,25,1,2023,8041.0,1,24.62,168.5,90.35,31.8367
2023-01-26,26.5714,25.54,28.95,23.15,1.0,85.53,13.3,18.51,26,1,2023,8041.0,1,24.69,162.3,89.91,30.0816
2023-01-27,26.5714,24.1,25.6,23.15,9.6,91.5,15.1,17.77,27,1,2023,8041.0,1,24.5,166.9,90.45,28.3265
2023-01-28,26.5714,23.73,25.3,22.9,9.5,89.89,16.33,22.55,28,1,2023,8041.0,1,24.31,168.5,90.58,26.5714
2023-01-29,31.8571,24.49,26.85,23.15,6.6,88.75,15.91,24.02,29,1,2023,8041.0,1,24.24,160.1,90.35,27.3265
2023-01-30,31.8571,23.94,25.65,22.8,11.3,92.69,10.87,17.19,30,1,2023,8041.0,1,24.27,141.8,90.19,28.0816
2023-01-31,31.8571,25.05,29.1,22.6,2.9,89.37,9.12,15.73,31,1,2023,8041.0,1,24.49,51.3,89.51,28.8367
2023-02-01,31.8571,25.46,29.75,23.15,11.8,88.18,10.24,16.94,32,2,2023,8041.0,0,24.62,52.7,89.42,29.5918
2023-02-02,31.8571,25.72,29.85,23.2,18.8,87.91,7.34,11.54,33,2,2023,8041.0,0,24.64,70.5,89.76,30.3469
2023-02-03,31.8571,24.88,27.2,23.35,20.4,91.17,9.23,12.02,34,2,2023,8041.0,0,24.75,81.3,89.71,31.102
2023-02-04,31.8571,25.35,28.95,22.8,6.5,89.27,7.7,14.06,35,2,2023,8041.0,0,24.98,78.3,89.62,31.8571
2023-02-05,31.1429,25.94,30.15,23.45,5.9,84.97,10.24,16.8,36,2,2023,8041.0,0,25.19,77.6,89.08,31.7551
2023-02-06,31.1429,26.14,30.65,23.1,0.0,82.75,12.08,16.7,37,2,2023,8041.0,0,25.51,66.3,87.66,31.653
2023-02-07,31.1429,25.86,29.25,23.65,3.7,89.22,10.27,16.97,38,2,2023,8041.0,0,25.62,67.1,87.64,31.551
2023-02-08,31.1429,26.09,29.15,23.65,2.8,88.32,7.3,12.25,39,2,2023,8041.0,0,25.71,58.1,87.66,31.449
2023-02-09,31.1429,25.9,30.0,23.6,4.0,88.93,8.11,13.55,40,2,2023,8041.0,0,25.74,43.3,87.8,31.347
2023-02-10,31.1429,25.59,29.7,23.8,10.6,88.79,10.67,18.84,41,2,2023,8041.0,0,25.84,33.5,87.46,31.2449
2023-02-11,31.1429,25.39,28.85,23.3,4.5,89.96,7.13,10.8,42,2,2023,8041.0,0,25.84,31.5,87.56,31.1429
2023-02-12,21.1429,25.14,28.8,23.15,6.6,89.72,7.02,10.51,43,2,2023,8041.0,0,25.73,32.2,88.24,29.7143
2023-02-13,21.1429,25.57,28.15,23.7,3.6,89.99,7.18,13.28,44,2,2023,8041.0,0,25.65,35.8,89.28,28.2858
2023-02-14,21.1429,25.5,28.85,23.25,0.6,86.42,11.8,18.53,45,2,2023,8041.0,0,25.6,32.7,88.88,26.8572
2023-02-15,21.1429,25.5,29.5,22.25,0.3,81.32,10.75,19.52,46,2,2023,8041.0,0,25.51,30.2,87.88,25.4286
2023-02-16,21.1429,25.3,29.0,22.45,2.7,85.13,10.89,16.79,47,2,2023,8041.0,0,25.43,28.9,87.33,24.0
2023-02-17,21.1429,26.24,30.1,23.1,1.0,83.94,12.59,18.89,48,2,2023,8041.0,0,25.52,19.3,86.64,22.5715
2023-02-18,21.1429,26.23,30.15,23.5,1.7,85.06,10.29,18.51,49,2,2023,8041.0,0,25.64,16.5,85.94,21.1429
2023-02-19,19.7143,25.9,29.35,23.2,0.3,83.99,10.59,18.67,50,2,2023,8041.0,0,25.75,10.2,85.12,20.9388
2023-02-20,19.7143,25.78,28.7,23.5,3.2,83.78,12.58,20.14,51,2,2023,8041.0,0,25.78,9.8,84.23,20.7347
2023-02-21,19.7143,26.14,29.45,23.2,2.3,80.61,12.82,19.69,52,2,2023,8041.0,0,25.87,11.5,83.4,20.5306
2023-02-22,19.7143,26.26,29.6,23.4,0.4,80.25,13.82,20.27,53,2,2023,8041.0,0,25.98,11.6,83.25,20.3266
2023-02-23,19.7143,26.52,30.25,23.7,0.0,77.23,14.25,22.67,54,2,2023,8041.0,0,26.15,8.9,82.12,20.1225
2023-02-24,19.7143,25.94,29.7,22.85,0.8,81.17,12.84,20.93,55,2,2023,8041.0,0,26.11,8.7,81.73,19.9184
2023-02-25,19.7143,26.02,28.95,23.9,0.8,79.2,18.49,27.71,56,2,2023,8041.0,0,26.08,7.8,80.89,19.7143
2023-02-26,15.8571,25.64,28.95,22.95,5.5,82.95,17.4,24.25,57,2,2023,8041.0,0,26.04,13.0,80.74,19.1633
2023-02-27,15.8571,24.18,26.25,23.1,56.1,91.95,11.38,14.42,58,2,2023,8041.0,0,25.81,65.9,81.91,18.6122
2023-02-28,15.8571,23.41,24.3,22.55,69.7,93.53,9.96,18.0,59,2,2023,8041.0,0,25.42,133.3,83.75,18.0612
2023-03-01,15.8571,24.14,28.4,21.75,33.8,91.9,8.81,17.11,60,3,2023,8041.0,0,25.12,166.7,85.42,17.5102
2023-03-02,15.8571,24.09,26.35,22.7,33.2,92.55,10.9,17.42,61,3,2023,8041.0,0,24.77,199.9,87.61,16.9592
2023-03-03,15.8571,23.57,25.05,22.5,13.7,92.44,14.98,25.77,62,3,2023,8041.0,0,24.44,212.8,89.22,16.4081
2023-03-04,15.8571,23.89,26.35,22.4,10.4,91.72,10.23,18.03,63,3,2023,8041.0,0,24.13,222.4,91.01,15.8571
2023-03-05,17.0,24.78,28.35,21.75,0.6,85.63,11.02,19.35,64,3,2023,8041.0,0,24.01,217.5,91.39,16.0204
2023-03-06,17.0,24.92,28.3,22.55,13.5,87.19,12.5,18.43,65,3,2023,8041.0,0,24.11,174.9,90.71,16.1836
2023-03-07,17.0,25.28,28.6,22.85,10.1,87.6,11.27,15.19,66,3,2023,8041.0,0,24.38,115.3,89.86,16.3469
2023-03-08,17.0,25.93,29.05,23.6,4.2,85.5,14.0,18.5,67,3,2023,8041.0,0,24.64,85.7,88.95,16.5102
2023-03-09,17.0,25.65,28.5,23.45,6.6,87.02,11.93,16.38,68,3,2023,8041.0,0,24.86,59.1,88.16,16.6735
2023-03-10,17.0,25.77,28.45,23.5,6.3,86.56,10.67,16.55,69,3,2023,8041.0,0,25.17,51.7,87.32,16.8367
2023-03-11,17.0,26.15,30.1,22.85,1.8,85.0,9.45,14.11,70,3,2023,8041.0,0,25.5,43.1,86.36,17.0
2023-03-12,21.2857,25.96,28.95,23.95,0.0,80.52,16.12,23.36,71,3,2023,8041.0,0,25.67,42.5,85.63,17.6122
2023-03-13,21.2857,25.69,28.8,23.55,1.3,80.71,14.59,20.19,72,3,2023,8041.0,0,25.78,30.3,84.7,18.2245
2023-03-14,21.2857,25.58,28.55,22.1,1.3,80.8,12.34,17.37,73,3,2023,8041.0,0,25.82,21.5,83.73,18.8367
2023-03-15,21.2857,26.25,30.0,23.25,0.5,81.25,13.82,18.68,74,3,2023,8041.0,0,25.86,17.8,83.12,19.449
2023-03-16,21.2857,26.52,29.8,24.05,2.7,81.64,12.79,17.1,75,3,2023,8041.0,0,25.99,13.9,82.35,20.0612
2023-03-17,21.2857,26.62,30.1,23.35,1.5,82.61,11.69,18.16,76,3,2023,8041.0,0,26.11,9.1,81.79,20.6735
2023-03-18,21.2857,26.5,29.55,24.45,1.8,84.36,11.06,15.81,77,3,2023,8041.0,0,26.16,9.1,81.7,21.2857
2023-03-19,18.2857,26.09,28.8,23.6,8.2,87.94,8.86,13.24,78,3,2023,8041.0,0,26.18,17.3,82.76,20.8571
2023-03-20,18.2857,26.05,30.6,23.35,0.8,85.6,4.35,8.43,79,3,2023,8041.0,0,26.23,16.8,83.46,20.4286
2023-03-21,18.2857,26.23,30.35,23.15,4.9,87.0,4.92,9.18,80,3,2023,8041.0,0,26.32,20.4,84.34,20.0
2023-03-22,18.2857,26.76,30.8,23.95,2.0,87.55,5.78,9.69,81,3,2023,8041.0,0,26.4,21.9,85.24,19.5714
2023-03-23,18.2857,26.61,30.45,24.2,5.9,88.08,4.7,10.19,82,3,2023,8041.0,0,26.41,25.1,86.16,19.1428
2023-03-24,18.2857,25.98,29.65,23.7,15.6,88.75,5.64,11.3,83,3,2023,8041.0,0,26.32,39.2,87.04,18.7143
2023-03-25,18.2857,26.83,30.55,24.15,3.2,85.69,5.58,9.79,84,3,2023,8041.0,0,26.36,40.6,87.23,18.2857
2023-03-26,15.4286,25.82,28.4,23.5,7.2,89.15,5.73,14.62,85,3,2023,8041.0,0,26.33,39.6,87.4,17.8775
2023-03-27,15.4286,27.16,30.95,24.0,4.0,84.45,6.14,11.38,86,3,2023,8041.0,0,26.48,42.8,87.24,17.4694
2023-03-28,15.4286,26.72,30.1,24.1,2.2,86.5,6.85,12.07,87,3,2023,8041.0,0,26.55,40.1,87.17,17.0612
2023-03-29,15.4286,26.35,30.3,24.05,5.9,86.64,7.52,14.0,88,3,2023,8041.0,0,26.5,44.0,87.04,16.6531
2023-03-30,15.4286,26.23,30.75,23.5,7.9,86.22,5.7,8.71,89,3,2023,8041.0,0,26.44,46.0,86.77,16.2449
2023-03-31,15.4286,26.6,30.7,24.05,14.6,84.43,5.93,9.67,90,3,2023,8041.0,0,26.53,45.0,86.15,15.8368
2023-04-01,15.4286,26.65,29.7,24.45,6.5,86.25,5.01,8.5,91,4,2023,8041.0,0,26.5,48.3,86.23,15.4286
2023-04-02,16.5714,25.22,27.15,23.15,13.4,89.84,5.53,10.18,92,4,2023,8041.0,0,26.42,54.5,86.33,15.5919
2023-04-03,16.5714,27.06,30.9,24.3,4.0,85.03,6.81,15.38,93,4,2023,8041.0,0,26.4,54.5,86.42,15.7551
2023-04-04,16.5714,25.95,29.25,23.95,16.8,89.21,7.26,14.76,94,4,2023,8041.0,0,26.29,69.1,86.8,15.9184
2023-04-05,16.5714,27.04,29.65,24.1,0.9,85.72,8.26,13.53,95,4,2023,8041.0,0,26.39,64.1,86.67,16.0816
2023-04-06,16.5714,26.23,29.55,24.15,12.1,86.37,6.8,11.59,96,4,2023,8041.0,0,26.39,68.3,86.69,16.2449
2023-04-07,16.5714,26.37,30.05,23.5,1.8,86.13,5.91,15.27,97,4,2023,8041.0,0,26.36,55.5,86.94,16.4081
2023-04-08,16.5714,27.09,30.1,23.9,1.9,84.08,7.18,12.5,98,4,2023,8041.0,0,26.42,50.9,86.63,16.5714
2023-04-09,18.8571,26.87,31.1,23.35,1.4,83.05,5.32,8.23,99,4,2023,8041.0,0,26.66,38.9,85.66,16.8979
2023-04-10,18.8571,27.74,32.25,23.65,0.3,79.72,6.05,11.53,100,4,2023,8041.0,0,26.76,35.2,84.9,17.2245
2023-04-11,18.8571,27.34,31.85,23.55,1.9,83.27,5.99,10.18,101,4,2023,8041.0,0,26.95,20.3,84.05,17.551
2023-04-12,18.8571,27.13,30.65,23.35,7.7,85.11,4.69,9.69,102,4,2023,8041.0,0,26.97,27.1,83.96,17.8775
2023-04-13,18.8571,26.98,31.0,25.0,8.0,85.64,4.46,9.93,103,4,2023,8041.0,0,27.07,23.0,83.86,18.204
2023-04-14,18.8571,27.47,30.35,24.6,4.6,84.52,6.41,14.02,104,4,2023,8041.0,0,27.23,25.8,83.63,18.5306
2023-04-15,18.8571,27.21,31.3,23.9,12.1,83.82,6.78,13.49,105,4,2023,8041.0,0,27.25,36.0,83.59,18.8571
2023-04-16,16.1429,27.43,31.2,24.35,8.2,84.85,6.31,10.54,106,4,2023,8041.0,0,27.33,42.8,83.85,18.4694
2023-04-17,16.1429,27.67,31.55,24.7,8.3,84.85,5.8,10.25,107,4,2023,8041.0,0,27.32,50.8,84.58,18.0816
2023-04-18,16.1429,27.58,30.15,26.0,11.1,85.79,4.57,8.67,108,4,2023,8041.0,0,27.35,60.0,84.94,17.6939
2023-04-19,16.1429,26.95,29.75,24.95,12.2,87.11,6.54,11.93,109,4,2023,8041.0,0,27.33,64.5,85.23,17.3061
2023-04-20,16.1429,27.31,29.8,25.25,1.9,86.39,7.2,12.07,110,4,2023,8041.0,0,27.37,58.4,85.33,16.9184
2023-04-21,16.1429,28.11,31.1,25.9,4.1,84.93,6.04,8.89,111,4,2023,8041.0,0,27.47,57.9,85.39,16.5306
2023-04-22,16.1429,28.05,30.8,25.7,3.4,82.37,8.06,12.1,112,4,2023,8041.0,0,27.59,49.2,85.18,16.1429
2023-04-23,18.2857,28.24,31.25,24.95,2.4,80.41,5.3,12.6,113,4,2023,8041.0,0,27.7,43.4,84.55,16.449
2023-04-24,18.2857,27.41,31.3,24.0,3.8,85.97,4.6,9.39,114,4,2023,8041.0,0,27.66,38.9,84.71,16.7551
2023-04-25,18.2857,27.61,31.35,24.9,6.2,84.96,4.28,8.89,115,4,2023,8041.0,0,27.67,34.0,84.59,17.0612
2023-04-26,18.2857,27.84,31.15,24.8,5.3,83.71,5.39,11.17,116,4,2023,8041.0,0,27.8,27.1,84.11,17.3674
2023-04-27,18.2857,27.04,30.95,24.55,2.3,87.48,5.06,10.8,117,4,2023,8041.0,0,27.76,27.5,84.26,17.6735
2023-04-28,18.2857,27.07,30.75,24.9,10.1,88.16,4.57,7.97,118,4,2023,8041.0,0,27.61,33.5,84.72,17.9796
2023-04-29,18.2857,27.24,30.6,24.7,11.2,88.34,4.42,12.86,119,4,2023,8041.0,0,27.49,41.3,85.58,18.2857
2023-04-30,16.8571,27.95,31.3,24.9,1.1,84.08,5.47,9.18,120,4,2023,8041.0,0,27.45,40.0,86.1,18.0816
2023-05-01,16.8571,28.29,31.3,25.35,2.7,81.87,8.2,12.29,121,5,2023,8041.0,1,27.58,38.9,85.51,17.8775
2023-05-02,16.8571,27.9,32.1,25.6,14.0,85.96,5.39,9.59,122,5,2023,8041.0,1,27.62,46.7,85.66,17.6734
2023-05-03,16.8571,27.65,31.1,25.1,12.8,84.91,4.1,11.12,123,5,2023,8041.0,1,27.59,54.2,85.83,17.4694
2023-05-04,16.8571,28.02,31.35,25.75,10.6,85.69,5.44,14.57,124,5,2023,8041.0,1,27.73,62.5,85.57,17.2653
2023-05-05,16.8571,27.81,30.45,25.3,8.1,85.49,8.1,11.49,125,5,2023,8041.0,1,27.84,60.5,85.19,17.0612
2023-05-06,16.8571,27.51,29.3,25.3,13.6,84.46,12.65,19.35,126,5,2023,8041.0,1,27.88,62.9,84.64,16.8571
2023-05-07,14.2857,28.53,30.95,26.25,0.9,78.06,12.35,16.61,127,5,2023,8041.0,1,27.96,62.7,83.78,16.4898
2023-05-08,14.2857,28.39,30.9,27.05,0.0,80.1,7.56,10.64,128,5,2023,8041.0,1,27.97,60.0,83.52,16.1224
2023-05-09,14.2857,28.9,31.8,26.75,0.9,81.18,8.45,11.21,129,5,2023,8041.0,1,28.12,46.9,82.84,15.7551
2023-05-10,14.2857,28.65,31.8,26.0,5.4,83.41,7.85,11.97,130,5,2023,8041.0,1,28.26,39.5,82.63,15.3877
2023-05-11,14.2857,28.87,31.8,25.7,0.2,80.14,8.19,11.89,131,5,2023,8041.0,1,28.38,29.1,81.83,15.0204
2023-05-12,14.2857,29.22,32.55,25.8,0.2,76.54,6.18,9.35,132,5,2023,8041.0,1,28.58,21.2,80.56,14.653
2023-05-13,14.2857,28.86,32.55,26.1,0.0,78.33,6.85,10.04,133,5,2023,8041.0,1,28.77,7.6,79.68,14.2857
2023-05-14,17.2857,28.78,31.75,26.6,2.1,80.35,6.82,11.27,134,5,2023,8041.0,1,28.81,8.8,80.01,14.7143
2023-05-15,17.2857,27.83,30.1,26.4,9.5,85.57,6.67,14.8,135,5,2023,8041.0,1,28.73,18.3,80.79,15.1428
2023-05-16,17.2857,28.02,31.05,25.75,10.2,85.41,5.42,8.67,136,5,2023,8041.0,1,28.6,27.6,81.39,15.5714
2023-05-17,17.2857,27.71,30.05,25.3,6.2,85.35,6.5,12.92,137,5,2023,8041.0,1,28.47,28.4,81.67,16.0
2023-05-18,17.2857,27.27,29.85,25.2,20.0,86.1,7.49,12.86,138,5,2023,8041.0,1,28.24,48.2,82.52,16.4286
2023-05-19,17.2857,27.05,29.35,24.9,8.0,87.41,8.11,13.71,139,5,2023,8041.0,1,27.93,56.0,84.07,16.8571
2023-05-20,17.2857,26.89,28.55,25.1,4.3,86.81,8.47,15.08,140,5,2023,8041.0,1,27.65,60.3,85.29,17.2857
2023-05-21,19.0,27.56,30.45,24.95,2.8,84.88,7.25,11.92,141,5,2023,8041.0,1,27.48,61.0,85.93,17.5306
2023-05-22,19.0,27.29,30.05,24.7,5.0,85.15,7.28,10.88,142,5,2023,8041.0,1,27.4,56.5,85.87,17.7755
2023-05-23,19.0,28.36,30.55,26.05,0.9,80.98,8.7,12.88,143,5,2023,8041.0,1,27.45,47.2,85.24,18.0204
2023-05-24,19.0,27.86,30.4,25.65,3.0,82.7,10.17,13.76,144,5,2023,8041.0,1,27.47,44.0,84.86,18.2653
2023-05-25,19.0,26.99,29.3,25.55,33.3,87.72,6.6,10.85,145,5,2023,8041.0,1,27.43,57.3,85.09,18.5102
2023-05-26,19.0,27.55,30.0,25.2,3.8,85.83,7.92,16.31,146,5,2023,8041.0,1,27.5,53.1,84.87,18.7551
2023-05-27,19.0,26.78,29.3,24.15,6.3,86.72,7.91,14.06,147,5,2023,8041.0,1,27.48,55.1,84.85,19.0
2023-05-28,15.8571,28.41,30.65,25.85,5.7,80.65,9.17,12.78,148,5,2023,8041.0,1,27.61,58.0,84.25,18.551
2023-05-29,15.8571,28.28,30.4,26.3,1.9,84.8,7.81,15.14,149,5,2023,8041.0,1,27.75,54.9,84.2,18.102
2023-05-30,15.8571,28.5,30.35,26.15,5.0,83.16,10.03,13.78,150,5,2023,8041.0,1,27.77,59.0,84.51,17.653
2023-05-31,15.8571,26.57,27.95,24.55,72.9,89.23,8.0,11.38,151,5,2023,8041.0,1,27.58,128.9,85.44,17.2041
2023-06-01,15.8571,28.06,30.3,25.85,6.0,83.89,8.33,12.61,152,6,2023,8041.0,1,27.74,101.6,84.9,16.7551
2023-06-02,15.8571,28.09,30.65,25.7,2.5,85.84,8.25,16.18,153,6,2023,8041.0,1,27.81,100.3,84.9,16.3061
2023-06-03,15.8571,26.8,29.5,23.95,20.1,88.13,6.03,15.79,154,6,2023,8041.0,1,27.82,114.1,85.1,15.8571
2023-06-04,23.1429,28.02,30.5,25.2,0.0,82.88,7.49,11.92,155,6,2023,8041.0,1,27.76,108.4,85.42,16.8979
2023-06-05,23.1429,27.47,29.2,25.8,4.6,85.82,7.51,11.66,156,6,2023,8041.0,1,27.64,111.1,85.56,17.9388
2023-06-06,23.1429,27.29,29.45,24.8,7.6,86.5,8.44,15.23,157,6,2023,8041.0,1,27.47,113.7,86.04,18.9796
2023-06-07,23.1429,27.86,30.3,25.6,0.4,84.41,9.14,15.98,158,6,2023,8041.0,1,27.66,41.2,85.35,20.0204
2023-06-08,23.1429,27.39,30.5,25.65,14.3,86.58,6.99,13.53,159,6,2023,8041.0,1,27.56,49.5,85.74,21.0612
2023-06-09,23.1429,27.8,30.15,25.55,7.4,83.17,10.57,16.42,160,6,2023,8041.0,1,27.52,54.4,85.36,22.1021
2023-06-10,23.1429,28.34,31.2,25.75,0.3,80.1,9.71,15.32,161,6,2023,8041.0,1,27.74,34.6,84.21,23.1429
2023-06-11,38.5714,27.79,30.45,24.65,10.9,83.43,10.03,21.12,162,6,2023,8041.0,1,27.71,45.5,84.29,25.347
2023-06-12,38.5714,27.34,30.05,25.15,3.6,85.98,9.44,14.47,163,6,2023,8041.0,1,27.69,44.5,84.31,27.551
2023-06-13,38.5714,26.81,29.9,24.05,16.2,87.46,5.89,9.34,164,6,2023,8041.0,1,27.62,53.1,84.45,29.7551
2023-06-14,38.5714,27.14,29.15,24.5,0.8,88.5,5.28,9.0,165,6,2023,8041.0,1,27.52,53.5,85.03,31.9592
2023-06-15,38.5714,28.03,31.2,25.5,0.2,83.35,8.76,14.92,166,6,2023,8041.0,1,27.61,39.4,84.57,34.1633
2023-06-16,38.5714,28.52,31.4,26.3,0.5,79.69,9.15,13.56,167,6,2023,8041.0,1,27.71,32.5,84.07,36.3673
2023-06-17,38.5714,26.78,29.2,24.55,21.6,87.48,5.68,17.07,168,6,2023,8041.0,1,27.49,53.8,85.13,38.5714
2023-06-18,30.5714,28.0,31.85,24.8,0.2,81.2,5.74,10.82,169,6,2023,8041.0,1,27.52,43.1,84.81,37.4285
2023-06-19,30.5714,28.03,30.8,25.6,5.7,83.57,7.23,10.14,170,6,2023,8041.0,1,27.62,45.2,84.46,36.2857
2023-06-20,30.5714,28.36,30.2,25.8,1.4,81.31,10.0,17.65,171,6,2023,8041.0,1,27.84,30.4,83.59,35.1428
2023-06-21,30.5714,28.76,31.65,25.9,0.8,77.39,8.42,12.5,172,6,2023,8041.0,1,28.07,30.4,82.0,34.0
2023-06-22,30.5714,27.63,30.35,26.0,5.6,83.5,7.14,11.17,173,6,2023,8041.0,1,28.01,35.8,82.02,32.8571
2023-06-23,30.5714,26.83,28.9,25.2,2.9,87.29,6.86,11.9,174,6,2023,8041.0,1,27.77,38.2,83.11,31.7143
2023-06-24,30.5714,27.62,30.9,24.4,0.4,82.23,5.53,9.89,175,6,2023,8041.0,1,27.89,17.0,82.36,30.5714
2023-06-25,38.7143,27.28,29.7,25.15,4.9,85.33,7.82,11.89,176,6,2023,8041.0,1,27.79,21.7,82.95,31.7347
2023-06-26,38.7143,27.19,29.65,24.95,2.4,83.87,8.5,14.51,177,6,2023,8041.0,1,27.67,18.4,82.99,32.8979
2023-06-27,38.7143,26.77,29.2,23.3,12.4,86.62,8.32,13.68,178,6,2023,8041.0,1,27.44,29.4,83.75,34.0612
2023-06-28,38.7143,27.09,29.85,23.85,7.9,84.89,8.3,15.86,179,6,2023,8041.0,1,27.2,36.5,84.82,35.2245
2023-06-29,38.7143,26.62,29.45,24.2,13.8,88.59,6.87,11.3,180,6,2023,8041.0,1,27.06,44.7,85.55,36.3878
2023-06-30,38.7143,26.74,29.65,24.15,5.7,86.9,8.84,14.41,181,6,2023,8041.0,1,27.04,47.5,85.49,37.551
2023-07-01,38.7143,27.46,30.0,24.85,1.7,83.31,8.45,15.82,182,7,2023,8041.0,1,27.02,48.8,85.64,38.7143
2023-07-02,33.5714,26.64,29.95,23.95,18.6,88.51,5.77,10.51,183,7,2023,8041.0,1,26.93,62.5,86.1,37.9796
2023-07-03,33.5714,26.92,31.35,23.8,2.6,87.29,5.8,10.5,184,7,2023,8041.0,1,26.89,62.7,86.59,37.2449
2023-07-04,33.5714,26.4,31.8,23.65,10.3,88.52,5.47,9.83,185,7,2023,8041.0,1,26.84,60.6,86.86,36.5102
2023-07-05,33.5714,24.85,28.4,23.1,14.2,90.93,3.41,6.7,186,7,2023,8041.0,1,26.52,66.9,87.72,35.7755
2023-07-06,33.5714,25.84,29.8,21.7,13.9,86.98,5.91,10.48,187,7,2023,8041.0,1,26.41,67.0,87.49,35.0408
2023-07-07,33.5714,26.09,30.15,22.7,17.2,89.91,6.93,15.16,188,7,2023,8041.0,1,26.31,78.5,87.92,34.3061
2023-07-08,33.5714,26.64,30.45,24.4,7.1,88.87,5.63,9.79,189,7,2023,8041.0,1,26.2,83.9,88.72,33.5714
2023-07-09,29.7143,25.93,29.25,22.3,11.7,89.1,5.53,10.81,190,7,2023,8041.0,1,26.1,77.0,88.8,33.0204
2023-07-10,29.7143,24.46,26.55,23.15,42.6,95.58,5.6,11.09,191,7,2023,8041.0,1,25.74,117.0,89.98,32.4694
2023-07-11,29.7143,26.19,30.2,22.75,6.9,88.24,6.64,10.7,192,7,2023,8041.0,1,25.71,113.6,89.94,31.9184
2023-07-12,29.7143,27.3,30.9,23.85,1.5,83.88,6.25,11.61,193,7,2023,8041.0,1,26.06,100.9,88.94,31.3673
2023-07-13,29.7143,24.83,26.95,22.55,31.5,93.92,8.32,15.16,194,7,2023,8041.0,1,25.92,118.5,89.93,30.8163
2023-07-14,29.7143,26.42,30.05,23.5,0.3,87.49,6.46,12.9,195,7,2023,8041.0,1,25.97,101.6,89.58,30.2653
2023-07-15,29.7143,27.39,30.4,24.2,1.0,83.63,8.59,14.71,196,7,2023,8041.0,1,26.07,95.5,88.83,29.7143
2023-07-16,28.5714,26.87,29.85,24.85,11.6,87.55,9.11,16.22,197,7,2023,8041.0,1,26.21,95.4,88.61,29.551
2023-07-17,28.5714,26.3,30.1,23.25,19.2,89.22,7.95,17.41,198,7,2023,8041.0,1,26.47,72.0,87.7,29.3878
2023-07-18,28.5714,25.77,28.85,23.0,28.2,90.09,6.48,12.25,199,7,2023,8041.0,1,26.41,93.3,87.97,29.2245
2023-07-19,28.5714,25.09,27.3,23.8,38.5,94.39,6.79,12.48,200,7,2023,8041.0,1,26.1,130.3,89.47,29.0612
2023-07-20,28.5714,26.9,29.75,23.5,7.5,86.01,10.47,17.16,201,7,2023,8041.0,1,26.39,106.3,88.34,28.8979
2023-07-21,28.5714,27.41,30.65,24.85,1.3,85.21,9.49,17.38,202,7,2023,8041.0,1,26.53,107.3,88.01,28.7347
2023-07-22,28.5714,27.65,30.5,25.8,4.2,84.26,9.52,14.8,203,7,2023,8041.0,1,26.57,110.5,88.1,28.5714
2023-07-23,30.5714,27.72,30.7,25.25,0.9,83.45,10.08,14.21,204,7,2023,8041.0,1,26.69,99.8,87.52,28.8571
2023-07-24,30.5714,28.06,30.9,26.3,0.8,81.32,11.05,17.16,205,7,2023,8041.0,1,26.94,81.4,86.39,29.1428
2023-07-25,30.5714,27.77,29.9,26.1,5.6,83.96,10.43,19.09,206,7,2023,8041.0,1,27.23,58.8,85.51,29.4285
2023-07-26,30.5714,27.75,30.45,25.55,2.0,83.72,11.27,18.13,207,7,2023,8041.0,1,27.61,22.3,83.99,29.7143
2023-07-27,30.5714,27.92,30.55,25.5,0.9,83.18,11.75,18.09,208,7,2023,8041.0,1,27.75,15.7,83.59,30.0
2023-07-28,30.5714,27.69,30.7,25.25,5.5,80.86,13.28,20.19,209,7,2023,8041.0,1,27.79,19.9,82.96,30.2857
2023-07-29,30.5714,28.25,31.15,25.65,0.2,76.21,14.88,20.52,210,7,2023,8041.0,1,27.88,15.9,81.81,30.5714
2023-07-30,23.1429,28.54,31.25,26.9,0.4,70.09,14.54,18.58,211,7,2023,8041.0,1,28.0,15.4,79.91,29.5102
2023-07-31,23.1429,27.83,31.0,25.25,8.8,79.29,8.55,12.78,212,7,2023,8041.0,1,27.96,23.4,79.62,28.449
2023-08-01,23.1429,27.56,30.7,24.05,3.4,83.46,9.42,14.87,213,8,2023,8041.0,0,27.93,21.2,79.54,27.3878
2023-08-02,23.1429,25.66,27.3,24.0,17.0,91.22,6.19,17.87,214,8,2023,8041.0,0,27.64,36.2,80.62,26.3265
2023-08-03,23.1429,27.37,31.25,24.65,17.7,85.59,9.44,17.23,215,8,2023,8041.0,0,27.56,53.0,80.96,25.2653
2023-08-04,23.1429,27.37,30.05,24.9,5.7,84.74,10.09,18.0,216,8,2023,8041.0,0,27.51,53.2,81.51,24.2041
2023-08-05,23.1429,27.55,31.3,23.15,0.0,80.08,8.95,14.83,217,8,2023,8041.0,0,27.41,53.0,82.07,23.1429
2023-08-06,28.0,27.38,30.2,24.1,3.7,82.63,10.3,18.36,218,8,2023,8041.0,0,27.25,56.3,83.86,23.8368
2023-08-07,28.0,26.89,30.1,24.15,20.6,85.49,9.15,14.69,219,8,2023,8041.0,0,27.11,68.1,84.74,24.5306
2023-08-08,28.0,26.87,30.25,24.0,8.9,85.5,9.43,15.38,220,8,2023,8041.0,0,27.01,73.6,85.04,25.2245
2023-08-09,28.0,27.05,30.55,23.95,0.8,83.36,6.79,12.65,221,8,2023,8041.0,0,27.21,57.4,83.91,25.9184
2023-08-10,28.0,26.73,30.6,22.85,3.1,84.15,8.93,16.24,222,8,2023,8041.0,0,27.12,42.8,83.71,26.6123
2023-08-11,28.0,27.24,30.1,25.3,14.9,83.33,8.09,14.26,223,8,2023,8041.0,0,27.1,52.0,83.51,27.3061
2023-08-12,28.0,26.89,30.4,24.4,4.9,83.61,8.21,13.98,224,8,2023,8041.0,0,27.01,56.9,84.01,28.0
2023-08-13,27.4286,26.35,29.85,23.65,38.7,85.27,8.42,17.5,225,8,2023,8041.0,0,26.86,91.9,84.39,27.9184
2023-08-14,27.4286,25.83,29.65,22.3,7.3,88.45,4.96,9.89,226,8,2023,8041.0,0,26.71,78.6,84.81,27.8367
2023-08-15,27.4286,26.75,29.75,24.4,26.4,86.69,8.28,12.98,227,8,2023,8041.0,0,26.69,96.1,84.98,27.7551
2023-08-16,27.4286,26.21,30.2,23.3,11.7,88.84,5.04,9.23,228,8,2023,8041.0,0,26.57,107.0,85.76,27.6735
2023-08-17,27.4286,25.84,29.4,22.95,21.6,89.53,6.03,11.18,229,8,2023,8041.0,0,26.44,125.5,86.53,27.5919
2023-08-18,27.4286,26.09,30.0,23.6,14.0,89.56,7.6,15.28,230,8,2023,8041.0,0,26.28,124.6,87.42,27.5102
2023-08-19,27.4286,26.93,29.4,25.2,16.4,86.54,9.93,15.86,231,8,2023,8041.0,0,26.29,136.1,87.84,27.4286
2023-08-20,28.1429,24.94,27.15,23.7,71.3,93.91,6.27,16.04,232,8,2023,8041.0,0,26.08,168.7,89.07,27.5306
2023-08-21,28.1429,26.97,31.05,22.85,0.3,82.22,10.75,19.02,233,8,2023,8041.0,0,26.25,161.7,88.18,27.6327
2023-08-22,28.1429,27.19,30.35,24.8,2.9,82.92,8.84,14.49,234,8,2023,8041.0,0,26.31,138.2,87.65,27.7347
2023-08-23,28.1429,26.97,30.25,24.25,6.7,84.76,7.98,12.9,235,8,2023,8041.0,0,26.42,133.2,87.06,27.8368
2023-08-24,28.1429,26.76,29.9,24.55,14.5,86.27,8.38,15.02,236,8,2023,8041.0,0,26.55,126.1,86.6,27.9388
2023-08-25,28.1429,26.52,29.75,23.15,15.0,86.88,6.72,13.2,237,8,2023,8041.0,0,26.61,127.1,86.21,28.0409
2023-08-26,28.1429,26.74,30.45,23.65,5.4,86.74,7.55,12.68,238,8,2023,8041.0,0,26.58,116.1,86.24,28.1429
2023-08-27,30.4286,26.51,29.7,22.9,10.8,87.33,9.25,16.3,239,8,2023,8041.0,0,26.81,55.6,85.3,28.4694
2023-08-28,30.4286,26.37,29.05,23.95,9.8,87.92,8.66,15.89,240,8,2023,8041.0,0,26.72,65.1,86.12,28.796
2023-08-29,30.4286,26.58,29.6,23.25,2.8,87.68,6.71,12.98,241,8,2023,8041.0,0,26.64,65.0,86.8,29.1225
2023-08-30,30.4286,27.64,30.9,24.8,0.1,79.32,11.01,18.64,242,8,2023,8041.0,0,26.73,58.4,86.02,29.449
2023-08-31,30.4286,27.68,30.95,24.9,0.3,78.94,11.55,19.88,243,8,2023,8041.0,0,26.86,44.2,84.97,29.7755
2023-09-01,30.4286,27.69,31.4,23.95,0.2,80.55,9.72,15.48,244,9,2023,8041.0,0,27.03,29.4,84.07,30.1021
2023-09-02,30.4286,28.17,31.55,25.65,0.4,76.77,12.94,17.21,245,9,2023,8041.0,0,27.23,24.4,82.64,30.4286
2023-09-03,37.2857,28.15,30.65,25.75,3.5,74.07,14.58,20.87,246,9,2023,8041.0,0,27.47,17.1,80.75,31.4082
2023-09-04,37.2857,27.59,30.3,25.45,9.5,78.79,9.49,14.59,247,9,2023,8041.0,0,27.64,16.8,79.45,32.3878
2023-09-05,37.2857,25.41,29.85,22.75,38.4,90.98,5.42,11.02,248,9,2023,8041.0,0,27.48,52.4,79.92,33.3674
2023-09-06,37.2857,26.66,30.85,23.85,1.5,87.36,5.91,11.68,249,9,2023,8041.0,0,27.34,53.8,81.07,34.3469
2023-09-07,37.2857,26.74,29.95,23.45,31.2,86.79,6.88,11.75,250,9,2023,8041.0,0,27.2,84.7,82.19,35.3265
2023-09-08,37.2857,26.34,29.95,23.3,10.1,87.89,6.78,14.02,251,9,2023,8041.0,0,27.01,94.6,83.24,36.3061
2023-09-09,37.2857,26.05,29.45,23.85,13.6,88.5,7.29,16.85,252,9,2023,8041.0,0,26.71,107.8,84.91,37.2857
2023-09-10,47.1429,26.94,30.4,23.55,1.9,82.27,10.58,18.39,253,9,2023,8041.0,0,26.53,106.2,86.08,38.6939
2023-09-11,47.1429,27.32,30.4,24.85,3.2,83.92,10.93,18.71,254,9,2023,8041.0,0,26.49,99.9,86.82,40.102
2023-09-12,47.1429,27.89,31.1,25.5,2.9,81.62,9.37,15.48,255,9,2023,8041.0,0,26.85,64.4,85.48,41.5102
2023-09-13,47.1429,28.11,31.55,25.1,0.0,77.39,11.34,18.95,256,9,2023,8041.0,0,27.06,62.9,84.05,42.9184
2023-09-14,47.1429,27.8,31.6,24.55,0.7,77.67,11.42,21.57,257,9,2023,8041.0,0,27.21,32.4,82.75,44.3266
2023-09-15,47.1429,28.01,31.2,25.2,6.1,79.41,9.96,16.27,258,9,2023,8041.0,0,27.45,28.4,81.54,45.7347
2023-09-16,47.1429,27.32,30.75,25.15,4.2,83.4,7.21,12.1,259,9,2023,8041.0,0,27.63,19.0,80.81,47.1429
2023-09-17,43.1429,26.86,30.05,24.2,6.2,86.75,7.13,12.98,260,9,2023,8041.0,0,27.62,23.3,81.45,46.5715
2023-09-18,43.1429,27.07,30.5,24.15,18.8,86.4,6.18,10.69,261,9,2023,8041.0,0,27.58,38.9,81.81,46.0
2023-09-19,43.1429,26.41,30.8,23.7,11.2,87.99,5.01,10.18,262,9,2023,8041.0,0,27.37,47.2,82.72,45.4286
2023-09-20,43.1429,25.9,30.1,23.5,7.5,90.55,7.18,14.4,263,9,2023,8041.0,0,27.05,54.7,84.6,44.8572
2023-09-21,43.1429,25.49,29.65,23.7,12.7,91.56,7.75,11.59,264,9,2023,8041.0,0,26.72,66.7,86.58,44.2858
2023-09-22,43.1429,25.91,30.5,22.75,10.7,90.35,3.82,9.78,265,9,2023,8041.0,0,26.42,71.3,88.14,43.7143
2023-09-23,43.1429,24.94,27.75,22.75,25.7,93.25,6.01,15.79,266,9,2023,8041.0,0,26.08,92.8,89.55,43.1429
2023-09-24,48.5714,27.15,30.3,24.25,1.0,82.88,9.19,15.63,267,9,2023,8041.0,0,26.12,87.6,89.0,43.9184
2023-09-25,48.5714,27.37,30.3,24.35,2.1,83.21,11.22,20.21,268,9,2023,8041.0,0,26.17,70.9,88.54,44.6939
2023-09-26,48.5714,28.03,31.4,25.4,0.0,78.8,12.56,19.56,269,9,2023,8041.0,0,26.4,59.7,87.23,45.4694
2023-09-27,48.5714,28.12,31.25,25.0,2.2,79.76,10.94,16.33,270,9,2023,8041.0,0,26.72,54.4,85.69,46.2449
2023-09-28,48.5714,27.81,31.95,23.55,0.9,82.97,8.78,15.94,271,9,2023,8041.0,0,27.05,42.6,84.46,47.0204
2023-09-29,48.5714,27.42,31.1,24.95,1.3,85.31,6.45,11.37,272,9,2023,8041.0,0,27.26,33.2,83.74,47.7959
2023-09-30,48.5714,26.77,31.0,21.85,6.7,83.97,5.7,10.09,273,9,2023,8041.0,0,27.52,14.2,82.41,48.5714
2023-10-01,37.5714,27.83,31.35,24.35,3.1,81.61,9.63,19.2,274,10,2023,8041.0,0,27.62,16.3,82.23,47.0
2023-10-02,37.5714,26.75,30.45,24.3,25.1,86.45,8.31,13.9,275,10,2023,8041.0,0,27.53,39.3,82.7,45.4285
2023-10-03,37.5714,27.04,31.2,22.65,1.6,84.96,6.44,13.01,276,10,2023,8041.0,0,27.39,40.9,83.58,43.8571
2023-10-04,37.5714,28.13,32.35,24.05,0.8,81.33,9.09,13.85,277,10,2023,8041.0,0,27.39,39.5,83.8,42.2857
2023-10-05,37.5714,27.55,31.05,24.05,5.4,85.94,6.93,12.98,278,10,2023,8041.0,0,27.36,44.0,84.22,40.7143
2023-10-06,37.5714,28.16,31.4,24.2,6.2,82.32,8.19,15.84,279,10,2023,8041.0,0,27.46,48.9,83.8,39.1428
2023-10-07,37.5714,27.29,31.3,22.65,3.2,83.47,6.79,14.0,280,10,2023,8041.0,0,27.54,45.4,83.73,37.5714
2023-10-08,30.7143,27.5,32.55,24.1,17.3,85.57,5.16,10.14,281,10,2023,8041.0,0,27.49,59.6,84.29,36.5918
2023-10-09,30.7143,27.32,32.25,23.45,0.4,85.0,4.24,10.5,282,10,2023,8041.0,0,27.57,34.9,84.08,35.6122
2023-10-10,30.7143,27.24,31.4,23.5,16.4,87.52,5.29,10.7,283,10,2023,8041.0,0,27.6,49.7,84.45,34.6326
2023-10-11,30.7143,28.16,33.1,23.85,0.3,80.65,7.24,12.74,284,10,2023,8041.0,0,27.6,49.2,84.35,33.6531
2023-10-12,30.7143,27.96,33.15,22.45,0.0,79.71,6.93,11.79,285,10,2023,8041.0,0,27.66,43.8,83.46,32.6735
2023-10-13,30.7143,28.13,32.3,23.3,0.5,79.2,7.73,15.84,286,10,2023,8041.0,0,27.66,38.1,83.02,31.6939
2023-10-14,30.7143,27.94,31.2,23.8,2.3,80.06,9.22,16.95,287,10,2023,8041.0,0,27.75,37.2,82.53,30.7143
2023-10-15,29.7143,28.09,31.55,23.6,7.3,80.51,8.13,13.21,288,10,2023,8041.0,0,27.83,27.2,81.81,30.5714
2023-10-16,29.7143,28.34,32.1,24.3,0.1,80.61,9.05,18.58,289,10,2023,8041.0,0,27.98,26.9,81.18,30.4286
2023-10-17,29.7143,27.42,32.2,24.8,9.3,85.23,7.58,16.58,290,10,2023,8041.0,0,28.01,19.8,80.85,30.2857
2023-10-18,29.7143,26.83,31.95,23.5,11.3,89.16,5.46,10.88,291,10,2023,8041.0,0,27.82,30.8,82.07,30.1429
2023-10-19,29.7143,26.36,30.45,23.6,16.4,89.81,5.35,9.42,292,10,2023,8041.0,0,27.59,47.2,83.51,30.0
2023-10-20,29.7143,25.86,30.35,23.2,17.4,90.65,5.71,10.7,293,10,2023,8041.0,0,27.26,64.1,85.15,29.8572
2023-10-21,29.7143,26.19,31.3,23.45,27.5,90.54,4.61,8.29,294,10,2023,8041.0,0,27.01,89.3,86.64,29.7143
2023-10-22,27.2857,25.68,30.6,23.5,11.4,90.63,4.56,8.05,295,10,2023,8041.0,0,26.67,93.4,88.09,29.3674
2023-10-23,27.2857,26.25,31.65,23.15,29.0,89.18,4.57,10.19,296,10,2023,8041.0,0,26.37,122.3,89.31,29.0204
2023-10-24,27.2857,26.42,30.85,22.75,2.8,87.04,4.87,8.77,297,10,2023,8041.0,0,26.23,115.8,89.57,28.6735
2023-10-25,27.2857,26.99,30.95,23.75,1.8,86.33,6.01,16.52,298,10,2023,8041.0,0,26.25,106.3,89.17,28.3265
2023-10-26,27.2857,26.73,31.1,23.2,8.5,87.38,6.04,10.3,299,10,2023,8041.0,0,26.3,98.4,88.82,27.9796
2023-10-27,27.2857,26.5,28.95,24.1,12.3,89.55,5.88,13.34,300,10,2023,8041.0,0,26.39,93.3,88.66,27.6326
2023-10-28,27.2857,26.59,31.75,23.45,3.0,86.22,5.19,9.69,301,10,2023,8041.0,0,26.45,68.8,88.05,27.2857
2023-10-29,21.7143,26.4,32.65,22.9,5.2,87.08,5.17,9.5,302,10,2023,8041.0,0,26.55,62.6,87.54,26.4898
2023-10-30,21.7143,25.91,31.95,23.15,12.4,90.14,5.55,14.66,303,10,2023,8041.0,0,26.51,46.0,87.68,25.6939
2023-10-31,21.7143,25.84,31.55,22.75,17.2,90.13,4.84,15.65,304,10,2023,8041.0,0,26.42,60.4,88.12,24.898
2023-11-01,21.7143,26.54,31.75,22.9,12.5,87.57,5.03,9.22,305,11,2023,8041.0,1,26.36,71.1,88.3,24.102
2023-11-02,21.7143,27.3,31.95,23.8,1.3,84.07,6.12,10.39,306,11,2023,8041.0,1,26.44,63.9,87.82,23.3061
2023-11-03,21.7143,26.67,31.0,23.1,14.8,87.29,5.14,9.47,307,11,2023,8041.0,1,26.46,66.4,87.5,22.5102
2023-11-04,21.7143,26.8,31.4,24.1,7.1,88.46,5.44,9.57,308,11,2023,8041.0,1,26.49,70.5,87.82,21.7143
2023-11-05,22.2857,25.99,31.45,23.35,29.1,90.9,5.24,11.3,309,11,2023,8041.0,1,26.44,94.4,88.37,21.7959
2023-11-06,22.2857,25.91,30.2,23.35,36.0,91.15,4.24,8.77,310,11,2023,8041.0,1,26.44,118.0,88.51,21.8776
2023-11-07,22.2857,26.04,29.85,23.1,0.2,89.53,4.87,10.24,311,11,2023,8041.0,1,26.46,101.0,88.42,21.9592
2023-11-08,22.2857,26.53,30.95,23.2,10.3,86.67,5.76,8.35,312,11,2023,8041.0,1,26.46,98.8,88.3,22.0408
2023-11-09,22.2857,26.44,31.45,23.7,8.5,89.46,7.32,12.1,313,11,2023,8041.0,1,26.34,106.0,89.07,22.1224
2023-11-10,22.2857,26.87,30.95,23.2,7.4,87.2,6.4,12.25,314,11,2023,8041.0,1,26.37,98.6,89.05,22.2041
2023-11-11,22.2857,26.92,30.85,23.75,2.7,87.1,6.26,9.73,315,11,2023,8041.0,1,26.39,94.2,88.86,22.2857
2023-11-12,20.2857,26.76,31.65,22.85,16.8,86.43,5.57,9.69,316,11,2023,8041.0,1,26.5,81.9,88.22,22.0
2023-11-13,20.2857,25.61,29.7,23.85,10.6,93.94,5.99,15.16,317,11,2023,8041.0,1,26.45,56.5,88.62,21.7143
2023-11-14,20.2857,26.31,31.45,23.05,9.0,88.64,7.04,13.49,318,11,2023,8041.0,1,26.49,65.3,88.49,21.4286
2023-11-15,20.2857,26.1,31.25,23.6,28.1,91.15,7.02,15.82,319,11,2023,8041.0,1,26.43,83.1,89.13,21.1428
2023-11-16,20.2857,26.05,30.8,23.4,12.1,91.26,6.14,11.38,320,11,2023,8041.0,1,26.37,86.7,89.39,20.8571
2023-11-17,20.2857,26.58,31.55,23.45,9.9,88.12,8.21,13.45,321,11,2023,8041.0,1,26.33,89.2,89.52,20.5714
2023-11-18,20.2857,25.82,28.7,23.4,3.5,90.61,11.2,21.97,322,11,2023,8041.0,1,26.18,90.0,90.02,20.2857
2023-11-19,24.0,26.15,30.65,23.15,10.5,91.01,7.0,10.82,323,11,2023,8041.0,1,26.09,83.7,90.68,20.8163
2023-11-20,24.0,26.01,30.5,23.9,12.7,91.86,6.94,10.18,324,11,2023,8041.0,1,26.15,85.8,90.38,21.3469
2023-11-21,24.0,25.77,29.7,23.2,10.2,92.5,7.88,14.34,325,11,2023,8041.0,1,26.07,87.0,90.93,21.8775
2023-11-22,24.0,25.85,30.15,23.65,24.6,89.78,6.63,9.96,326,11,2023,8041.0,1,26.03,83.5,90.73,22.4082
2023-11-23,24.0,25.82,29.75,23.25,8.1,89.62,9.16,13.49,327,11,2023,8041.0,1,26.0,79.5,90.5,22.9388
2023-11-24,24.0,25.99,30.7,23.15,4.0,91.36,5.05,8.05,328,11,2023,8041.0,1,25.92,73.6,90.96,23.4694
2023-11-25,24.0,25.74,30.65,23.3,30.4,92.21,5.05,8.21,329,11,2023,8041.0,1,25.9,100.5,91.19,24.0
2023-11-26,20.2857,25.56,29.1,23.6,3.3,91.55,5.49,9.96,330,11,2023,8041.0,1,25.82,93.3,91.27,23.4694
2023-11-27,20.2857,25.93,30.2,23.15,2.9,90.89,7.54,14.8,331,11,2023,8041.0,1,25.81,83.5,91.13,22.9388
2023-11-28,20.2857,25.54,29.8,23.15,35.9,92.54,6.11,10.46,332,11,2023,8041.0,1,25.78,109.2,91.14,22.4082
2023-11-29,20.2857,25.84,30.65,23.55,35.1,91.31,6.84,12.02,333,11,2023,8041.0,1,25.77,119.7,91.35,21.8775
2023-11-30,20.2857,24.91,28.3,23.2,10.6,94.13,5.58,13.2,334,11,2023,8041.0,1,25.64,122.2,92.0,21.3469
2023-12-01,20.2857,25.82,30.5,22.8,13.7,90.57,5.22,12.31,335,12,2023,8041.0,1,25.62,131.9,91.89,20.8163
2023-12-02,20.2857,26.19,30.55,23.45,5.0,88.36,7.0,11.02,336,12,2023,8041.0,1,25.68,106.5,91.34,20.2857
2023-12-03,26.1429,26.39,29.7,23.95,2.2,89.44,6.05,8.22,337,12,2023,8041.0,1,25.8,105.4,91.03,21.1224
2023-12-04,26.1429,26.46,30.85,24.05,20.1,89.7,5.56,12.37,338,12,2023,8041.0,1,25.88,122.6,90.86,21.9592
2023-12-05,26.1429,25.6,29.05,23.4,13.2,92.41,5.85,13.1,339,12,2023,8041.0,1,25.89,99.9,90.85,22.7959
2023-12-06,26.1429,25.6,30.15,22.95,12.1,91.72,6.74,13.63,340,12,2023,8041.0,1,25.85,76.9,90.9,23.6327
2023-12-07,26.1429,26.15,30.6,22.9,7.6,89.26,8.53,15.23,341,12,2023,8041.0,1,26.03,73.9,90.21,24.4694
2023-12-08,26.1429,26.01,28.75,24.05,9.7,91.47,8.39,13.36,342,12,2023,8041.0,1,26.06,69.9,90.34,25.3062
2023-12-09,26.1429,26.12,29.65,23.6,1.8,89.4,8.2,15.23,343,12,2023,8041.0,1,26.05,66.7,90.49,26.1429
2023-12-10,30.1429,25.7,29.4,23.5,16.2,91.59,7.81,13.39,344,12,2023,8041.0,1,25.95,80.7,90.79,26.7143
2023-12-11,30.1429,25.25,29.0,23.65,9.6,92.8,7.34,9.79,345,12,2023,8041.0,1,25.78,70.2,91.24,27.2858
2023-12-12,30.1429,25.86,30.8,23.3,11.4,92.04,6.57,12.3,346,12,2023,8041.0,1,25.81,68.4,91.18,27.8572
2023-12-13,30.1429,25.39,30.4,22.95,27.2,93.11,6.45,10.3,347,12,2023,8041.0,1,25.78,83.5,91.38,28.4286
2023-12-14,30.1429,25.9,30.9,23.15,13.5,91.55,6.24,9.39,348,12,2023,8041.0,1,25.75,89.4,91.71,29.0
2023-12-15,30.1429,25.97,30.55,23.2,9.6,90.47,6.79,13.2,349,12,2023,8041.0,1,25.74,89.3,91.57,29.5715
2023-12-16,30.1429,26.1,30.7,23.7,17.7,89.93,8.59,17.07,350,12,2023,8041.0,1,25.74,105.2,91.64,30.1429
2023-12-17,33.7143,25.83,30.05,23.35,18.6,91.07,7.74,15.32,351,12,2023,8041.0,1,25.76,107.6,91.57,30.6531
2023-12-18,33.7143,25.58,29.95,23.3,14.0,92.33,7.61,12.76,352,12,2023,8041.0,1,25.8,112.0,91.5,31.1633
2023-12-19,33.7143,25.92,29.9,23.45,10.5,91.27,7.55,14.78,353,12,2023,8041.0,1,25.81,111.1,91.39,31.6735
2023-12-20,33.7143,25.66,29.1,23.55,19.9,90.73,9.51,17.06,354,12,2023,8041.0,1,25.85,103.8,91.05,32.1837
2023-12-21,33.7143,26.0,28.85,23.8,5.1,87.41,14.93,23.31,355,12,2023,8041.0,1,25.87,95.4,90.46,32.6939
2023-12-22,33.7143,26.05,29.1,24.6,14.7,86.96,10.4,16.99,356,12,2023,8041.0,1,25.88,100.5,89.96,33.2041
2023-12-23,33.7143,25.81,30.6,23.05,10.0,90.53,6.25,11.97,357,12,2023,8041.0,1,25.84,92.8,90.04,33.7143
2023-12-24,39.2857,26.0,29.35,23.25,5.0,89.15,9.29,14.97,358,12,2023,8041.0,1,25.86,79.2,89.77,34.5102
2023-12-25,39.2857,25.32,28.9,23.05,10.9,90.99,9.65,15.32,359,12,2023,8041.0,1,25.82,76.1,89.58,35.3061
2023-12-26,39.2857,25.04,27.1,23.2,10.5,93.41,10.75,17.6,360,12,2023,8041.0,1,25.7,76.1,89.88,36.102
2023-12-27,39.2857,25.95,30.05,23.5,14.5,91.37,7.3,12.48,361,12,2023,8041.0,1,25.74,70.7,89.97,36.898
2023-12-28,39.2857,26.0,30.05,23.5,19.0,91.65,7.84,15.04,362,12,2023,8041.0,1,25.74,84.6,90.58,37.6939
2023-12-29,39.2857,25.76,29.95,23.25,28.2,92.07,7.21,13.68,363,12,2023,8041.0,1,25.7,98.1,91.31,38.4898
2023-12-30,39.2857,25.55,28.7,23.6,25.2,91.74,9.17,15.46,364,12,2023,8041.0,1,25.66,113.3,91.48,39.2857
2023-12-31,43.5714,25.49,28.95,23.15,12.5,91.78,7.45,14.69,365,12,2023,8041.0,1,25.59,120.8,91.86,39.8979
2024-01-01,43.5714,25.85,29.8,23.3,25.8,90.84,8.51,15.78,1,1,2024,8041.0,1,25.66,135.7,91.84,40.5102
2024-01-02,43.5714,25.66,29.5,23.35,25.6,91.89,7.66,13.32,2,1,2024,8041.0,1,25.75,150.8,91.62,41.1224
2024-01-03,43.5714,24.95,27.5,23.25,16.2,92.16,8.82,16.04,3,1,2024,8041.0,1,25.61,152.5,91.73,41.7347
2024-01-04,43.5714,25.33,28.4,23.4,19.2,91.36,12.14,19.73,4,1,2024,8041.0,1,25.51,152.7,91.69,42.3469
2024-01-05,43.5714,25.52,28.8,23.1,34.8,91.5,7.52,13.55,5,1,2024,8041.0,1,25.48,159.3,91.61,42.9592
2024-01-06,43.5714,24.03,25.8,22.5,39.3,96.09,7.12,12.26,6,1,2024,8041.0,1,25.26,173.4,92.23,43.5714
2024-01-07,56.2857,25.6,30.0,22.4,4.9,90.4,9.62,17.83,7,1,2024,8041.0,1,25.28,165.8,92.03,45.3877
2024-01-08,56.2857,25.17,29.0,23.3,55.5,93.87,6.33,8.29,8,1,2024,8041.0,1,25.18,195.5,92.47,47.2041
2024-01-09,56.2857,25.15,28.1,23.45,18.6,92.64,9.15,15.7,9,1,2024,8041.0,1,25.11,188.5,92.57,49.0204
2024-01-10,56.2857,26.18,30.1,22.95,3.1,88.48,9.26,14.83,10,1,2024,8041.0,1,25.28,175.4,92.05,50.8367
2024-01-11,56.2857,24.87,27.8,23.15,29.3,92.48,9.24,14.4,11,1,2024,8041.0,1,25.22,185.5,92.21,52.653
2024-01-12,56.2857,25.71,29.75,23.2,7.8,90.16,7.43,15.38,12,1,2024,8041.0,1,25.24,158.5,92.02,54.4694
2024-01-13,56.2857,26.02,29.7,23.5,7.6,87.59,11.06,18.29,13,1,2024,8041.0,1,25.53,126.8,90.8,56.2857
2024-01-14,58.4286,25.67,29.3,23.5,18.0,90.36,10.57,17.03,14,1,2024,8041.0,1,25.54,139.9,90.8,56.5918
2024-01-15,58.4286,25.39,28.75,23.55,16.6,91.67,9.52,16.9,15,1,2024,8041.0,1,25.57,101.0,90.48,56.898
2024-01-16,58.4286,25.46,28.4,23.25,15.9,90.84,10.96,20.38,16,1,2024,8041.0,1,25.61,98.3,90.23,57.2041
2024-01-17,58.4286,25.49,29.0,23.4,20.5,90.71,10.07,18.79,17,1,2024,8041.0,1,25.52,115.7,90.54,57.5102
2024-01-18,58.4286,25.69,28.45,24.0,13.2,90.3,9.77,17.03,18,1,2024,8041.0,1,25.63,99.6,90.23,57.8163
2024-01-19,58.4286,24.24,26.35,23.3,40.7,95.18,6.65,10.59,19,1,2024,8041.0,1,25.42,132.5,90.95,58.1225
2024-01-20,58.4286,25.61,30.7,22.45,5.1,88.28,9.21,12.24,20,1,2024,8041.0,1,25.36,130.0,91.05,58.4286
2024-01-21,61.1429,26.39,31.2,23.15,2.2,85.09,7.93,11.17,21,1,2024,8041.0,1,25.47,114.2,90.3,58.8164
2024-01-22,61.1429,25.9,30.0,23.55,16.4,91.38,7.52,11.18,22,1,2024,8041.0,1,25.54,114.0,90.25,59.2041
2024-01-23,61.1429,25.48,29.1,23.7,38.9,92.39,7.82,11.18,23,1,2024,8041.0,1,25.54,137.0,90.48,59.5919
2024-01-24,61.1429,25.28,29.15,22.6,31.0,92.19,9.35,12.9,24,1,2024,8041.0,1,25.51,147.5,90.69,59.9796
2024-01-25,61.1429,26.03,30.05,23.7,24.0,88.38,13.14,20.59,25,1,2024,8041.0,1,25.56,158.3,90.41,60.3674
2024-01-26,61.1429,26.39,29.85,23.7,2.6,84.89,15.01,22.26,26,1,2024,8041.0,1,25.87,120.2,88.94,60.7551
2024-01-27,61.1429,26.19,29.65,23.15,2.7,85.82,14.15,20.97,27,1,2024,8041.0,1,25.95,117.8,88.59,61.1429
2024-01-28,69.2857,26.14,29.7,23.25,3.5,84.81,13.03,17.67,28,1,2024,8041.0,1,25.92,119.1,88.55,62.3062
2024-01-29,69.2857,25.97,29.9,22.55,3.0,85.2,10.41,16.06,29,1,2024,8041.0,1,25.93,105.7,87.67,63.4694
2024-01-30,69.2857,26.31,30.35,22.7,4.6,85.97,10.13,15.91,30,1,2024,8041.0,1,26.04,71.4,86.75,64.6327
2024-01-31,69.2857,26.48,29.7,23.9,10.4,86.83,9.86,16.12,31,1,2024,8041.0,1,26.22,50.8,85.99,65.7959
2024-02-01,69.2857,26.41,30.2,23.15,9.2,88.04,8.15,14.71,32,2,2024,8041.0,0,26.27,36.0,85.94,66.9592
2024-02-02,69.2857,26.57,31.25,23.8,7.6,88.4,9.12,14.84,33,2,2024,8041.0,0,26.3,41.0,86.44,68.1224
2024-02-03,69.2857,26.65,31.95,22.4,0.3,84.45,9.22,15.75,34,2,2024,8041.0,0,26.36,38.6,86.24,69.2857
2024-02-04,73.4286,26.47,31.3,22.75,2.8,85.88,9.13,15.68,35,2,2024,8041.0,0,26.41,37.9,86.4,69.8775
2024-02-05,73.4286,26.53,32.05,22.4,5.4,86.36,8.42,17.46,36,2,2024,8041.0,0,26.49,40.3,86.56,70.4694
2024-02-06,73.4286,26.58,30.65,23.6,6.6,87.72,8.9,14.99,37,2,2024,8041.0,0,26.53,42.3,86.81,71.0612
2024-02-07,73.4286,26.47,31.05,23.2,3.2,88.87,6.47,9.83,38,2,2024,8041.0,0,26.53,35.1,87.1,71.6531
2024-02-08,73.4286,26.5,31.0,24.3,10.0,88.45,8.8,14.24,39,2,2024,8041.0,0,26.54,35.9,87.16,72.2449
2024-02-09,73.4286,25.96,31.15,22.4,14.6,83.57,12.12,20.02,40,2,2024,8041.0,0,26.45,42.9,86.47,72.8368
2024-02-10,73.4286,26.28,30.8,22.5,0.8,81.43,14.26,24.16,41,2,2024,8041.0,0,26.4,43.4,86.04,73.4286
2024-02-11,60.8571,25.56,27.2,24.05,21.9,86.38,14.52,20.81,42,2,2024,8041.0,0,26.27,62.5,86.11,71.6327
2024-02-12,60.8571,25.91,28.9,23.75,15.1,86.71,15.61,23.19,43,2,2024,8041.0,0,26.18,72.2,86.16,69.8367
2024-02-13,60.8571,26.94,30.6,24.15,0.8,83.73,13.34,22.45,44,2,2024,8041.0,0,26.23,66.4,85.59,68.0408
2024-02-14,60.8571,26.29,29.25,23.9,20.2,86.2,11.87,20.27,45,2,2024,8041.0,0,26.21,83.4,85.21,66.2449
2024-02-15,60.8571,26.35,29.4,24.2,4.5,85.26,12.85,22.97,46,2,2024,8041.0,0,26.18,77.9,84.75,64.449
2024-02-16,60.8571,26.13,29.45,23.35,2.6,85.66,11.53,19.01,47,2,2024,8041.0,0,26.21,65.9,85.05,62.653
2024-02-17,60.8571,26.93,30.95,23.7,3.2,83.43,9.65,13.83,48,2,2024,8041.0,0,26.3,68.3,85.34,60.8571
2024-02-18,65.5714,27.05,30.75,23.75,10.3,84.42,9.88,14.62,49,2,2024,8041.0,0,26.51,56.7,85.06,61.5306
2024-02-19,65.5714,27.12,31.25,23.55,3.9,86.33,8.62,12.9,50,2,2024,8041.0,0,26.69,45.5,85.0,62.204
2024-02-20,65.5714,26.77,31.35,23.65,3.0,88.35,6.39,10.18,51,2,2024,8041.0,0,26.66,47.7,85.66,62.8775
2024-02-21,65.5714,27.04,31.5,24.15,2.9,87.73,5.41,8.89,52,2,2024,8041.0,0,26.77,30.4,85.88,63.551
2024-02-22,65.5714,27.19,31.1,24.25,7.6,85.17,9.76,14.58,53,2,2024,8041.0,0,26.89,33.5,85.87,64.2245
2024-02-23,65.5714,26.95,31.45,23.2,1.1,82.78,9.71,14.49,54,2,2024,8041.0,0,27.01,32.0,85.46,64.8979
2024-02-24,65.5714,27.11,31.65,22.8,0.5,80.67,10.99,15.99,55,2,2024,8041.0,0,27.03,29.3,85.06,65.5714
2024-02-25,52.5714,27.41,31.1,24.35,0.4,80.98,14.49,21.2,56,2,2024,8041.0,0,27.08,19.4,84.57,63.7143
2024-02-26,52.5714,26.23,28.4,24.0,10.5,85.16,11.47,16.52,57,2,2024,8041.0,0,26.96,26.0,84.41,61.8571
2024-02-27,52.5714,27.5,31.75,24.6,0.0,75.79,13.26,20.5,58,2,2024,8041.0,0,27.06,23.0,82.61,60.0
2024-02-28,52.5714,27.51,32.3,23.35,0.4,77.26,12.46,18.36,59,2,2024,8041.0,0,27.13,20.5,81.12,58.1428
2024-02-29,52.5714,27.43,31.85,24.7,12.9,83.36,10.35,16.17,60,2,2024,8041.0,0,27.16,25.8,80.86,56.2857
2024-03-01,52.5714,27.0,31.75,23.9,4.3,85.06,11.29,20.47,61,3,2024,8041.0,0,27.17,29.0,81.18,54.4285
2024-03-02,52.5714,26.15,30.15,23.6,19.1,89.59,10.41,18.08,62,3,2024,8041.0,0,27.03,47.6,82.46,52.5714
2024-03-03,52.1429,26.83,30.65,23.85,11.2,87.84,7.54,13.4,63,3,2024,8041.0,0,26.95,58.4,83.44,52.5102
2024-03-04,52.1429,26.14,30.45,23.7,23.0,91.48,6.39,11.72,64,3,2024,8041.0,0,26.94,70.9,84.34,52.449
2024-03-05,52.1429,26.73,31.05,23.2,2.3,89.1,5.3,7.65,65,3,2024,8041.0,0,26.83,73.2,86.24,52.3878
2024-03-06,52.1429,26.82,30.95,24.5,45.7,90.33,5.59,10.03,66,3,2024,8041.0,0,26.73,118.5,88.11,52.3265
2024-03-07,52.1429,26.03,29.65,23.05,23.0,91.87,5.96,14.2,67,3,2024,8041.0,0,26.53,128.6,89.32,52.2653
2024-03-08,52.1429,27.15,31.35,23.8,0.1,82.73,7.34,11.89,68,3,2024,8041.0,0,26.55,124.4,88.99,52.2041
2024-03-09,52.1429,26.52,29.95,23.9,8.9,87.32,9.59,15.0,69,3,2024,8041.0,0,26.6,114.2,88.67,52.1429
2024-03-10,47.0,27.19,31.5,23.95,0.0,78.46,10.32,15.68,70,3,2024,8041.0,0,26.65,103.0,87.33,51.4082
2024-03-11,47.0,27.09,30.65,24.3,1.1,82.56,9.69,16.1,71,3,2024,8041.0,0,26.79,81.1,86.05,50.6735
2024-03-12,47.0,27.11,31.6,23.4,0.1,80.44,11.84,16.56,72,3,2024,8041.0,0,26.84,78.9,84.82,49.9388
2024-03-13,47.0,27.08,32.2,23.1,0.0,82.48,11.63,16.18,73,3,2024,8041.0,0,26.88,33.2,83.69,49.2041
2024-03-14,47.0,26.75,31.55,21.8,0.1,82.14,10.08,14.8,74,3,2024,8041.0,0,26.98,10.3,82.3,48.4694
2024-03-15,47.0,27.29,32.2,23.2,0.0,80.58,10.11,12.72,75,3,2024,8041.0,0,27.0,10.2,82.0,47.7347
2024-03-16,47.0,27.48,31.75,23.3,0.8,80.78,10.99,15.55,76,3,2024,8041.0,0,27.14,2.1,81.06,47.0
2024-03-17,45.5714,27.51,32.0,22.65,1.6,80.83,9.88,14.4,77,3,2024,8041.0,0,27.19,3.7,81.4,46.7959
2024-03-18,45.5714,27.93,32.2,24.5,1.4,79.54,10.43,14.88,78,3,2024,8041.0,0,27.31,4.0,80.97,46.5918
2024-03-19,45.5714,27.24,31.8,24.75,12.4,82.25,11.8,19.34,79,3,2024,8041.0,0,27.33,16.3,81.23,46.3877
2024-03-20,45.5714,27.1,30.65,23.95,8.8,80.77,11.14,17.83,80,3,2024,8041.0,0,27.33,25.1,80.98,46.1837
2024-03-21,45.5714,27.46,31.55,23.8,1.5,79.03,10.39,15.19,81,3,2024,8041.0,0,27.43,26.5,80.54,45.9796
2024-03-22,45.5714,27.92,33.4,22.95,2.3,76.56,7.89,10.97,82,3,2024,8041.0,0,27.52,28.8,79.97,45.7755
2024-03-23,45.5714,28.36,34.15,24.05,4.5,77.89,8.71,13.8,83,3,2024,8041.0,0,27.65,32.5,79.55,45.5714
2024-03-24,49.5714,28.51,33.65,24.2,1.9,78.33,8.45,11.89,84,3,2024,8041.0,0,27.79,32.8,79.2,46.1428
2024-03-25,49.5714,28.8,33.85,24.65,0.1,77.09,10.42,16.42,85,3,2024,8041.0,0,27.91,31.5,78.85,46.7143
2024-03-26,49.5714,28.31,33.2,23.45,1.3,78.81,8.53,12.98,86,3,2024,8041.0,0,28.07,20.4,78.35,47.2857
2024-03-27,49.5714,28.5,33.75,24.2,2.4,78.68,8.84,13.98,87,3,2024,8041.0,0,28.27,14.0,78.06,47.8571
2024-03-28,49.5714,28.41,32.85,24.8,4.0,78.7,10.82,16.1,88,3,2024,8041.0,0,28.4,16.5,78.01,48.4285
2024-03-29,49.5714,27.96,32.0,24.75,34.2,81.08,8.07,17.31,89,3,2024,8041.0,0,28.41,48.4,78.65,49.0
2024-03-30,49.5714,28.12,33.2,24.85,13.8,83.53,4.62,9.96,90,3,2024,8041.0,0,28.37,57.7,79.46,49.5714
2024-03-31,59.1429,27.49,31.8,24.7,22.5,87.5,5.33,10.85,91,3,2024,8041.0,0,28.23,78.3,80.77,50.9388
2024-04-01,59.1429,27.85,31.65,23.85,5.1,86.7,5.04,9.39,92,4,2024,8041.0,0,28.09,83.3,82.14,52.3061
2024-04-02,59.1429,27.63,32.2,24.55,5.9,87.51,4.86,10.11,93,4,2024,8041.0,0,27.99,87.9,83.39,53.6735
2024-04-03,59.1429,27.13,31.8,23.95,9.7,89.39,4.72,13.08,94,4,2024,8041.0,0,27.8,95.2,84.92,55.0408
2024-04-04,59.1429,27.87,32.5,23.9,6.1,85.36,5.46,9.35,95,4,2024,8041.0,0,27.72,97.3,85.87,56.4082
2024-04-05,59.1429,28.25,33.15,23.35,0.4,80.77,5.86,10.16,96,4,2024,8041.0,0,27.76,63.5,85.82,57.7755
2024-04-06,59.1429,27.99,32.8,24.65,5.5,84.48,5.98,9.67,97,4,2024,8041.0,0,27.74,55.2,85.96,59.1429
2024-04-07,43.5714,27.38,31.85,24.45,20.5,87.76,5.21,11.77,98,4,2024,8041.0,0,27.73,53.2,86.0,56.9184
2024-04-08,43.5714,27.83,32.3,24.2,3.2,86.35,5.36,11.46,99,4,2024,8041.0,0,27.73,51.3,85.95,54.6939
2024-04-09,43.5714,26.41,29.55,24.0,15.0,91.56,6.34,12.24,100,4,2024,8041.0,0,27.55,60.4,86.52,52.4694
2024-04-10,43.5714,26.85,30.5,24.35,4.7,87.47,9.31,17.21,101,4,2024,8041.0,0,27.51,55.4,86.25,50.2449
2024-04-11,43.5714,25.05,26.15,23.75,29.7,94.66,7.59,12.77,102,4,2024,8041.0,0,27.11,79.0,87.58,48.0204
2024-04-12,43.5714,26.76,31.0,23.5,21.3,89.1,7.4,13.28,103,4,2024,8041.0,0,26.9,99.9,88.77,45.7959
2024-04-13,43.5714,26.5,29.75,24.35,20.2,91.37,5.55,9.69,104,4,2024,8041.0,0,26.68,114.6,89.75,43.5714
2024-04-14,48.5714,26.44,29.5,24.25,4.5,91.87,6.39,10.8,105,4,2024,8041.0,0,26.55,98.6,90.34,44.2857
2024-04-15,48.5714,26.31,30.15,24.65,21.8,92.24,5.03,8.4,106,4,2024,8041.0,0,26.33,117.2,91.18,45.0
2024-04-16,48.5714,26.45,30.2,23.85,19.3,92.71,4.74,10.95,107,4,2024,8041.0,0,26.34,121.5,91.35,45.7143
2024-04-17,48.5714,26.54,30.6,23.25,13.8,90.93,3.41,8.29,108,4,2024,8041.0,0,26.29,130.6,91.84,46.4285
2024-04-18,48.5714,26.69,31.0,23.9,16.1,91.93,4.26,6.92,109,4,2024,8041.0,0,26.53,117.0,91.45,47.1428
2024-04-19,48.5714,26.43,30.25,24.3,16.0,93.06,5.01,10.23,110,4,2024,8041.0,0,26.48,111.7,92.02,47.8571
2024-04-20,48.5714,26.92,31.4,23.75,14.5,90.44,5.52,9.98,111,4,2024,8041.0,0,26.54,106.0,91.88,48.5714
2024-04-21,47.8571,27.37,31.45,24.3,7.3,89.71,4.96,10.93,112,4,2024,8041.0,0,26.67,108.8,91.57,48.4694
2024-04-22,47.8571,28.02,32.3,24.2,7.3,88.06,4.92,10.08,113,4,2024,8041.0,0,26.92,94.3,90.98,48.3673
2024-04-23,47.8571,27.43,31.2,23.5,9.1,87.77,6.51,12.57,114,4,2024,8041.0,0,27.06,84.1,90.27,48.2653
2024-04-24,47.8571,27.97,31.65,25.25,6.5,89.27,5.19,8.71,115,4,2024,8041.0,0,27.26,76.8,90.03,48.1632
2024-04-25,47.8571,27.79,32.6,24.45,5.7,87.77,5.27,14.21,116,4,2024,8041.0,0,27.42,66.4,89.44,48.0612
2024-04-26,47.8571,27.66,31.65,24.3,9.6,88.71,3.92,9.9,117,4,2024,8041.0,0,27.59,60.0,88.82,47.9591
2024-04-27,47.8571,27.75,31.0,25.05,6.9,88.64,7.76,15.19,118,4,2024,8041.0,0,27.71,52.4,88.56,47.8571
2024-04-28,35.2857,28.3,31.75,24.7,0.7,85.48,6.5,10.93,119,4,2024,8041.0,0,27.85,45.8,87.96,46.0612
2024-04-29,35.2857,28.4,31.6,25.55,1.1,86.66,6.94,13.32,120,4,2024,8041.0,0,27.9,39.6,87.76,44.2653
2024-04-30,35.2857,27.81,31.6,24.85,22.9,89.69,5.62,13.68,121,4,2024,8041.0,0,27.95,53.4,88.03,42.4694
2024-05-01,35.2857,27.26,31.1,24.25,12.2,90.39,3.94,11.54,122,5,2024,8041.0,1,27.85,59.1,88.19,40.6734
2024-05-02,35.2857,27.85,32.2,25.15,9.6,87.85,5.24,9.72,123,5,2024,8041.0,1,27.86,63.0,88.2,38.8775
2024-05-03,35.2857,25.18,27.0,23.5,76.0,96.57,5.98,11.46,124,5,2024,8041.0,1,27.51,129.4,89.33,37.0816
2024-05-04,35.2857,27.91,30.6,25.15,4.5,84.66,7.57,14.06,125,5,2024,8041.0,1,27.53,127.0,88.76,35.2857
2024-05-05,46.1429,28.53,32.25,25.5,1.6,83.78,6.75,12.92,126,5,2024,8041.0,1,27.56,127.9,88.51,36.8367
2024-05-06,46.1429,27.19,29.95,24.8,27.3,90.07,5.19,10.83,127,5,2024,8041.0,1,27.39,154.1,89.0,38.3878
2024-05-07,46.1429,26.63,30.5,23.85,2.7,89.39,4.42,8.89,128,5,2024,8041.0,1,27.22,133.9,88.96,39.9388
2024-05-08,46.1429,28.43,32.05,25.15,0.1,80.92,5.83,10.95,129,5,2024,8041.0,1,27.39,121.8,87.61,41.4898
2024-05-09,46.1429,27.93,30.75,25.75,9.7,86.31,6.85,13.9,130,5,2024,8041.0,1,27.4,121.9,87.39,43.0408
2024-05-10,46.1429,28.03,32.35,24.05,3.6,84.53,8.02,14.15,131,5,2024,8041.0,1,27.81,49.5,85.67,44.5919
2024-05-11,46.1429,27.96,31.65,25.15,9.0,86.69,4.69,8.56,132,5,2024,8041.0,1,27.81,54.0,85.96,46.1429
2024-05-12,41.5714,27.65,32.4,23.7,6.6,85.6,4.26,11.75,133,5,2024,8041.0,1,27.69,59.0,86.22,45.4898
2024-05-13,41.5714,27.55,33.05,23.55,7.8,84.05,5.67,13.32,134,5,2024,8041.0,1,27.74,39.5,85.36,44.8368
2024-05-14,41.5714,28.36,32.05,25.1,0.6,84.68,5.81,9.9,135,5,2024,8041.0,1,27.99,37.4,84.68,44.1837
2024-05-15,41.5714,26.97,30.4,25.1,24.7,90.91,7.36,14.58,136,5,2024,8041.0,1,27.78,62.0,86.11,43.5306
2024-05-16,41.5714,27.71,30.75,24.5,6.2,87.78,6.63,13.0,137,5,2024,8041.0,1,27.75,58.5,86.32,42.8775
2024-05-17,41.5714,27.3,30.85,25.3,17.5,89.5,6.31,16.58,138,5,2024,8041.0,1,27.64,72.4,87.03,42.2245
2024-05-18,41.5714,27.33,29.95,25.05,22.4,89.12,8.01,12.98,139,5,2024,8041.0,1,27.55,85.8,87.38,41.5714
2024-05-19,41.0,27.0,30.05,25.0,10.6,90.14,7.2,10.66,140,5,2024,8041.0,1,27.46,89.8,88.03,41.4898
2024-05-20,41.0,27.22,30.45,24.9,14.8,89.76,7.01,13.08,141,5,2024,8041.0,1,27.41,96.8,88.84,41.4081
2024-05-21,41.0,27.08,30.8,23.95,33.9,91.05,4.62,11.38,142,5,2024,8041.0,1,27.23,130.1,89.75,41.3265
2024-05-22,41.0,26.92,30.7,23.95,22.5,90.93,4.21,9.18,143,5,2024,8041.0,1,27.22,127.9,89.75,41.2449
2024-05-23,41.0,26.57,29.9,24.35,4.0,91.81,5.0,9.22,144,5,2024,8041.0,1,27.06,125.7,90.33,41.1633
2024-05-24,41.0,26.82,30.3,24.1,7.9,91.83,5.09,10.82,145,5,2024,8041.0,1,26.99,116.1,90.66,41.0816
2024-05-25,41.0,27.58,31.05,24.3,2.0,89.04,5.42,9.83,146,5,2024,8041.0,1,27.03,95.7,90.65,41.0
2024-05-26,44.5714,28.08,30.5,26.3,15.2,88.67,7.36,13.36,147,5,2024,8041.0,1,27.18,100.3,90.44,41.5102
2024-05-27,44.5714,28.06,31.5,24.95,24.2,87.99,8.09,16.99,148,5,2024,8041.0,1,27.3,109.7,90.19,42.0204
2024-05-28,44.5714,27.81,31.55,25.1,15.5,88.4,6.78,14.58,149,5,2024,8041.0,1,27.41,91.3,89.81,42.5306
2024-05-29,44.5714,28.05,30.85,25.55,3.2,87.01,9.61,16.58,150,5,2024,8041.0,1,27.57,72.0,89.25,43.0408
2024-05-30,44.5714,27.38,29.7,25.4,11.9,90.3,6.83,12.02,151,5,2024,8041.0,1,27.68,79.9,89.03,43.551
2024-05-31,44.5714,25.69,27.9,23.7,33.1,92.27,6.24,14.18,152,5,2024,8041.0,1,27.52,105.1,89.1,44.0612
2024-06-01,44.5714,26.41,29.7,23.75,10.8,87.43,6.05,10.45,153,6,2024,8041.0,1,27.35,113.9,88.87,44.5714
2024-06-02,47.4286,26.18,30.4,23.85,26.6,93.32,5.01,14.76,154,6,2024,8041.0,1,27.08,125.3,89.53,44.9796
2024-06-03,47.4286,27.0,30.5,23.4,12.9,89.12,5.83,9.83,155,6,2024,8041.0,1,26.93,114.0,89.69,45.3877
2024-06-04,47.4286,28.01,31.3,24.75,3.0,85.02,7.71,11.18,156,6,2024,8041.0,1,26.96,101.5,89.21,45.7959
2024-06-05,47.4286,27.82,31.2,24.55,3.4,85.75,5.62,9.75,157,6,2024,8041.0,1,26.93,101.7,89.03,46.2041
2024-06-06,47.4286,27.03,30.9,24.1,7.9,88.62,4.52,7.7,158,6,2024,8041.0,1,26.88,97.7,88.79,46.6123
2024-06-07,47.4286,26.89,30.0,25.05,30.9,88.96,5.8,9.29,159,6,2024,8041.0,1,27.05,95.5,88.32,47.0204
2024-06-08,47.4286,27.27,30.45,24.55,2.4,87.43,6.81,9.45,160,6,2024,8041.0,1,27.17,87.1,88.32,47.4286
2024-06-09,43.2857,27.46,30.6,24.7,8.3,86.74,6.14,10.0,161,6,2024,8041.0,1,27.35,68.8,87.38,46.8368
2024-06-10,43.2857,27.87,31.95,23.6,1.2,83.33,4.73,7.49,162,6,2024,8041.0,1,27.48,57.1,86.55,46.2449
2024-06-11,43.2857,26.93,30.2,23.65,15.0,89.68,3.72,9.02,163,6,2024,8041.0,1,27.32,69.1,87.22,45.6531
2024-06-12,43.2857,27.13,31.7,23.8,10.3,87.79,3.91,9.11,164,6,2024,8041.0,1,27.23,76.0,87.51,45.0612
2024-06-13,43.2857,26.51,30.7,23.75,8.3,90.67,5.18,10.5,165,6,2024,8041.0,1,27.15,76.4,87.8,44.4694
2024-06-14,43.2857,26.99,30.6,24.1,3.3,88.76,6.37,11.44,166,6,2024,8041.0,1,27.17,48.8,87.77,43.8775
2024-06-15,43.2857,27.27,30.1,24.65,0.3,87.15,6.63,11.66,167,6,2024,8041.0,1,27.17,46.7,87.73,43.2857
2024-06-16,42.2857,26.57,30.3,24.4,8.5,88.73,8.32,17.32,168,6,2024,8041.0,1,27.04,46.9,88.02,43.1428
2024-06-17,42.2857,26.18,29.3,23.95,19.9,90.86,6.37,12.96,169,6,2024,8041.0,1,26.8,65.6,89.09,43.0
2024-06-18,42.2857,26.83,29.6,24.1,1.6,87.66,8.06,15.12,170,6,2024,8041.0,1,26.78,52.2,88.8,42.8571
2024-06-19,42.2857,26.87,30.25,24.4,5.1,86.63,7.62,12.23,171,6,2024,8041.0,1,26.75,47.0,88.64,42.7143
2024-06-20,42.2857,25.77,27.2,23.75,12.7,90.08,8.45,13.71,172,6,2024,8041.0,1,26.64,51.4,88.55,42.5714
2024-06-21,42.2857,25.28,26.9,23.9,23.8,88.86,9.07,17.07,173,6,2024,8041.0,1,26.4,71.9,88.57,42.4286
2024-06-22,42.2857,27.2,29.65,25.0,1.6,83.88,8.55,15.63,174,6,2024,8041.0,1,26.39,73.2,88.1,42.2857
2024-06-23,41.5714,27.59,30.35,24.3,2.6,82.58,9.5,14.8,175,6,2024,8041.0,1,26.53,67.3,87.22,42.1837
2024-06-24,41.5714,27.9,31.3,25.35,0.4,83.33,8.11,12.48,176,6,2024,8041.0,1,26.78,47.8,86.15,42.0816
2024-06-25,41.5714,27.71,31.4,24.7,5.7,84.12,8.01,13.38,177,6,2024,8041.0,1,26.9,51.9,85.64,41.9796
2024-06-26,41.5714,26.04,30.5,23.7,24.2,92.18,5.54,12.5,178,6,2024,8041.0,1,26.78,71.0,86.43,41.8775
2024-06-27,41.5714,26.93,31.1,23.85,4.6,87.3,4.67,8.4,179,6,2024,8041.0,1,26.95,62.9,86.04,41.7755
2024-06-28,41.5714,26.47,30.0,23.45,13.3,88.88,6.08,11.53,180,6,2024,8041.0,1,27.12,52.4,86.04,41.6734
2024-06-29,41.5714,25.59,27.65,23.35,31.1,90.28,6.88,13.36,181,6,2024,8041.0,1,26.89,81.9,86.95,41.5714
2024-06-30,46.7143,26.14,29.7,23.1,0.2,87.73,5.6,9.73,182,6,2024,8041.0,1,26.68,79.5,87.69,42.3061
2024-07-01,46.7143,26.49,29.9,24.05,7.5,89.24,5.98,11.21,183,7,2024,8041.0,1,26.48,86.6,88.53,43.0408
2024-07-02,46.7143,27.62,29.9,25.15,12.9,85.96,9.96,14.83,184,7,2024,8041.0,1,26.47,93.8,88.8,43.7755
2024-07-03,46.7143,28.25,31.3,26.15,0.3,81.25,10.62,15.91,185,7,2024,8041.0,1,26.78,69.9,87.23,44.5102
2024-07-04,46.7143,26.78,30.45,24.35,11.6,89.39,5.63,7.86,186,7,2024,8041.0,1,26.76,76.9,87.53,45.2449
2024-07-05,46.7143,26.57,30.65,23.3,0.7,87.64,5.5,9.03,187,7,2024,8041.0,1,26.78,64.3,87.36,45.9796
2024-07-06,46.7143,26.48,29.9,23.65,13.8,87.76,5.0,7.77,188,7,2024,8041.0,1,26.9,47.0,87.0,46.7143
2024-07-07,41.5714,25.81,28.35,23.9,12.7,91.0,5.87,12.18,189,7,2024,8041.0,1,26.86,59.5,87.46,45.9796
2024-07-08,41.5714,26.42,29.45,24.05,6.1,86.59,8.24,12.43,190,7,2024,8041.0,1,26.85,58.1,87.08,45.2449
2024-07-09,41.5714,25.94,29.3,23.7,9.4,90.21,6.32,14.28,191,7,2024,8041.0,1,26.61,54.6,87.69,44.5102
2024-07-10,41.5714,26.97,30.05,23.85,2.0,83.5,10.59,19.56,192,7,2024,8041.0,1,26.42,56.3,88.01,43.7755
2024-07-11,41.5714,27.06,29.3,24.6,5.2,84.33,6.63,10.39,193,7,2024,8041.0,1,26.46,49.9,87.29,43.0408
2024-07-12,41.5714,26.81,29.75,23.65,3.3,85.88,9.74,16.68,194,7,2024,8041.0,1,26.5,52.5,87.04,42.3061
2024-07-13,41.5714,27.16,30.55,25.2,4.0,81.33,9.34,15.16,195,7,2024,8041.0,1,26.6,42.7,86.12,41.5714
2024-07-14,33.7143,27.56,30.25,24.6,0.8,79.34,11.14,16.98,196,7,2024,8041.0,1,26.85,30.8,84.45,40.449
2024-07-15,33.7143,27.72,30.35,25.95,0.7,78.77,11.58,16.95,197,7,2024,8041.0,1,27.03,25.4,83.34,39.3265
2024-07-16,33.7143,27.79,29.85,25.95,0.8,82.0,11.26,18.13,198,7,2024,8041.0,1,27.3,16.8,82.16,38.2041
2024-07-17,33.7143,28.11,30.8,26.1,0.3,80.9,12.87,20.19,199,7,2024,8041.0,1,27.46,15.1,81.79,37.0816
2024-07-18,33.7143,27.63,29.4,26.05,1.5,82.48,11.57,16.6,200,7,2024,8041.0,1,27.54,11.4,81.53,35.9592
2024-07-19,33.7143,28.22,30.55,26.15,0.3,81.61,12.86,20.67,201,7,2024,8041.0,1,27.74,8.4,80.92,34.8367
2024-07-20,33.7143,28.24,30.45,26.5,1.3,79.88,12.37,20.95,202,7,2024,8041.0,1,27.9,5.7,80.71,33.7143
2024-07-21,44.1429,28.36,30.65,26.75,0.5,81.03,11.97,16.85,203,7,2024,8041.0,1,28.01,5.4,80.95,35.2041
2024-07-22,44.1429,28.33,31.2,25.6,6.2,82.78,11.41,15.58,204,7,2024,8041.0,1,28.1,10.9,81.53,36.6939
2024-07-23,44.1429,28.33,30.9,26.0,1.4,81.33,11.44,18.42,205,7,2024,8041.0,1,28.17,11.5,81.43,38.1837
2024-07-24,44.1429,28.23,31.0,26.1,0.5,77.68,12.48,19.92,206,7,2024,8041.0,1,28.19,11.7,80.97,39.6735
2024-07-25,44.1429,28.48,31.25,26.35,0.5,77.0,14.7,21.32,207,7,2024,8041.0,1,28.31,10.7,80.19,41.1633
2024-07-26,44.1429,28.72,31.7,26.6,0.2,76.11,14.52,20.62,208,7,2024,8041.0,1,28.38,10.6,79.4,42.6531
2024-07-27,44.1429,28.83,31.85,26.45,0.2,75.0,15.13,20.7,209,7,2024,8041.0,1,28.47,9.5,78.7,44.1429
2024-07-28,39.1429,28.15,31.55,26.25,7.7,78.15,9.56,15.11,210,7,2024,8041.0,1,28.44,16.7,78.29,43.4286
2024-07-29,39.1429,28.39,31.85,25.3,6.1,79.08,9.93,14.33,211,7,2024,8041.0,1,28.45,16.6,77.76,42.7143
2024-07-30,39.1429,27.34,30.25,24.5,16.4,83.26,7.3,15.83,212,7,2024,8041.0,1,28.31,31.6,78.04,42.0
2024-07-31,39.1429,26.69,31.2,22.65,1.2,85.73,7.89,17.3,213,7,2024,8041.0,1,28.09,32.3,79.19,41.2858
2024-08-01,39.1429,27.29,30.45,23.9,8.8,84.18,7.99,16.52,214,8,2024,8041.0,0,27.92,40.6,80.22,40.5715
2024-08-02,39.1429,27.37,30.6,23.85,14.2,82.9,9.53,14.33,215,8,2024,8041.0,0,27.72,54.6,81.19,39.8572
2024-08-03,39.1429,26.4,30.1,23.8,16.6,86.63,8.54,18.33,216,8,2024,8041.0,0,27.38,71.0,82.85,39.1429
2024-08-04,31.1429,26.44,30.3,22.8,12.7,84.21,7.56,13.55,217,8,2024,8041.0,0,27.13,76.0,83.71,38.0
2024-08-05,31.1429,27.46,30.25,24.25,4.6,79.21,10.02,15.26,218,8,2024,8041.0,0,27.0,74.5,83.73,36.8572
2024-08-06,31.1429,27.24,30.4,24.4,3.1,80.92,9.29,18.67,219,8,2024,8041.0,0,26.98,61.2,83.4,35.7143
2024-08-07,31.1429,28.12,31.45,24.8,1.4,78.65,9.39,13.58,220,8,2024,8041.0,0,27.19,61.4,82.39,34.5715
2024-08-08,31.1429,27.19,29.25,25.15,6.3,84.06,10.41,18.37,221,8,2024,8041.0,0,27.17,58.9,82.37,33.4286
2024-08-09,31.1429,25.97,28.85,23.35,12.1,90.01,5.99,13.91,222,8,2024,8041.0,0,26.97,56.8,83.38,32.2858
2024-08-10,31.1429,26.29,28.6,24.7,5.3,89.15,7.84,12.1,223,8,2024,8041.0,0,26.96,45.5,83.74,31.1429
2024-08-11,30.7143,27.01,29.7,25.2,17.1,84.02,8.8,12.68,224,8,2024,8041.0,0,27.04,49.9,83.72,31.0817
2024-08-12,30.7143,27.74,30.6,25.5,1.7,79.65,11.92,19.8,225,8,2024,8041.0,0,27.08,47.0,83.78,31.0204
2024-08-13,30.7143,26.38,28.55,24.2,26.9,87.51,8.76,16.78,226,8,2024,8041.0,0,26.96,70.8,84.72,30.9592
2024-08-14,30.7143,26.47,29.65,23.6,21.3,89.26,7.13,14.84,227,8,2024,8041.0,0,26.72,90.7,86.24,30.898
2024-08-15,30.7143,26.69,29.0,24.05,17.8,86.39,8.31,15.04,228,8,2024,8041.0,0,26.65,102.2,86.57,30.8368
2024-08-16,30.7143,27.23,30.25,25.25,9.3,84.89,8.46,15.79,229,8,2024,8041.0,0,26.83,99.4,85.84,30.7755
2024-08-17,30.7143,27.0,30.1,24.4,5.6,85.21,8.85,13.51,230,8,2024,8041.0,0,26.93,99.7,85.28,30.7143
2024-08-18,26.4286,26.9,30.75,24.85,16.1,87.3,6.48,12.54,231,8,2024,8041.0,0,26.92,98.7,85.74,30.1021
2024-08-19,26.4286,25.88,29.75,22.95,17.7,90.04,7.38,13.66,232,8,2024,8041.0,0,26.65,114.7,87.23,29.4898
2024-08-20,26.4286,26.38,30.25,23.0,1.5,85.32,7.44,12.54,233,8,2024,8041.0,0,26.65,89.3,86.92,28.8776
2024-08-21,26.4286,27.01,30.9,24.35,2.3,84.72,6.06,11.18,234,8,2024,8041.0,0,26.73,70.3,86.27,28.2653
2024-08-22,26.4286,26.57,30.5,23.75,14.7,86.55,7.27,11.63,235,8,2024,8041.0,0,26.71,67.2,86.29,27.6531
2024-08-23,26.4286,24.98,27.9,22.4,15.5,91.31,7.56,13.24,236,8,2024,8041.0,0,26.39,73.4,87.21,27.0408
2024-08-24,26.4286,25.46,28.75,22.35,6.3,87.94,7.33,13.71,237,8,2024,8041.0,0,26.17,74.1,87.6,26.4286
2024-08-25,25.5714,26.58,30.05,23.4,1.8,84.14,6.55,13.63,238,8,2024,8041.0,0,26.12,59.8,87.15,26.3061
2024-08-26,25.5714,26.24,29.4,23.4,7.0,87.97,8.92,15.38,239,8,2024,8041.0,0,26.17,49.1,86.85,26.1837
2024-08-27,25.5714,26.5,30.4,22.8,3.3,84.2,8.44,13.49,240,8,2024,8041.0,0,26.19,50.9,86.69,26.0612
2024-08-28,25.5714,26.19,30.1,22.15,0.0,84.37,8.35,17.11,241,8,2024,8041.0,0,26.07,48.6,86.64,25.9388
2024-08-29,25.5714,27.44,30.25,24.75,0.1,82.06,10.63,17.56,242,8,2024,8041.0,0,26.2,34.0,86.0,25.8163
2024-08-30,25.5714,27.19,31.15,24.4,4.0,84.56,7.49,13.04,243,8,2024,8041.0,0,26.51,22.5,85.03,25.6939
2024-08-31,25.5714,26.8,30.95,22.8,3.7,87.47,5.88,11.44,244,8,2024,8041.0,0,26.71,19.9,84.97,25.5714
2024-09-01,27.0,28.11,30.75,25.75,3.5,82.55,10.11,15.48,245,9,2024,8041.0,0,26.92,21.6,84.74,25.7755
2024-09-02,27.0,26.78,30.15,23.95,10.6,88.88,8.15,14.04,246,9,2024,8041.0,0,27.0,25.2,84.87,25.9796
2024-09-03,27.0,25.9,28.85,23.35,7.0,89.1,8.21,15.14,247,9,2024,8041.0,0,26.92,28.9,85.57,26.1837
2024-09-04,27.0,27.07,30.85,23.45,0.2,84.92,7.6,14.4,248,9,2024,8041.0,0,27.04,29.1,85.65,26.3877
2024-09-05,27.0,27.5,30.05,25.15,10.9,85.18,8.8,13.71,249,9,2024,8041.0,0,27.05,39.9,86.09,26.5918
2024-09-06,27.0,28.39,31.05,26.4,3.6,78.4,12.88,21.33,250,9,2024,8041.0,0,27.22,39.5,85.21,26.7959
2024-09-07,27.0,27.74,30.45,25.6,3.9,82.85,8.0,11.25,251,9,2024,8041.0,0,27.36,39.7,84.55,27.0
2024-09-08,28.5714,26.6,30.1,23.2,36.0,88.54,5.98,11.87,252,9,2024,8041.0,0,27.14,72.2,85.41,27.2245
2024-09-09,28.5714,26.56,29.15,24.25,5.6,87.27,7.9,12.77,253,9,2024,8041.0,0,27.11,67.2,85.18,27.449
2024-09-10,28.5714,26.95,30.8,23.9,11.2,87.13,6.51,10.54,254,9,2024,8041.0,0,27.26,71.4,84.9,27.6735
2024-09-11,28.5714,26.4,29.35,23.4,21.1,88.08,8.8,15.08,255,9,2024,8041.0,0,27.16,92.3,85.35,27.8979
2024-09-12,28.5714,27.16,30.2,24.45,1.5,84.1,8.4,14.17,256,9,2024,8041.0,0,27.11,82.9,85.2,28.1224
2024-09-13,28.5714,26.49,29.65,24.3,7.1,85.98,10.0,18.28,257,9,2024,8041.0,0,26.84,86.4,86.28,28.3469
2024-09-14,28.5714,26.57,29.05,24.25,11.3,86.54,7.64,16.6,258,9,2024,8041.0,0,26.68,93.8,86.81,28.5714
2024-09-15,26.0,26.99,30.4,23.65,1.3,84.92,8.8,14.18,259,9,2024,8041.0,0,26.73,59.1,86.29,28.2041
2024-09-16,26.0,27.13,30.2,24.65,12.3,84.16,10.75,20.63,260,9,2024,8041.0,0,26.81,65.8,85.84,27.8367
2024-09-17,26.0,27.41,31.0,25.1,1.5,81.56,10.98,19.58,261,9,2024,8041.0,0,26.88,56.1,85.05,27.4694
2024-09-18,26.0,27.3,30.15,23.95,1.5,82.63,9.51,15.84,262,9,2024,8041.0,0,27.01,36.5,84.27,27.102
2024-09-19,26.0,27.89,30.65,25.55,1.8,82.53,9.32,15.48,263,9,2024,8041.0,0,27.11,36.8,84.05,26.7347
2024-09-20,26.0,26.74,29.1,24.3,0.5,88.53,6.56,10.18,264,9,2024,8041.0,0,27.15,30.2,84.41,26.3673
2024-09-21,26.0,27.89,32.25,22.95,0.0,82.2,6.24,10.14,265,9,2024,8041.0,0,27.34,18.9,83.79,26.0
2024-09-22,21.5714,28.19,31.55,25.55,9.4,83.87,7.97,11.73,266,9,2024,8041.0,0,27.51,27.0,83.64,25.3673
2024-09-23,21.5714,26.31,32.05,23.5,25.3,90.13,5.04,13.04,267,9,2024,8041.0,0,27.39,40.0,84.49,24.7347
2024-09-24,21.5714,26.29,30.75,23.65,8.1,89.77,5.62,10.5,268,9,2024,8041.0,0,27.23,46.6,85.67,24.102
2024-09-25,21.5714,24.92,27.0,23.35,12.0,89.4,8.68,16.17,269,9,2024,8041.0,0,26.89,57.1,86.63,23.4694
2024-09-26,21.5714,26.49,30.65,21.55,0.3,84.25,7.67,13.9,270,9,2024,8041.0,0,26.69,55.6,86.88,22.8367
2024-09-27,21.5714,26.7,31.35,23.7,3.3,86.91,8.05,19.88,271,9,2024,8041.0,0,26.68,58.4,86.65,22.2041
2024-09-28,21.5714,26.18,29.9,22.55,24.2,90.55,4.21,10.59,272,9,2024,8041.0,0,26.44,82.6,87.84,21.5714
2024-09-29,22.1429,26.61,30.15,23.8,12.5,87.96,4.65,9.47,273,9,2024,8041.0,0,26.21,85.7,88.42,21.653
2024-09-30,22.1429,26.22,29.55,23.7,6.0,89.16,6.4,12.12,274,9,2024,8041.0,0,26.2,66.4,88.29,21.7347
2024-10-01,22.1429,26.6,29.65,24.0,11.9,88.57,5.9,12.64,275,10,2024,8041.0,0,26.25,70.2,88.11,21.8163
2024-10-02,22.1429,26.38,30.25,24.1,26.1,89.18,5.85,11.21,276,10,2024,8041.0,0,26.45,84.3,88.08,21.898
2024-10-03,22.1429,25.54,30.0,22.75,33.4,92.14,4.84,12.04,277,10,2024,8041.0,0,26.32,117.4,89.21,21.9796
2024-10-04,22.1429,25.68,29.65,22.9,17.5,90.73,6.05,12.0,278,10,2024,8041.0,0,26.17,131.6,89.76,22.0613
2024-10-05,22.1429,25.84,29.25,23.25,18.4,89.4,6.55,13.99,279,10,2024,8041.0,0,26.12,125.8,89.59,22.1429
2024-10-06,20.1429,26.73,30.7,22.75,0.0,86.21,6.75,13.94,280,10,2024,8041.0,0,26.14,113.3,89.34,21.8572
2024-10-07,20.1429,26.56,29.3,24.55,23.7,87.68,7.39,14.54,281,10,2024,8041.0,0,26.19,131.0,89.13,21.5715
2024-10-08,20.1429,26.34,30.05,23.05,12.0,89.58,5.48,14.13,282,10,2024,8041.0,0,26.15,131.1,89.27,21.2858
2024-10-09,20.1429,26.39,29.1,23.05,14.3,88.75,5.23,12.43,283,10,2024,8041.0,0,26.15,119.3,89.21,21.0
2024-10-10,20.1429,26.92,31.3,23.5,12.1,85.93,6.29,11.23,284,10,2024,8041.0,0,26.35,98.0,88.33,20.7143
2024-10-11,20.1429,26.12,30.3,23.85,7.2,91.31,5.1,9.34,285,10,2024,8041.0,0,26.41,87.7,88.41,20.4286
2024-10-12,20.1429,26.4,30.55,23.35,11.8,89.34,7.68,12.42,286,10,2024,8041.0,0,26.49,81.1,88.4,20.1429
2024-10-13,14.4286,25.34,28.05,23.45,20.0,92.44,5.66,10.14,287,10,2024,8041.0,0,26.3,101.1,89.29,19.3266
2024-10-14,14.4286,25.85,29.6,22.6,7.4,87.5,7.61,14.05,288,10,2024,8041.0,0,26.19,84.8,89.26,18.5102
2024-10-15,14.4286,26.53,29.9,24.2,1.7,87.17,6.88,11.37,289,10,2024,8041.0,0,26.22,74.5,88.92,17.6939
2024-10-16,14.4286,26.54,29.85,23.65,11.8,89.12,6.58,16.39,290,10,2024,8041.0,0,26.24,72.0,88.97,16.8776
2024-10-17,14.4286,26.25,30.35,23.05,13.8,89.5,4.63,8.45,291,10,2024,8041.0,0,26.15,73.7,89.48,16.0613
2024-10-18,14.4286,26.45,31.05,23.0,6.0,88.58,5.37,9.72,292,10,2024,8041.0,0,26.19,72.5,89.09,15.2449
2024-10-19,14.4286,26.44,29.65,23.55,7.7,88.11,5.4,9.9,293,10,2024,8041.0,0,26.2,68.4,88.92,14.4286
2024-10-20,16.8571,27.59,32.55,24.15,0.0,81.2,5.9,9.65,294,10,2024,8041.0,0,26.52,48.4,87.31,14.7755
2024-10-21,16.8571,27.79,31.7,24.55,0.7,86.36,5.38,7.39,295,10,2024,8041.0,0,26.8,41.7,87.15,15.1225
2024-10-22,16.8571,27.26,31.6,22.95,4.2,86.3,6.53,10.39,296,10,2024,8041.0,0,26.9,44.2,87.02,15.4694
2024-10-23,16.8571,27.31,31.8,23.85,2.5,84.56,5.55,10.48,297,10,2024,8041.0,0,27.01,34.9,86.37,15.8163
2024-10-24,16.8571,26.7,30.8,23.0,3.3,88.35,7.0,13.88,298,10,2024,8041.0,0,27.08,24.4,86.21,16.1632
2024-10-25,16.8571,27.6,31.85,23.7,0.0,83.08,8.5,16.0,299,10,2024,8041.0,0,27.24,18.4,85.42,16.5102
2024-10-26,16.8571,28.05,31.75,24.75,0.4,83.67,8.83,17.51,300,10,2024,8041.0,0,27.47,11.1,84.79,16.8571
2024-10-27,14.0,27.81,30.9,25.85,4.0,85.53,7.43,17.0,301,10,2024,8041.0,0,27.5,15.1,85.41,16.4489
2024-10-28,14.0,27.53,31.4,24.15,15.1,88.39,6.67,13.0,302,10,2024,8041.0,0,27.47,29.5,85.7,16.0408
2024-10-29,14.0,28.01,31.9,24.85,1.4,85.55,7.49,12.38,303,10,2024,8041.0,0,27.57,26.7,85.59,15.6326
2024-10-30,14.0,26.86,30.4,23.35,12.4,88.16,6.89,12.83,304,10,2024,8041.0,0,27.51,36.6,86.1,15.2245
2024-10-31,14.0,27.34,31.4,24.9,10.8,86.55,7.61,12.99,305,10,2024,8041.0,0,27.6,44.1,85.85,14.8163
2024-11-01,14.0,26.03,29.05,23.0,35.8,89.63,7.53,15.71,306,11,2024,8041.0,1,27.38,79.9,86.78,14.4082
2024-11-02,14.0,26.81,31.25,23.9,12.2,87.3,6.42,11.53,307,11,2024,8041.0,1,27.2,91.7,87.3,14.0
2024-11-03,16.0,25.41,29.65,22.9,19.3,90.12,6.52,12.33,308,11,2024,8041.0,1,26.86,107.0,87.96,14.2857
2024-11-04,16.0,26.52,30.5,22.5,1.8,86.41,4.58,11.67,309,11,2024,8041.0,1,26.71,93.7,87.67,14.5714
2024-11-05,16.0,25.85,29.95,23.2,16.5,89.98,8.61,12.62,310,11,2024,8041.0,1,26.4,108.8,88.31,14.8571
2024-11-06,16.0,25.87,30.15,23.2,20.6,89.51,6.75,11.68,311,11,2024,8041.0,1,26.26,117.0,88.5,15.1429
2024-11-07,16.0,25.63,30.3,22.45,7.0,88.39,6.1,10.78,312,11,2024,8041.0,1,26.02,113.2,88.76,15.4286
2024-11-08,16.0,26.36,30.75,23.1,15.7,90.01,5.1,8.83,313,11,2024,8041.0,1,26.06,93.1,88.82,15.7143
2024-11-09,16.0,26.05,30.35,23.7,25.0,90.93,6.56,10.11,314,11,2024,8041.0,1,25.96,105.9,89.34,16.0
2024-11-10,15.5714,26.02,30.75,22.5,15.0,90.29,5.28,9.53,315,11,2024,8041.0,1,26.04,101.6,89.36,15.9388
2024-11-11,15.5714,26.02,30.6,23.1,20.9,90.07,6.75,11.05,316,11,2024,8041.0,1,25.97,120.7,89.88,15.8775
2024-11-12,15.5714,25.82,31.8,22.6,11.6,89.18,3.73,8.09,317,11,2024,8041.0,1,25.97,115.8,89.77,15.8163
2024-11-13,15.5714,26.48,32.4,23.15,8.6,87.55,3.31,5.72,318,11,2024,8041.0,1,26.05,103.8,89.49,15.7551
2024-11-14,15.5714,26.28,32.05,23.1,14.8,88.52,3.74,7.42,319,11,2024,8041.0,1,26.15,111.6,89.51,15.6939
2024-11-15,15.5714,25.89,29.85,23.65,19.1,91.08,4.34,8.14,320,11,2024,8041.0,1,26.08,115.0,89.66,15.6326
2024-11-16,15.5714,25.99,31.8,23.2,4.8,89.81,4.67,9.47,321,11,2024,8041.0,1,26.07,94.8,89.5,15.5714
2024-11-17,15.7143,25.35,30.0,23.2,6.1,92.47,7.27,15.66,322,11,2024,8041.0,1,25.98,85.9,89.81,15.5918
2024-11-18,15.7143,24.38,26.25,22.95,33.7,97.3,5.44,8.4,323,11,2024,8041.0,1,25.74,98.7,90.84,15.6122
2024-11-19,15.7143,25.01,29.2,23.1,6.7,93.07,7.58,13.89,324,11,2024,8041.0,1,25.63,93.8,91.4,15.6326
2024-11-20,15.7143,25.59,31.15,22.75,26.7,92.06,3.08,9.06,325,11,2024,8041.0,1,25.5,111.9,92.04,15.6531
2024-11-21,15.7143,25.71,29.45,23.35,16.0,92.02,5.71,10.81,326,11,2024,8041.0,1,25.42,113.1,92.54,15.6735
2024-11-22,15.7143,26.02,31.8,23.5,24.3,89.98,5.54,8.46,327,11,2024,8041.0,1,25.44,118.3,92.39,15.6939
2024-11-23,15.7143,26.11,30.75,23.25,13.5,90.02,5.36,9.36,328,11,2024,8041.0,1,25.45,127.0,92.42,15.7143
2024-11-24,13.1429,26.57,31.85,23.9,16.1,88.59,4.29,7.89,329,11,2024,8041.0,1,25.63,137.0,91.86,15.347
2024-11-25,13.1429,26.03,31.4,23.75,33.6,90.79,4.7,11.35,330,11,2024,8041.0,1,25.86,136.9,90.93,14.9796
2024-11-26,13.1429,24.49,26.95,23.3,39.0,97.33,5.78,11.67,331,11,2024,8041.0,1,25.79,169.2,91.54,14.6123
2024-11-27,13.1429,25.25,29.95,22.95,46.0,93.78,3.71,7.42,332,11,2024,8041.0,1,25.74,188.5,91.79,14.2449
2024-11-28,13.1429,24.38,26.15,23.4,14.9,97.85,5.8,8.94,333,11,2024,8041.0,1,25.55,187.4,92.62,13.8776
2024-11-29,13.1429,26.83,31.45,22.9,0.6,82.8,4.59,7.26,334,11,2024,8041.0,1,25.67,163.7,91.59,13.5102
2024-11-30,13.1429,26.29,30.3,23.7,10.8,89.17,6.9,12.24,335,11,2024,8041.0,1,25.69,161.0,91.47,13.1429
2024-12-01,16.4286,25.94,30.05,23.75,44.9,90.69,5.65,8.67,336,12,2024,8041.0,1,25.6,189.8,91.77,13.6123
2024-12-02,16.4286,25.82,30.55,23.2,8.3,91.24,3.44,6.38,337,12,2024,8041.0,1,25.57,164.5,91.84,14.0817
2024-12-03,16.4286,26.38,29.8,23.8,1.1,85.88,5.84,9.22,338,12,2024,8041.0,1,25.84,126.6,90.2,14.5511
2024-12-04,16.4286,27.51,31.7,23.8,0.3,78.2,9.52,18.25,339,12,2024,8041.0,1,26.16,80.9,87.98,15.0204
2024-12-05,16.4286,28.34,33.5,24.45,0.2,76.61,7.35,12.12,340,12,2024,8041.0,1,26.73,66.2,84.94,15.4898
2024-12-06,16.4286,28.18,33.15,24.25,0.3,78.44,7.69,13.86,341,12,2024,8041.0,1,26.92,65.9,84.32,15.9592
2024-12-07,16.4286,27.5,32.5,24.4,7.4,83.34,9.49,16.2,342,12,2024,8041.0,1,27.1,62.5,83.49,16.4286
2024-12-08,14.5714,25.94,29.4,23.7,6.1,87.37,10.51,18.24,343,12,2024,8041.0,1,27.1,23.7,83.01,16.1633
2024-12-09,14.5714,26.11,29.6,24.05,7.6,84.87,9.93,16.73,344,12,2024,8041.0,1,27.14,23.0,82.1,15.898
2024-12-10,14.5714,26.86,31.25,23.75,7.5,82.74,6.78,9.8,345,12,2024,8041.0,1,27.21,29.4,81.65,15.6327
2024-12-11,14.5714,26.65,32.35,23.85,32.5,86.87,6.75,12.98,346,12,2024,8041.0,1,27.08,61.6,82.89,15.3673
2024-12-12,14.5714,26.49,30.3,23.9,3.3,87.1,6.36,11.69,347,12,2024,8041.0,1,26.82,64.7,84.39,15.102
2024-12-13,14.5714,27.03,31.85,23.7,7.4,84.9,5.57,11.88,348,12,2024,8041.0,1,26.65,71.8,85.31,14.8367
2024-12-14,14.5714,27.76,32.25,24.15,0.9,81.67,5.29,7.43,349,12,2024,8041.0,1,26.69,65.3,85.07,14.5714
2024-12-15,14.7143,26.44,32.15,23.9,8.9,87.71,7.5,13.56,350,12,2024,8041.0,1,26.76,68.1,85.12,14.5918
2024-12-16,14.7143,26.47,31.5,24.0,7.5,87.92,8.78,12.43,351,12,2024,8041.0,1,26.81,68.0,85.56,14.6122
2024-12-17,14.7143,25.36,28.15,23.7,20.5,92.24,10.01,14.58,352,12,2024,8041.0,1,26.6,81.0,86.92,14.6326
2024-12-18,14.7143,25.88,29.35,23.7,5.4,87.2,10.1,16.61,353,12,2024,8041.0,1,26.49,53.9,86.96,14.6531
2024-12-19,14.7143,26.34,29.5,23.9,0.9,83.3,11.43,17.49,354,12,2024,8041.0,1,26.47,51.5,86.42,14.6735
2024-12-20,14.7143,25.79,29.45,22.9,11.5,88.56,8.62,15.19,355,12,2024,8041.0,1,26.29,55.6,86.94,14.6939
2024-12-21,14.7143,26.6,31.1,23.35,1.7,80.67,8.07,14.04,356,12,2024,8041.0,1,26.13,56.4,86.8,14.7143
2024-12-22,10.0,26.18,30.7,23.6,25.7,84.08,7.34,11.49,357,12,2024,8041.0,1,26.09,73.2,86.28,14.0408
2024-12-23,10.0,25.74,29.6,22.9,12.1,88.2,7.55,12.57,358,12,2024,8041.0,1,25.98,77.8,86.32,13.3674
2024-12-24,10.0,25.55,29.55,22.95,7.4,86.7,6.29,11.57,359,12,2024,8041.0,1,26.01,64.7,85.53,12.6939
2024-12-25,10.0,26.26,30.7,22.45,6.1,81.99,5.97,9.92,360,12,2024,8041.0,1,26.07,65.4,84.79,12.0204
2024-12-26,10.0,26.66,31.1,23.2,1.6,81.12,6.0,9.22,361,12,2024,8041.0,1,26.11,66.1,84.47,11.3469
2024-12-27,10.0,26.97,31.65,23.55,1.1,82.48,7.42,12.78,362,12,2024,8041.0,1,26.28,55.7,83.61,10.6735
2024-12-28,10.0,26.63,32.15,23.5,5.2,84.64,7.79,13.64,363,12,2024,8041.0,1,26.28,59.2,84.17,10.0
2024-12-29,13.8571,25.7,30.55,23.1,5.6,89.13,9.0,13.36,364,12,2024,8041.0,1,26.22,39.1,84.89,10.551
2024-12-30,13.8571,25.74,31.45,23.05,12.8,88.47,7.17,13.23,365,12,2024,8041.0,1,26.22,39.8,84.93,11.102
2024-12-31,13.8571,26.63,31.8,22.75,3.3,85.14,5.8,12.24,366,12,2024,8041.0,1,26.37,35.7,84.71,11.653
2025-01-01,13.8571,26.75,31.7,23.45,7.2,83.13,6.42,11.9,1,1,2025,8041.0,1,26.44,36.8,84.87,12.2041
2025-01-02,13.8571,26.79,32.1,23.25,6.6,84.05,5.55,11.4,2,1,2025,8041.0,1,26.46,41.8,85.29,12.7551
2025-01-03,13.8571,26.33,31.4,23.05,12.6,84.71,6.94,12.36,3,1,2025,8041.0,1,26.37,53.3,85.61,13.3061
2025-01-04,13.8571,26.56,31.7,23.05,4.3,82.9,9.46,15.21,4,1,2025,8041.0,1,26.36,52.4,85.36,13.8571
2025-01-05,16.8571,26.92,31.05,24.0,2.0,79.66,10.62,18.18,5,1,2025,8041.0,1,26.53,48.8,84.01,14.2857
2025-01-06,16.8571,26.59,31.1,22.95,7.6,81.05,8.15,15.32,6,1,2025,8041.0,1,26.65,43.6,82.95,14.7142
2025-01-07,16.8571,26.92,31.9,22.8,0.7,80.1,9.01,13.78,7,1,2025,8041.0,1,26.69,41.0,82.23,15.1428
2025-01-08,16.8571,27.18,32.0,23.7,0.0,75.21,10.22,15.24,8,1,2025,8041.0,1,26.76,33.8,81.1,15.5714
2025-01-09,16.8571,23.94,25.05,22.5,86.6,93.85,8.18,16.8,9,1,2025,8041.0,1,26.35,113.8,82.5,16.0
2025-01-10,16.8571,22.79,24.05,21.8,74.5,98.49,9.28,12.98,10,1,2025,8041.0,1,25.84,175.7,84.47,16.4285
2025-01-11,16.8571,24.25,27.5,22.15,42.6,93.3,12.37,19.08,11,1,2025,8041.0,1,25.51,214.0,85.95,16.8571
2025-01-12,14.0,23.82,25.95,22.6,43.3,95.89,9.02,12.76,12,1,2025,8041.0,1,25.07,255.3,88.27,16.4489
2025-01-13,14.0,24.91,28.35,22.4,12.3,90.35,9.21,17.23,13,1,2025,8041.0,1,24.83,260.0,89.6,16.0408
2025-01-14,14.0,25.32,29.95,22.6,6.9,88.11,5.39,11.61,14,1,2025,8041.0,1,24.6,266.2,90.74,15.6326
2025-01-15,14.0,25.93,31.4,22.85,9.0,85.82,10.47,18.04,15,1,2025,8041.0,1,24.42,275.2,92.26,15.2245
2025-01-16,14.0,25.68,28.65,23.3,3.2,84.65,12.79,20.17,16,1,2025,8041.0,1,24.67,191.8,90.94,14.8163
2025-01-17,14.0,25.36,29.15,22.85,11.3,87.31,10.29,17.99,17,1,2025,8041.0,1,25.04,128.6,89.35,14.4082
2025-01-18,14.0,25.21,28.6,23.05,4.2,87.75,10.05,19.09,18,1,2025,8041.0,1,25.18,90.2,88.55,14.0
2025-01-19,16.7143,25.7,29.3,23.05,0.1,83.21,9.25,14.98,19,1,2025,8041.0,1,25.44,47.0,86.74,14.3878
2025-01-20,16.7143,24.78,27.8,23.05,5.3,89.76,8.66,13.36,20,1,2025,8041.0,1,25.43,40.0,86.66,14.7755
2025-01-21,16.7143,25.17,28.9,22.55,2.0,88.21,7.92,11.76,21,1,2025,8041.0,1,25.4,35.1,86.67,15.1633
2025-01-22,16.7143,25.29,29.65,22.7,12.6,88.7,7.84,13.8,22,1,2025,8041.0,1,25.31,38.7,87.08,15.551
2025-01-23,16.7143,25.66,29.95,22.85,10.8,88.6,6.3,13.95,23,1,2025,8041.0,1,25.31,46.3,87.65,15.9388
2025-01-24,16.7143,25.82,30.55,22.55,15.6,87.17,4.76,9.11,24,1,2025,8041.0,1,25.38,50.6,87.63,16.3265
2025-01-25,16.7143,25.64,30.45,22.75,19.7,89.22,5.08,10.71,25,1,2025,8041.0,1,25.44,66.1,87.84,16.7143
2025-01-26,7.7143,25.55,29.1,23.15,7.1,88.63,8.93,14.94,26,1,2025,8041.0,1,25.42,73.1,88.61,15.4286
2025-01-27,7.7143,25.75,30.05,23.25,3.2,81.59,11.49,17.1,27,1,2025,8041.0,1,25.55,71.0,87.45,14.1429
2025-01-28,7.7143,25.59,29.0,23.5,0.1,77.69,12.91,20.29,28,1,2025,8041.0,1,25.61,69.1,85.94,12.8572
2025-01-29,7.7143,25.93,30.3,22.35,0.0,73.93,10.87,16.91,29,1,2025,8041.0,1,25.71,56.5,83.83,11.5714
2025-01-30,7.7143,25.42,30.35,21.7,0.1,77.8,9.61,14.26,30,1,2025,8041.0,1,25.67,45.8,82.29,10.2857
2025-01-31,7.7143,26.34,30.7,23.15,0.2,75.85,9.11,14.18,31,1,2025,8041.0,1,25.75,30.4,80.67,9.0
2025-02-01,7.7143,26.4,31.45,22.75,0.4,78.19,7.45,12.47,32,2,2025,8041.0,0,25.85,11.1,79.1,7.7143
2025-02-02,16.0,27.03,32.2,22.6,0.6,77.32,8.22,12.24,33,2,2025,8041.0,0,26.07,4.6,77.48,8.898
2025-02-03,16.0,26.31,31.35,23.0,0.8,82.12,9.79,14.37,34,2,2025,8041.0,0,26.15,2.2,77.56,10.0816
2025-02-04,16.0,24.64,26.95,22.9,6.1,89.16,10.31,15.94,35,2,2025,8041.0,0,26.01,8.2,79.2,11.2653
2025-02-05,16.0,26.12,31.45,22.1,0.0,76.96,9.51,18.22,36,2,2025,8041.0,0,26.04,8.2,79.63,12.449
2025-02-06,16.0,26.38,31.55,22.3,0.3,77.46,9.46,16.1,37,2,2025,8041.0,0,26.17,8.4,79.58,13.6327
2025-02-07,16.0,26.61,31.7,22.45,0.0,76.67,10.26,15.64,38,2,2025,8041.0,0,26.21,8.2,79.7,14.8163
2025-02-08,16.0,26.08,31.0,22.65,3.0,78.49,12.27,19.74,39,2,2025,8041.0,0,26.17,10.8,79.74,16.0
2025-02-09,16.2857,26.39,32.0,22.05,0.3,75.11,10.55,16.24,40,2,2025,8041.0,0,26.08,10.5,79.42,16.0408
2025-02-10,16.2857,27.14,32.75,24.0,2.4,73.42,10.79,14.37,41,2,2025,8041.0,0,26.19,12.1,78.18,16.0816
2025-02-11,16.2857,26.93,32.55,22.6,0.8,77.96,7.69,12.11,42,2,2025,8041.0,0,26.52,6.8,76.58,16.1224
2025-02-12,16.2857,27.29,33.55,22.9,0.9,79.32,7.52,13.5,43,2,2025,8041.0,0,26.69,7.7,76.92,16.1633
2025-02-13,16.2857,27.41,33.5,23.45,4.5,79.46,6.43,11.86,44,2,2025,8041.0,0,26.84,11.9,77.2,16.2041
2025-02-14,16.2857,26.67,33.0,23.35,10.1,83.93,5.93,10.42,45,2,2025,8041.0,0,26.84,22.0,78.24,16.2449
2025-02-15,16.2857,26.98,32.35,22.95,1.1,81.13,4.07,8.61,46,2,2025,8041.0,0,26.97,20.1,78.62,16.2857
2025-02-16,10.1429,26.12,31.05,22.55,2.9,86.4,5.11,10.3,47,2,2025,8041.0,0,26.93,22.7,80.23,15.4082
2025-02-17,10.1429,25.78,29.4,23.6,16.0,87.16,8.43,16.12,48,2,2025,8041.0,0,26.74,36.3,82.19,14.5306
2025-02-18,10.1429,26.01,29.8,22.5,0.3,82.7,7.16,13.21,49,2,2025,8041.0,0,26.61,35.8,82.87,13.6531
2025-02-19,10.1429,26.65,31.35,23.05,2.6,80.58,8.22,13.36,50,2,2025,8041.0,0,26.52,37.5,83.05,12.7755
2025-02-20,10.1429,26.52,31.45,22.55,3.8,83.08,5.56,10.88,51,2,2025,8041.0,0,26.39,36.8,83.57,11.898
2025-02-21,10.1429,26.49,32.15,22.9,5.6,83.88,6.5,12.69,52,2,2025,8041.0,0,26.36,32.3,83.56,11.0204
2025-02-22,10.1429,26.04,30.55,22.9,7.7,85.82,5.53,9.24,53,2,2025,8041.0,0,26.23,38.9,84.23,10.1429
2025-02-23,11.7143,26.36,30.4,22.95,2.5,84.85,7.1,11.6,54,2,2025,8041.0,0,26.26,38.5,84.01,10.3674
2025-02-24,11.7143,25.83,29.75,22.9,14.2,86.84,8.64,15.97,55,2,2025,8041.0,0,26.27,36.7,83.96,10.5919
2025-02-25,11.7143,26.2,29.9,23.7,3.0,84.81,10.56,17.75,56,2,2025,8041.0,0,26.3,39.4,84.27,10.8164
2025-02-26,11.7143,26.15,29.25,23.6,8.8,84.88,8.85,16.93,57,2,2025,8041.0,0,26.23,45.6,84.88,11.0408
2025-02-27,11.7143,26.59,31.35,22.9,1.0,83.83,8.7,14.4,58,2,2025,8041.0,0,26.24,42.8,84.99,11.2653
2025-02-28,11.7143,26.73,31.15,23.25,0.6,83.35,7.96,12.12,59,2,2025,8041.0,0,26.27,37.8,84.91,11.4898
2025-03-01,11.7143,26.72,32.05,23.05,2.8,81.95,8.37,13.71,60,3,2025,8041.0,0,26.37,32.9,84.36,11.7143
2025-03-02,12.2857,27.16,32.65,22.8,1.1,80.07,5.18,9.08,61,3,2025,8041.0,0,26.48,31.5,83.68,11.7959
2025-03-03,12.2857,26.8,31.45,23.6,8.4,85.47,6.0,9.82,62,3,2025,8041.0,0,26.62,25.7,83.48,11.8776
2025-03-04,12.2857,25.93,31.6,23.4,30.0,91.02,4.13,9.06,63,3,2025,8041.0,0,26.58,52.7,84.37,11.9592
2025-03-05,12.2857,25.42,28.75,23.35,7.2,89.52,6.58,12.64,64,3,2025,8041.0,0,26.48,51.1,85.03,12.0408
2025-03-06,12.2857,26.85,32.3,22.65,0.6,83.78,3.41,6.27,65,3,2025,8041.0,0,26.52,50.7,85.02,12.1224
2025-03-07,12.2857,26.63,31.9,24.05,11.3,86.86,7.47,13.94,66,3,2025,8041.0,0,26.5,61.4,85.52,12.2041
2025-03-08,12.2857,26.15,30.15,23.8,6.5,87.2,7.0,14.67,67,3,2025,8041.0,0,26.42,65.1,86.27,12.2857
2025-03-09,10.2857,26.49,30.35,23.85,10.8,86.44,8.05,16.28,68,3,2025,8041.0,0,26.32,74.8,87.18,12.0
2025-03-10,10.2857,26.89,31.85,23.6,5.8,84.1,7.08,11.63,69,3,2025,8041.0,0,26.34,72.2,86.99,11.7143
2025-03-11,10.2857,26.22,31.05,23.4,16.8,86.34,6.25,10.87,70,3,2025,8041.0,0,26.38,59.0,86.32,11.4286
2025-03-12,10.2857,26.12,30.6,22.85,29.6,88.38,4.93,9.73,71,3,2025,8041.0,0,26.48,81.4,86.16,11.1428
2025-03-13,10.2857,26.4,32.1,23.0,13.9,86.65,5.91,13.9,72,3,2025,8041.0,0,26.41,94.7,86.57,10.8571
2025-03-14,10.2857,26.94,31.15,23.9,3.5,85.52,5.52,10.66,73,3,2025,8041.0,0,26.46,86.9,86.38,10.5714
2025-03-15,10.2857,27.24,32.3,23.5,1.3,83.83,5.22,9.19,74,3,2025,8041.0,0,26.61,81.7,85.89,10.2857
2025-03-16,14.2857,26.97,31.95,23.25,2.9,81.37,6.27,11.34,75,3,2025,8041.0,0,26.68,73.8,85.17,10.8571
2025-03-17,14.2857,26.83,31.35,23.15,3.1,80.43,8.82,14.64,76,3,2025,8041.0,0,26.67,71.1,84.65,11.4286
2025-03-18,14.2857,24.05,25.05,23.05,38.8,96.47,6.24,9.96,77,3,2025,8041.0,0,26.36,93.1,86.09,12.0
2025-03-19,14.2857,23.07,23.7,22.35,65.4,99.28,7.69,15.69,78,3,2025,8041.0,0,25.93,128.9,87.65,12.5714
2025-03-20,14.2857,25.16,29.75,22.25,6.9,88.18,9.36,19.75,79,3,2025,8041.0,0,25.75,121.9,87.87,13.1428
2025-03-21,14.2857,25.92,30.7,22.7,7.0,87.71,8.76,13.86,80,3,2025,8041.0,0,25.61,125.4,88.18,13.7143
2025-03-22,14.2857,26.23,31.3,23.05,3.0,86.14,8.6,13.93,81,3,2025,8041.0,0,25.46,127.1,88.51,14.2857
2025-03-23,14.0,26.13,31.2,22.8,10.3,87.95,7.05,14.24,82,3,2025,8041.0,0,25.34,134.5,89.45,14.2449
2025-03-24,14.0,26.75,31.6,23.25,2.1,85.36,5.26,12.81,83,3,2025,8041.0,0,25.33,133.5,90.16,14.2041
2025-03-25,14.0,27.26,32.3,23.45,2.9,83.06,6.7,10.87,84,3,2025,8041.0,0,25.79,97.6,88.24,14.1633
2025-03-26,14.0,27.3,32.45,23.65,0.7,84.29,5.13,9.19,85,3,2025,8041.0,0,26.39,32.9,86.1,14.1224
2025-03-27,14.0,27.02,31.7,23.75,2.5,86.42,7.3,15.48,86,3,2025,8041.0,0,26.66,28.5,85.85,14.0816
2025-03-28,14.0,26.76,31.8,23.55,12.8,87.81,3.71,7.74,87,3,2025,8041.0,0,26.78,34.3,85.86,14.0408
2025-03-29,14.0,26.76,32.45,23.6,6.0,87.46,4.44,7.79,88,3,2025,8041.0,0,26.85,37.3,86.05,14.0
2025-03-30,12.4286,26.08,31.95,23.45,18.2,89.31,4.93,7.56,89,3,2025,8041.0,0,26.85,45.2,86.24,13.7755
2025-03-31,12.4286,27.21,32.65,23.2,2.8,83.01,6.45,11.18,90,3,2025,8041.0,0,26.91,45.9,85.91,13.551
2025-04-01,12.4286,26.4,31.5,22.65,13.4,84.15,6.98,12.11,91,4,2025,8041.0,0,26.79,56.4,86.06,13.3265
2025-04-02,12.4286,25.89,31.45,22.7,19.4,88.46,4.99,8.23,92,4,2025,8041.0,0,26.59,75.1,86.66,13.1021
2025-04-03,12.4286,26.08,31.2,23.2,18.9,89.16,4.58,8.09,93,4,2025,8041.0,0,26.45,91.5,87.05,12.8776
2025-04-04,12.4286,26.36,31.45,23.2,7.2,86.96,5.08,7.59,94,4,2025,8041.0,0,26.4,85.9,86.93,12.6531
2025-04-05,12.4286,26.25,32.1,22.9,5.3,88.29,6.0,12.61,95,4,2025,8041.0,0,26.32,85.2,87.05,12.4286
2025-04-06,13.1429,25.17,30.1,22.6,20.2,92.14,3.91,6.76,96,4,2025,8041.0,0,26.19,87.2,87.45,12.5306
2025-04-07,13.1429,25.6,29.85,22.55,4.3,90.72,4.22,7.64,97,4,2025,8041.0,0,25.96,88.7,88.55,12.6327
2025-04-08,13.1429,26.64,31.55,24.0,13.3,87.66,5.0,7.4,98,4,2025,8041.0,0,26.0,88.6,89.06,12.7347
2025-04-09,13.1429,26.53,31.5,22.9,10.2,87.99,5.15,8.07,99,4,2025,8041.0,0,26.09,79.4,88.99,12.8368
2025-04-10,13.1429,25.73,30.5,22.5,35.0,88.23,7.13,11.75,100,4,2025,8041.0,0,26.04,95.5,88.86,12.9388
2025-04-11,13.1429,26.74,32.2,24.05,38.0,87.16,5.23,11.38,101,4,2025,8041.0,0,26.09,126.3,88.88,13.0409
2025-04-12,13.1429,25.75,31.05,22.8,31.8,90.6,3.8,12.63,102,4,2025,8041.0,0,26.02,152.8,89.21,13.1429
2025-04-13,13.4286,26.71,32.7,23.45,5.6,86.53,4.48,8.83,103,4,2025,8041.0,0,26.24,138.2,88.41,13.1837
2025-04-14,13.4286,26.35,31.25,23.8,18.1,89.89,3.51,7.33,104,4,2025,8041.0,0,26.35,152.0,88.29,13.2245
2025-04-15,13.4286,26.14,29.6,22.95,20.2,89.09,4.88,8.02,105,4,2025,8041.0,0,26.28,158.9,88.5,13.2653
2025-04-16,13.4286,26.63,31.6,23.15,1.2,83.24,6.58,13.35,106,4,2025,8041.0,0,26.29,149.9,87.82,13.3062
2025-04-17,13.4286,27.14,33.05,23.1,2.5,84.42,5.23,10.5,107,4,2025,8041.0,0,26.49,117.4,87.28,13.347
2025-04-18,13.4286,26.29,31.65,23.8,23.7,89.29,4.59,8.67,108,4,2025,8041.0,0,26.43,103.1,87.58,13.3878
2025-04-19,13.4286,26.35,32.0,22.6,1.4,87.56,4.1,7.24,109,4,2025,8041.0,0,26.52,72.7,87.15,13.4286
2025-04-20,15.2857,25.91,32.25,23.3,23.6,89.43,4.38,9.36,110,4,2025,8041.0,0,26.4,90.7,87.56,13.6939
2025-04-21,15.2857,26.2,30.85,23.1,9.1,89.31,4.02,8.05,111,4,2025,8041.0,0,26.38,81.7,87.48,13.9592
2025-04-22,15.2857,25.8,29.35,23.8,27.9,90.91,4.28,7.99,112,4,2025,8041.0,0,26.33,89.4,87.74,14.2245
2025-04-23,15.2857,26.42,32.0,22.8,5.1,88.66,3.4,6.04,113,4,2025,8041.0,0,26.3,93.3,88.51,14.4898
2025-04-24,15.2857,26.84,31.95,23.1,2.3,86.37,4.13,7.82,114,4,2025,8041.0,0,26.26,93.1,88.79,14.7551
2025-04-25,15.2857,26.34,31.05,23.25,8.0,87.92,4.81,11.53,115,4,2025,8041.0,0,26.27,77.4,88.59,15.0204
2025-04-26,15.2857,26.68,31.75,23.2,1.4,85.87,4.39,8.31,116,4,2025,8041.0,0,26.31,77.4,88.35,15.2857
2025-04-27,12.7143,26.45,32.65,23.55,9.3,88.93,4.1,9.67,117,4,2025,8041.0,0,26.39,63.1,88.28,14.9184
2025-04-28,12.7143,26.83,32.6,23.0,1.2,85.25,4.78,7.1,118,4,2025,8041.0,0,26.48,55.2,87.7,14.551
2025-04-29,12.7143,26.67,31.9,23.1,7.9,86.16,4.55,8.85,119,4,2025,8041.0,0,26.6,35.2,87.02,14.1837
2025-04-30,12.7143,26.44,31.55,23.35,21.2,89.41,2.86,8.23,120,4,2025,8041.0,0,26.61,51.3,87.13,13.8163
2025-05-01,12.7143,27.0,31.35,23.4,4.9,86.64,3.69,9.04,121,5,2025,8041.0,1,26.63,53.9,87.17,13.449
2025-05-02,12.7143,26.76,31.05,23.65,11.0,89.05,3.65,7.09,122,5,2025,8041.0,1,26.69,56.9,87.33,13.0816
2025-05-03,12.7143,27.0,31.5,23.0,5.5,84.75,6.09,11.83,123,5,2025,8041.0,1,26.74,61.0,87.17,12.7143
2025-05-04,14.8571,26.59,30.9,23.2,18.5,89.17,4.21,10.04,124,5,2025,8041.0,1,26.76,70.2,87.2,13.0204
2025-05-05,14.8571,28.11,31.75,24.9,0.3,82.54,5.8,11.13,125,5,2025,8041.0,1,26.94,69.3,86.82,13.3265
2025-05-06,14.8571,27.54,30.85,23.9,5.5,86.49,5.0,10.87,126,5,2025,8041.0,1,27.06,66.9,86.86,13.6326
2025-05-07,14.8571,27.41,31.85,23.25,9.7,88.02,2.9,9.82,127,5,2025,8041.0,1,27.2,55.4,86.67,13.9388
2025-05-08,14.8571,27.91,32.6,23.5,4.9,82.2,5.53,9.44,128,5,2025,8041.0,1,27.33,55.4,86.03,14.2449
2025-05-09,14.8571,28.22,33.55,25.0,2.7,84.37,3.39,7.89,129,5,2025,8041.0,1,27.54,47.1,85.36,14.551
2025-05-10,14.8571,27.59,32.75,24.15,7.0,85.22,5.3,9.98,130,5,2025,8041.0,1,27.62,48.6,85.43,14.8571
2025-05-11,14.5714,26.98,32.25,24.05,11.9,88.99,3.52,8.23,131,5,2025,8041.0,1,27.68,42.0,85.4,14.8163
2025-05-12,14.5714,26.87,33.0,23.0,2.1,86.84,4.19,9.73,132,5,2025,8041.0,1,27.5,43.8,86.02,14.7755
2025-05-13,14.5714,26.86,30.7,23.7,0.0,85.83,4.09,7.2,133,5,2025,8041.0,1,27.41,38.3,85.92,14.7347
2025-05-14,14.5714,27.66,32.35,24.3,2.5,85.71,3.45,7.49,134,5,2025,8041.0,1,27.44,31.1,85.59,14.6938
2025-05-15,14.5714,27.16,32.9,23.5,2.3,85.72,4.85,9.02,135,5,2025,8041.0,1,27.33,28.5,86.1,14.653
2025-05-16,14.5714,28.81,34.1,24.1,2.4,79.49,3.12,5.81,136,5,2025,8041.0,1,27.42,28.2,85.4,14.6122
2025-05-17,14.5714,26.25,31.05,23.8,42.7,90.96,3.8,11.49,137,5,2025,8041.0,1,27.23,63.9,86.22,14.5714
2025-05-18,16.5714,26.94,30.0,24.95,8.6,89.34,4.11,7.77,138,5,2025,8041.0,1,27.22,60.6,86.27,14.8571
2025-05-19,16.5714,27.47,30.5,24.4,10.5,86.33,5.04,14.28,139,5,2025,8041.0,1,27.31,69.0,86.2,15.1428
2025-05-20,16.5714,28.03,32.0,23.85,3.3,83.25,5.72,10.42,140,5,2025,8041.0,1,27.47,72.3,85.83,15.4285
2025-05-21,16.5714,27.32,32.8,24.0,13.9,87.37,5.06,11.63,141,5,2025,8041.0,1,27.43,83.7,86.07,15.7143
2025-05-22,16.5714,28.44,32.85,24.95,1.0,79.47,6.77,14.06,142,5,2025,8041.0,1,27.61,82.4,85.17,16.0
2025-05-23,16.5714,28.67,33.6,24.5,4.6,79.01,5.22,10.88,143,5,2025,8041.0,1,27.59,84.6,85.1,16.2857
2025-05-24,16.5714,27.56,33.95,23.4,1.9,84.91,6.24,10.29,144,5,2025,8041.0,1,27.78,43.8,84.24,16.5714
2025-05-25,16.5714,28.6,34.0,24.2,0.1,77.19,6.63,11.52,145,5,2025,8041.0,1,28.01,35.3,82.5,16.5714
2025-05-26,16.5714,27.65,32.85,24.3,10.7,85.74,3.87,7.9,146,5,2025,8041.0,1,28.04,35.5,82.42,16.5714
2025-05-27,16.5714,28.5,33.6,24.0,2.2,81.33,3.97,7.97,147,5,2025,8041.0,1,28.11,34.4,82.15,16.5714
2025-05-28,16.5714,27.21,30.4,24.25,1.7,81.49,5.48,9.96,148,5,2025,8041.0,1,28.09,22.2,81.31,16.5714
2025-05-29,16.5714,26.92,30.85,23.7,11.7,86.55,5.43,12.48,149,5,2025,8041.0,1,27.87,32.9,82.32,16.5714
2025-05-30,16.5714,28.42,33.55,25.1,1.0,81.13,5.73,12.46,150,5,2025,8041.0,1,27.84,29.3,82.62,16.5714
2025-05-31,16.5714,28.43,32.75,24.85,0.0,82.13,6.2,10.36,151,5,2025,8041.0,1,27.96,27.4,82.22,16.5714
2025-06-01,16.4286,29.07,33.55,26.1,0.0,75.68,6.02,9.39,152,6,2025,8041.0,1,28.03,27.3,82.01,16.551
2025-06-02,16.4286,28.43,32.15,24.8,6.6,78.11,4.98,10.26,153,6,2025,8041.0,1,28.14,23.2,80.92,16.5306
2025-06-03,16.4286,28.18,32.3,23.75,0.3,81.55,5.16,11.44,154,6,2025,8041.0,1,28.09,21.3,80.95,16.5102
2025-06-04,16.4286,27.43,30.55,24.55,23.5,85.78,5.66,13.17,155,6,2025,8041.0,1,28.13,43.1,81.56,16.4898
2025-06-05,16.4286,26.31,28.7,23.55,10.9,89.09,6.16,17.29,156,6,2025,8041.0,1,28.04,42.3,81.92,16.4694
2025-06-06,16.4286,28.33,31.7,25.45,0.3,75.95,7.16,13.29,157,6,2025,8041.0,1,28.03,41.6,81.18,16.449
2025-06-07,16.4286,27.57,31.65,24.9,0.4,84.85,5.13,9.83,158,6,2025,8041.0,1,27.9,42.0,81.57,16.4286
2025-06-08,17.7143,27.96,32.1,24.55,1.0,83.32,4.82,9.84,159,6,2025,8041.0,1,27.74,43.0,82.66,16.6123
2025-06-09,17.7143,27.25,31.15,23.45,15.6,84.03,7.99,14.04,160,6,2025,8041.0,1,27.58,52.0,83.51,16.7959
2025-06-10,17.7143,27.9,31.75,24.7,0.2,82.45,5.6,9.92,161,6,2025,8041.0,1,27.54,51.9,83.64,16.9796
2025-06-11,17.7143,28.41,32.25,24.4,0.8,80.14,6.29,11.73,162,6,2025,8041.0,1,27.68,29.2,82.83,17.1633
2025-06-12,17.7143,29.11,33.05,26.0,0.4,76.43,7.54,12.64,163,6,2025,8041.0,1,28.08,18.7,81.02,17.347
2025-06-13,17.7143,28.71,32.75,24.75,3.7,78.54,6.15,9.34,164,6,2025,8041.0,1,28.13,22.1,81.39,17.5306
2025-06-14,17.7143,28.05,32.85,24.6,5.1,83.63,4.09,9.61,165,6,2025,8041.0,1,28.2,26.8,81.22,17.7143
2025-06-15,15.1429,27.42,33.65,23.3,6.1,84.71,4.21,8.1,166,6,2025,8041.0,1,28.12,31.9,81.42,17.347
2025-06-16,15.1429,25.95,29.95,23.55,27.6,90.27,4.81,11.53,167,6,2025,8041.0,1,27.94,43.9,82.31,16.9796
2025-06-17,15.1429,26.49,31.85,23.65,0.8,84.95,4.96,8.31,168,6,2025,8041.0,1,27.73,44.5,82.67,16.6123
2025-06-18,15.1429,27.0,31.15,23.2,0.0,78.66,4.22,7.56,169,6,2025,8041.0,1,27.53,43.7,82.46,16.2449
2025-06-19,15.1429,26.92,29.9,24.6,9.6,85.74,4.61,12.64,170,6,2025,8041.0,1,27.22,52.9,83.79,15.8776
2025-06-20,15.1429,27.75,31.35,24.2,0.6,81.09,6.8,13.29,171,6,2025,8041.0,1,27.08,49.8,84.15,15.5102
2025-06-21,15.1429,28.36,32.35,25.35,1.0,77.31,6.0,9.35,172,6,2025,8041.0,1,27.13,45.7,83.25,15.1429
2025-06-22,14.1429,27.64,31.85,24.9,0.0,80.19,4.92,8.46,173,6,2025,8041.0,1,27.16,39.6,82.6,15.0
2025-06-23,14.1429,27.62,31.3,25.35,3.5,82.08,7.16,12.68,174,6,2025,8041.0,1,27.4,15.5,81.43,14.8572
2025-06-24,14.1429,28.58,31.6,26.15,1.6,77.68,8.58,13.36,175,6,2025,8041.0,1,27.7,16.3,80.39,14.7143
2025-06-25,14.1429,29.12,32.75,26.6,0.6,75.62,9.04,16.29,176,6,2025,8041.0,1,28.0,16.9,79.96,14.5715
2025-06-26,14.1429,28.49,31.85,25.75,3.7,77.84,6.85,13.55,177,6,2025,8041.0,1,28.22,11.0,78.83,14.4286
2025-06-27,14.1429,27.55,31.55,24.7,6.2,82.71,5.06,11.51,178,6,2025,8041.0,1,28.19,16.6,79.06,14.2858
2025-06-28,14.1429,27.2,31.45,23.5,0.7,79.68,5.86,11.19,179,6,2025,8041.0,1,28.03,16.3,79.4,14.1429
2025-06-29,16.8571,27.62,30.9,24.0,1.9,81.64,4.18,9.79,180,6,2025,8041.0,1,28.03,18.2,79.61,14.5306
2025-06-30,16.8571,28.36,32.65,24.25,1.6,77.93,4.96,9.57,181,6,2025,8041.0,1,28.13,16.3,79.01,14.9184
2025-07-01,16.8571,27.44,30.9,24.25,14.5,83.45,5.14,8.69,182,7,2025,8041.0,1,27.97,29.2,79.84,15.3061
2025-07-02,16.8571,26.26,30.85,22.6,12.1,88.49,3.77,9.55,183,7,2025,8041.0,1,27.56,40.7,81.68,15.6939
2025-07-03,16.8571,26.26,29.95,22.95,10.4,87.21,4.13,9.68,184,7,2025,8041.0,1,27.24,47.4,83.02,16.0816
2025-07-04,16.8571,26.4,30.6,22.6,1.7,85.68,6.26,13.78,185,7,2025,8041.0,1,27.08,42.9,83.44,16.4694
2025-07-05,16.8571,28.08,31.6,24.6,0.4,76.87,6.82,11.5,186,7,2025,8041.0,1,27.2,42.6,83.04,16.8571
2025-07-06,16.0,28.1,30.95,25.45,0.7,77.16,8.73,13.77,187,7,2025,8041.0,1,27.27,41.4,82.4,16.7347
2025-07-07,16.0,28.3,31.75,25.5,5.3,77.26,5.33,11.07,188,7,2025,8041.0,1,27.26,45.1,82.3,16.6122
2025-07-08,16.0,27.88,31.8,23.9,6.8,79.08,6.63,11.81,189,7,2025,8041.0,1,27.33,37.4,81.68,16.4898
2025-07-09,16.0,27.76,31.65,23.45,11.7,80.99,6.88,13.71,190,7,2025,8041.0,1,27.54,37.0,80.61,16.3673
2025-07-10,16.0,27.92,31.85,23.6,4.4,79.05,6.98,13.13,191,7,2025,8041.0,1,27.78,31.0,79.44,16.2449
2025-07-11,16.0,26.55,28.85,23.45,13.6,86.96,7.96,12.28,192,7,2025,8041.0,1,27.8,42.9,79.62,16.1224
2025-07-12,16.0,27.36,30.85,24.35,1.2,83.68,5.48,10.09,193,7,2025,8041.0,1,27.7,43.7,80.6,16.0
2025-07-13,12.2857,26.9,30.5,24.15,4.0,85.48,7.36,13.34,194,7,2025,8041.0,1,27.52,47.0,81.79,15.4694
2025-07-14,12.2857,27.19,29.9,24.4,1.1,83.24,10.66,18.45,195,7,2025,8041.0,1,27.37,42.8,82.64,14.9388
2025-07-15,12.2857,28.65,31.7,26.4,1.8,76.86,8.58,13.15,196,7,2025,8041.0,1,27.48,37.8,82.32,14.4082
2025-07-16,12.2857,28.44,32.05,25.95,0.3,79.7,6.68,11.61,197,7,2025,8041.0,1,27.57,26.4,82.14,13.8775
2025-07-17,12.2857,28.78,32.9,25.4,0.0,76.54,6.48,12.89,198,7,2025,8041.0,1,27.7,22.0,81.78,13.3469
2025-07-18,12.2857,28.44,31.75,25.65,0.6,77.79,8.71,15.3,199,7,2025,8041.0,1,27.97,9.0,80.47,12.8163
2025-07-19,12.2857,27.58,31.6,24.45,5.2,80.15,7.79,14.47,200,7,2025,8041.0,1,28.0,13.0,79.97,12.2857
2025-07-20,11.0,27.31,31.0,24.55,1.1,80.39,7.73,12.93,201,7,2025,8041.0,1,28.06,10.1,79.24,12.102
2025-07-21,11.0,26.96,30.7,24.35,7.7,84.18,6.09,9.65,202,7,2025,8041.0,1,28.02,16.7,79.37,11.9184
2025-07-22,11.0,27.3,30.75,24.2,1.4,81.34,6.94,11.88,203,7,2025,8041.0,1,27.83,16.3,80.01,11.7347
2025-07-23,11.0,28.08,31.8,24.85,2.8,78.85,6.67,12.5,204,7,2025,8041.0,1,27.78,18.8,79.89,11.551
2025-07-24,11.0,27.87,32.3,24.6,3.1,80.98,4.3,10.87,205,7,2025,8041.0,1,27.65,21.9,80.53,11.3673
2025-07-25,11.0,26.83,30.65,23.3,10.5,85.62,5.78,13.74,206,7,2025,8041.0,1,27.42,31.8,81.64,11.1837
2025-07-26,11.0,27.82,31.85,24.1,2.1,80.19,5.57,10.7,207,7,2025,8041.0,1,27.45,28.7,81.65,11.0
2025-07-27,10.1429,28.66,33.0,25.0,6.9,77.54,6.73,13.88,208,7,2025,8041.0,1,27.65,34.5,81.24,10.8776
2025-07-28,10.1429,28.9,32.3,25.95,0.9,76.26,8.78,14.77,209,7,2025,8041.0,1,27.92,27.7,80.11,10.7551
2025-07-29,10.1429,28.53,32.95,25.95,5.8,78.04,5.88,11.16,210,7,2025,8041.0,1,28.1,32.1,79.64,10.6327
2025-07-30,10.1429,28.39,31.8,25.7,2.8,78.16,6.69,11.84,211,7,2025,8041.0,1,28.14,32.1,79.54,10.5102
2025-07-31,10.1429,28.08,30.8,25.6,13.1,80.98,5.73,9.91,212,7,2025,8041.0,1,28.17,42.1,79.54,10.3878
2025-08-01,10.1429,27.83,31.7,23.9,9.6,82.43,6.24,10.95,213,8,2025,8041.0,0,28.32,41.2,79.09,10.2653
2025-08-02,10.1429,26.96,30.05,24.1,28.0,87.77,5.72,9.58,214,8,2025,8041.0,0,28.19,67.1,80.17,10.1429
2025-08-03,10.4286,26.29,29.6,24.3,16.4,90.68,4.84,9.72,215,8,2025,8041.0,0,27.85,76.6,82.05,10.1837
2025-08-04,10.4286,26.25,30.3,23.35,3.5,84.56,6.13,10.09,216,8,2025,8041.0,0,27.48,79.2,83.23,10.2245
2025-08-05,10.4286,27.18,30.5,24.55,6.5,82.29,5.76,10.77,217,8,2025,8041.0,0,27.28,79.9,83.84,10.2653
2025-08-06,10.4286,28.09,32.65,24.2,0.3,79.83,5.21,10.53,218,8,2025,8041.0,0,27.24,77.4,84.08,10.3062
2025-08-07,10.4286,28.02,32.45,23.85,0.5,78.06,5.21,10.69,219,8,2025,8041.0,0,27.23,64.8,83.66,10.347
2025-08-08,10.4286,27.97,33.0,24.25,9.7,79.97,2.68,9.5,220,8,2025,8041.0,0,27.25,64.9,83.31,10.3878
2025-08-09,10.4286,26.76,30.8,23.65,10.5,84.51,3.87,11.35,221,8,2025,8041.0,0,27.22,47.4,82.84,10.4286
2025-08-10,8.8571,25.3,27.7,23.15,5.3,89.29,6.29,11.97,222,8,2025,8041.0,0,27.08,36.3,82.64,10.2041
2025-08-11,8.8571,26.77,31.6,23.2,5.2,83.59,4.87,8.48,223,8,2025,8041.0,0,27.16,38.0,82.51,9.9796
2025-08-12,8.8571,25.92,29.7,23.35,8.5,82.65,6.78,13.82,224,8,2025,8041.0,0,26.98,40.0,82.56,9.7551
2025-08-13,8.8571,27.29,30.55,24.4,0.7,79.16,7.9,12.81,225,8,2025,8041.0,0,26.86,40.4,82.46,9.5306
2025-08-14,8.8571,26.15,29.45,23.25,5.2,85.0,7.78,14.47,226,8,2025,8041.0,0,26.59,45.1,83.45,9.3061
2025-08-15,8.8571,27.27,30.6,24.7,1.2,79.66,7.33,12.89,227,8,2025,8041.0,0,26.49,36.6,83.41,9.0816
2025-08-16,8.8571,27.38,31.7,24.7,3.9,80.77,6.01,12.54,228,8,2025,8041.0,0,26.58,30.0,82.87,8.8571
2025-08-17,6.7143,26.47,29.6,23.55,27.4,87.68,4.69,10.48,229,8,2025,8041.0,0,26.75,52.1,82.64,8.551
2025-08-18,6.7143,25.63,27.85,23.3,26.5,90.33,3.97,10.64,230,8,2025,8041.0,0,26.59,73.4,83.61,8.2449
2025-08-19,6.7143,26.33,30.35,22.9,0.5,81.0,4.53,9.04,231,8,2025,8041.0,0,26.65,65.4,83.37,7.9388
2025-08-20,6.7143,27.01,31.4,24.15,0.3,82.79,3.56,7.29,232,8,2025,8041.0,0,26.61,65.0,83.89,7.6326
2025-08-21,6.7143,27.55,32.45,23.25,0.0,78.33,5.69,10.98,233,8,2025,8041.0,0,26.81,59.8,82.94,7.3265
2025-08-22,6.7143,26.84,31.75,22.15,11.3,81.46,4.71,15.13,234,8,2025,8041.0,0,26.74,69.9,83.19,7.0204
2025-08-23,6.7143,24.43,27.4,21.9,26.5,88.66,7.25,19.99,235,8,2025,8041.0,0,26.32,92.5,84.32,6.7143
2025-08-24,7.2857,27.17,30.95,23.9,0.3,80.02,7.11,12.17,236,8,2025,8041.0,0,26.42,65.4,83.23,6.7959
2025-08-25,7.2857,27.07,31.45,23.1,5.1,83.54,7.55,15.75,237,8,2025,8041.0,0,26.63,44.0,82.26,6.8776
2025-08-26,7.2857,27.49,31.4,24.4,2.3,81.3,7.28,14.11,238,8,2025,8041.0,0,26.79,45.8,82.3,6.9592
2025-08-27,7.2857,26.65,31.05,22.75,2.6,82.82,5.0,14.35,239,8,2025,8041.0,0,26.74,48.1,82.3,7.0408
2025-08-28,7.2857,27.42,31.5,23.55,0.6,78.93,5.51,11.92,240,8,2025,8041.0,0,26.72,48.7,82.39,7.1224
2025-08-29,7.2857,26.52,30.5,23.8,21.2,85.78,6.5,13.91,241,8,2025,8041.0,0,26.68,58.6,83.01,7.2041
2025-08-30,7.2857,27.27,30.8,25.0,9.8,83.41,6.98,14.63,242,8,2025,8041.0,0,27.08,41.9,82.26,7.2857
2025-08-31,5.8571,26.09,28.5,23.85,4.4,85.87,5.62,10.74,243,8,2025,8041.0,0,26.93,46.0,83.09,7.0816
2025-09-01,5.8571,25.87,29.65,23.5,4.7,88.16,6.36,11.61,244,9,2025,8041.0,0,26.76,45.6,83.75,6.8775
2025-09-02,5.8571,26.74,30.45,24.1,3.0,84.33,5.17,12.41,245,9,2025,8041.0,0,26.65,46.3,84.19,6.6734
2025-09-03,5.8571,26.35,29.95,23.2,4.9,86.51,5.93,11.2,246,9,2025,8041.0,0,26.61,48.6,84.71,6.4694
2025-09-04,5.8571,26.44,30.15,23.9,8.4,85.39,7.41,12.63,247,9,2025,8041.0,0,26.47,56.4,85.64,6.2653
2025-09-05,5.8571,27.37,31.05,24.5,1.6,80.99,8.47,15.18,248,9,2025,8041.0,0,26.59,36.8,84.95,6.0612
2025-09-06,5.8571,25.52,27.55,23.85,11.9,91.95,6.83,11.23,249,9,2025,8041.0,0,26.34,38.9,86.17,5.8571
2025-09-07,6.8571,26.54,30.2,24.4,13.4,86.99,6.63,14.0,250,9,2025,8041.0,0,26.4,47.9,86.33,6.0
2025-09-08,6.8571,25.99,29.75,22.8,5.8,88.98,4.54,9.04,251,9,2025,8041.0,0,26.42,49.0,86.45,6.1428
2025-09-09,6.8571,25.67,31.25,22.3,4.7,88.32,4.21,9.13,252,9,2025,8041.0,0,26.27,50.7,87.02,6.2857
2025-09-10,6.8571,25.31,30.95,22.5,28.1,89.65,4.0,10.78,253,9,2025,8041.0,0,26.12,73.9,87.47,6.4285
2025-09-11,6.8571,25.64,29.95,22.7,0.8,83.37,5.83,13.5,254,9,2025,8041.0,0,26.01,66.3,87.18,6.5714
2025-09-12,6.8571,25.12,28.7,22.15,7.1,86.26,5.91,13.23,255,9,2025,8041.0,0,25.68,71.8,87.93,6.7142
2025-09-13,6.8571,26.8,31.75,21.95,1.8,82.5,4.91,10.42,256,9,2025,8041.0,0,25.87,61.7,86.58,6.8571
2025-09-14,6.4286,26.42,29.8,23.7,11.7,80.06,5.7,11.77,257,9,2025,8041.0,0,25.85,60.0,85.59,6.7959
2025-09-15,6.4286,26.26,30.4,22.45,0.9,84.36,5.33,9.19,258,9,2025,8041.0,0,25.89,55.1,84.93,6.7347
2025-09-16,6.4286,25.22,26.35,23.1,11.5,93.14,4.05,8.82,259,9,2025,8041.0,0,25.82,61.9,85.62,6.6735
2025-09-17,6.4286,27.04,31.0,24.3,3.8,83.87,6.25,10.46,260,9,2025,8041.0,0,26.07,37.6,84.79,6.6122
2025-09-18,6.4286,27.0,31.05,23.9,2.7,85.89,4.13,9.08,261,9,2025,8041.0,0,26.27,39.5,85.15,6.551
2025-09-19,6.4286,26.94,31.25,22.3,1.3,82.51,3.92,9.36,262,9,2025,8041.0,0,26.53,33.7,84.62,6.4898
2025-09-20,6.4286,27.41,32.05,23.05,2.1,81.52,5.0,10.59,263,9,2025,8041.0,0,26.61,34.0,84.48,6.4286
2025-09-21,5.5714,27.24,31.1,24.45,10.0,84.81,3.93,11.05,264,9,2025,8041.0,0,26.73,32.3,85.16,6.3061
2025-09-22,5.5714,28.01,32.85,23.9,1.6,79.49,3.89,8.95,265,9,2025,8041.0,0,26.98,33.0,84.46,6.1837
2025-09-23,5.5714,27.93,32.3,23.1,0.2,79.84,4.48,10.64,266,9,2025,8041.0,0,27.37,21.7,82.56,6.0612
2025-09-24,5.5714,27.67,32.95,24.0,9.9,80.71,3.74,9.11,267,9,2025,8041.0,0,27.46,27.8,82.11,5.9388
2025-09-25,5.5714,28.38,32.55,24.8,2.3,77.95,5.47,12.14,268,9,2025,8041.0,0,27.65,27.4,80.98,5.8163
2025-09-26,5.5714,28.2,32.0,25.4,15.0,79.71,4.03,9.03,269,9,2025,8041.0,0,27.83,41.1,80.58,5.6939
2025-09-27,5.5714,26.22,31.15,24.2,5.1,90.15,4.46,12.0,270,9,2025,8041.0,0,27.66,44.1,81.81,5.5714
2025-09-28,7.8571,27.47,30.95,24.15,0.0,80.22,7.03,12.18,271,9,2025,8041.0,0,27.7,34.1,81.15,5.8979
2025-09-29,7.8571,27.87,31.6,25.5,1.1,80.79,5.24,8.62,272,9,2025,8041.0,0,27.68,33.6,81.34,6.2245
2025-09-30,7.8571,26.85,30.9,23.5,15.2,84.79,5.28,10.99,273,9,2025,8041.0,0,27.52,48.6,82.05,6.551
2025-10-01,7.8571,26.22,32.85,21.8,1.0,82.18,4.56,10.31,274,10,2025,8041.0,0,27.32,39.7,82.26,6.8775
2025-10-02,7.8571,26.07,30.85,23.15,14.2,88.41,3.74,8.95,275,10,2025,8041.0,0,26.99,51.6,83.75,7.204
2025-10-03,7.8571,27.5,32.15,23.15,0.2,78.0,6.02,10.38,276,10,2025,8041.0,0,26.89,36.8,83.51,7.5306
2025-10-04,7.8571,27.07,32.25,22.95,3.1,81.78,5.1,14.15,277,10,2025,8041.0,0,27.01,34.8,82.31,7.8571
2025-10-05,4.5714,26.8,31.0,23.65,9.0,84.86,4.76,9.8,278,10,2025,8041.0,0,26.91,43.8,82.97,7.3877
2025-10-06,4.5714,26.6,30.35,22.65,1.8,81.99,6.1,12.36,279,10,2025,8041.0,0,26.73,44.5,83.14,6.9183
2025-10-07,4.5714,27.12,31.2,24.25,11.7,84.36,4.81,11.2,280,10,2025,8041.0,0,26.77,41.0,83.08,6.4489
2025-10-08,4.5714,25.75,28.85,23.05,9.8,85.38,5.65,12.02,281,10,2025,8041.0,0,26.7,49.8,83.54,5.9796
2025-10-09,4.5714,27.08,31.85,22.75,0.1,80.03,5.22,11.28,282,10,2025,8041.0,0,26.85,35.7,82.34,5.5102
2025-10-10,4.5714,27.2,31.75,22.95,0.6,82.09,5.91,12.48,283,10,2025,8041.0,0,26.8,36.1,82.93,5.0408
2025-10-11,4.5714,26.81,31.2,23.2,6.0,83.62,5.18,13.88,284,10,2025,8041.0,0,26.77,39.0,83.19,4.5714
2025-10-12,6.7143,27.07,32.25,22.9,0.9,83.22,4.91,9.08,285,10,2025,8041.0,0,26.8,30.9,82.96,4.8775
2025-10-13,6.7143,27.4,31.55,24.15,6.0,83.73,5.29,11.34,286,10,2025,8041.0,0,26.92,35.1,83.2,5.1837
2025-10-14,6.7143,27.49,32.3,24.2,3.0,81.6,6.67,13.35,287,10,2025,8041.0,0,26.97,26.4,82.81,5.4898
2025-10-15,6.7143,27.06,33.6,23.35,13.5,84.42,4.06,9.74,288,10,2025,8041.0,0,27.16,30.1,82.67,5.7959
2025-10-16,6.7143,26.62,31.75,23.85,20.0,87.64,4.12,9.54,289,10,2025,8041.0,0,27.09,50.0,83.76,6.102
2025-10-17,6.7143,27.9,32.95,23.9,0.8,78.76,5.32,10.2,290,10,2025,8041.0,0,27.19,50.2,83.28,6.4082
2025-10-18,6.7143,27.26,31.55,23.6,2.4,82.86,6.29,10.6,291,10,2025,8041.0,0,27.26,46.6,83.18,6.7143
2025-10-19,5.1429,27.23,31.75,23.7,12.6,84.21,8.58,15.48,292,10,2025,8041.0,0,27.28,58.3,83.32,6.4898
2025-10-20,5.1429,27.06,31.55,23.4,0.2,83.72,3.59,10.0,293,10,2025,8041.0,0,27.23,52.5,83.32,6.2653
2025-10-21,5.1429,26.57,29.65,23.7,8.8,84.14,8.45,16.88,294,10,2025,8041.0,0,27.1,58.3,83.68,6.0408
2025-10-22,5.1429,27.08,31.55,23.6,16.0,78.12,8.92,13.95,295,10,2025,8041.0,0,27.1,60.8,82.78,5.8164
2025-10-23,5.1429,27.78,32.45,24.15,2.6,75.95,11.3,18.6,296,10,2025,8041.0,0,27.27,43.4,81.11,5.5919
2025-10-24,5.1429,26.86,31.55,23.4,1.3,76.42,7.42,14.75,297,10,2025,8041.0,0,27.12,43.9,80.77,5.3674
2025-10-25,5.1429,28.17,32.85,23.6,0.1,74.92,5.56,11.76,298,10,2025,8041.0,0,27.25,41.6,79.64,5.1429
2025-10-26,7.5714,27.93,32.2,25.3,0.4,78.17,5.05,11.19,299,10,2025,8041.0,0,27.35,29.4,78.78,5.4898
2025-10-27,7.5714,28.25,33.1,23.9,0.1,75.35,6.26,13.76,300,10,2025,8041.0,0,27.52,29.3,77.58,5.8368
2025-10-28,7.5714,27.74,31.85,24.55,0.1,81.04,6.07,14.62,301,10,2025,8041.0,0,27.69,20.6,77.14,6.1837
2025-10-29,7.5714,28.67,33.6,24.25,0.1,75.33,4.2,11.09,302,10,2025,8041.0,0,27.91,4.7,76.74,6.5306
2025-10-30,7.5714,28.45,32.65,25.15,3.8,79.76,4.81,11.39,303,10,2025,8041.0,0,28.01,5.9,77.28,6.8775
2025-10-31,7.5714,28.2,33.05,24.45,2.0,80.67,4.2,8.47,304,10,2025,8041.0,0,28.2,6.6,77.89,7.2245
2025-11-01,7.5714,27.55,33.55,24.75,14.4,83.74,3.88,7.04,305,11,2025,8041.0,1,28.11,20.9,79.15,7.5714
2025-11-02,7.8571,26.55,31.45,23.3,5.0,83.31,5.73,11.89,306,11,2025,8041.0,1,27.92,25.5,79.89,7.6122
2025-11-03,7.8571,26.93,31.45,23.7,1.4,85.24,5.74,14.76,307,11,2025,8041.0,1,27.73,26.8,81.3,7.653
2025-11-04,7.8571,27.68,32.85,23.55,0.2,81.0,5.08,11.23,308,11,2025,8041.0,1,27.72,26.9,81.29,7.6938
2025-11-05,7.8571,28.1,33.05,23.8,1.7,76.95,6.66,14.22,309,11,2025,8041.0,1,27.64,28.5,81.52,7.7347
2025-11-06,7.8571,28.03,32.5,23.9,0.2,76.02,6.8,12.66,310,11,2025,8041.0,1,27.58,24.9,80.99,7.7755
2025-11-07,7.8571,28.39,33.55,23.85,0.0,73.98,6.27,14.28,311,11,2025,8041.0,1,27.6,22.9,80.03,7.8163
2025-11-08,7.8571,28.07,32.7,24.7,0.7,77.95,6.43,13.22,312,11,2025,8041.0,1,27.68,9.2,79.21,7.8571
2025-11-09,5.4286,26.55,30.75,23.3,12.2,86.04,7.88,14.18,313,11,2025,8041.0,1,27.68,16.4,79.6,7.5102
2025-11-10,5.4286,26.64,31.2,24.1,10.7,87.04,6.43,15.86,314,11,2025,8041.0,1,27.64,25.7,79.85,7.1632
2025-11-11,5.4286,25.88,29.15,23.4,1.5,89.12,7.54,14.44,315,11,2025,8041.0,1,27.38,27.0,81.01,6.8163
2025-11-12,5.4286,25.77,31.15,22.9,6.5,88.44,4.98,7.15,316,11,2025,8041.0,1,27.05,31.8,82.66,6.4694
2025-11-13,5.4286,25.83,31.95,23.3,18.6,89.85,5.99,10.9,317,11,2025,8041.0,1,26.73,50.2,84.63,6.1225
2025-11-14,5.4286,26.65,30.85,23.7,3.3,84.91,7.83,14.94,318,11,2025,8041.0,1,26.48,53.5,86.19,5.7755
2025-11-15,5.4286,25.52,29.55,23.35,8.3,91.59,4.75,10.17,319,11,2025,8041.0,1,26.12,61.1,88.14,5.4286
2025-11-16,5.5714,26.13,31.75,23.6,24.9,89.4,3.31,6.34,320,11,2025,8041.0,1,26.06,73.8,88.62,5.449
2025-11-17,5.5714,26.48,31.4,23.65,10.5,87.22,6.55,14.01,321,11,2025,8041.0,1,26.04,73.6,88.65,5.4694
2025-11-18,5.5714,26.64,31.65,23.0,3.9,83.95,6.95,13.47,322,11,2025,8041.0,1,26.15,76.0,87.91,5.4898
2025-11-19,5.5714,25.9,30.05,23.65,10.3,89.99,7.12,12.41,323,11,2025,8041.0,1,26.16,79.8,88.13,5.5102
2025-11-20,5.5714,26.57,30.45,23.3,0.8,86.01,4.88,8.96,324,11,2025,8041.0,1,26.27,62.0,87.58,5.5306
2025-11-21,5.5714,26.47,30.6,23.25,17.0,86.97,6.26,12.09,325,11,2025,8041.0,1,26.24,75.7,87.88,5.551
2025-11-22,5.5714,27.47,32.15,23.85,6.1,79.07,8.18,14.81,326,11,2025,8041.0,1,26.52,73.5,86.09,5.5714
2025-11-23,3.8571,26.86,31.1,23.6,3.1,85.34,5.53,9.83,327,11,2025,8041.0,1,26.63,51.7,85.51,5.3265
2025-11-24,3.8571,25.99,30.45,23.5,8.2,86.92,5.13,9.6,328,11,2025,8041.0,1,26.56,49.4,85.46,5.0816
2025-11-25,3.8571,26.62,31.65,23.0,11.5,85.28,5.02,12.83,329,11,2025,8041.0,1,26.55,57.0,85.65,4.8367
2025-11-26,3.8571,26.52,30.5,24.0,15.0,87.4,5.11,14.63,330,11,2025,8041.0,1,26.64,61.7,85.28,4.5918
2025-11-27,3.8571,25.4,28.85,23.4,20.1,89.61,10.84,18.91,331,11,2025,8041.0,1,26.48,81.0,85.8,4.3469
2025-11-28,3.8571,26.79,32.3,22.85,0.2,76.51,6.7,11.37,332,11,2025,8041.0,1,26.52,64.2,84.3,4.102
2025-11-29,3.8571,26.78,32.0,22.75,1.1,81.2,4.93,8.35,333,11,2025,8041.0,1,26.42,59.2,84.61,3.8571
2025-11-30,5.4286,26.46,31.75,24.0,5.6,88.46,4.14,10.56,334,11,2025,8041.0,1,26.37,61.7,85.05,4.0816
2025-12-01,5.4286,24.33,25.6,23.2,12.1,95.11,4.62,12.47,335,12,2025,8041.0,1,26.13,65.6,86.22,4.3061
2025-12-02,5.4286,26.42,33.05,21.95,1.3,83.5,4.4,9.47,336,12,2025,8041.0,1,26.1,55.4,85.97,4.5306
2025-12-03,5.4286,25.35,31.25,22.85,22.8,91.01,5.26,9.3,337,12,2025,8041.0,1,25.93,63.2,86.49,4.7551
2025-12-04,5.4286,26.43,32.7,22.55,2.6,82.62,4.61,9.14,338,12,2025,8041.0,1,26.08,45.7,85.49,4.9796
2025-12-05,5.4286,26.03,30.15,22.6,3.5,83.98,9.63,17.36,339,12,2025,8041.0,1,25.97,49.0,86.55,5.2041
2025-12-06,5.4286,26.69,31.45,23.3,0.2,78.56,8.86,15.51,340,12,2025,8041.0,1,25.96,48.1,86.18,5.4286
2025-12-07,6.5714,26.14,29.5,23.85,0.1,77.9,9.22,15.54,341,12,2025,8041.0,1,25.91,42.6,84.67,5.5919
2025-12-08,6.5714,26.13,30.6,22.3,0.8,78.48,8.3,14.45,342,12,2025,8041.0,1,26.17,31.3,82.29,5.7551
2025-12-09,6.5714,26.03,31.55,23.1,7.4,84.41,5.83,11.21,343,12,2025,8041.0,1,26.11,37.4,82.42,5.9184
2025-12-10,6.5714,25.95,30.35,23.35,3.8,88.12,3.58,6.03,344,12,2025,8041.0,1,26.2,18.4,82.01,6.0816
2025-12-11,6.5714,25.97,31.9,23.3,18.2,88.31,4.46,11.11,345,12,2025,8041.0,1,26.13,34.0,82.82,6.2449
2025-12-12,6.5714,25.19,30.25,22.9,3.1,90.31,5.09,8.54,346,12,2025,8041.0,1,26.01,33.6,83.73,6.4081
2025-12-13,6.5714,25.21,28.75,22.85,27.1,90.72,5.87,11.56,347,12,2025,8041.0,1,25.8,60.5,85.46,6.5714
2025-12-14,5.8571,23.81,26.35,22.85,27.2,97.52,5.9,11.03,348,12,2025,8041.0,1,25.47,87.6,88.27,6.4694
2025-12-15,5.8571,23.95,27.35,22.15,37.6,96.3,6.76,11.56,349,12,2025,8041.0,1,25.16,124.4,90.81,6.3673
2025-12-16,5.8571,24.41,28.7,22.75,34.0,93.2,6.98,12.58,350,12,2025,8041.0,1,24.93,151.0,92.07,6.2653
2025-12-17,5.8571,25.29,29.0,22.7,25.8,89.23,10.12,22.32,351,12,2025,8041.0,1,24.83,173.0,92.23,6.1632
2025-12-18,5.8571,25.06,27.8,23.2,9.7,91.44,7.13,13.63,352,12,2025,8041.0,1,24.7,164.5,92.67,6.0612
2025-12-19,5.8571,26.26,30.95,23.35,8.7,86.63,7.77,13.9,353,12,2025,8041.0,1,24.86,170.1,92.15,5.9591
2025-12-20,5.8571,27.13,31.95,23.8,1.4,78.89,9.76,15.37,354,12,2025,8041.0,1,25.13,144.4,90.46,5.8571
2025-12-21,4.5714,27.21,32.2,23.7,0.0,76.73,10.96,17.64,355,12,2025,8041.0,1,25.62,117.2,87.49,5.6734
2025-12-22,4.5714,27.03,32.25,23.4,1.0,80.84,8.75,15.17,356,12,2025,8041.0,1,26.06,80.6,85.28,5.4898
2025-12-23,4.5714,27.31,32.45,23.25,0.6,80.14,8.86,15.46,357,12,2025,8041.0,1,26.47,47.2,83.41,5.3061
2025-12-24,4.5714,26.96,31.9,23.5,2.6,83.6,7.11,11.99,358,12,2025,8041.0,1,26.71,24.0,82.61,5.1224
2025-12-25,4.5714,26.31,32.0,22.45,17.9,87.33,5.96,12.19,359,12,2025,8041.0,1,26.89,32.2,82.02,4.9387
2025-12-26,4.5714,25.86,30.6,23.15,7.0,89.63,5.25,12.46,360,12,2025,8041.0,1,26.83,30.5,82.45,4.7551
2025-12-27,4.5714,25.56,30.75,22.75,15.9,89.49,6.07,10.12,361,12,2025,8041.0,1,26.61,45.0,83.97,4.5714
2025-12-28,5.4286,25.6,29.45,22.9,10.7,88.15,9.04,14.47,362,12,2025,8041.0,1,26.38,55.7,85.6,4.6939
2025-12-29,5.4286,26.56,30.85,23.35,0.2,78.35,8.97,15.88,363,12,2025,8041.0,1,26.31,54.9,85.24,4.8163
2025-12-30,5.4286,26.42,30.4,23.55,0.5,79.66,8.47,12.24,364,12,2025,8041.0,1,26.18,54.8,85.17,4.9388
2025-12-31,5.4286,26.42,30.4,23.55,0.5,79.66,8.47,12.24,365,12,2025,8041.0,1,26.1,52.7,84.61,5.0612
