date,dengue_cases,temperature,temperature_max,temperature_min,rainfall,humidity,windspeed,windspeed_max,day_of_year,month,year,population_density,is_rainy_season,temperature_7d_avg,rainfall_7d_sum,humidity_7d_avg,cases_7d_avg
2013-01-01,45.07647391870297,25.6,27.9,24.1,8.6,89.0,8.3,12.4,1,1,2013,7364.888828263538,1,25.6,8.6,89.0,45.07647391870297
2013-01-02,45.07647391870297,25.9,28.5,24.3,7.8,88.0,7.9,11.5,2,1,2013,7364.888828263538,1,25.75,16.4,88.5,45.07647391870297
2013-01-03,45.07647391870297,25.9,28.3,24.3,8.2,89.0,10.1,13.1,3,1,2013,7364.888828263538,1,25.8,24.599999999999998,88.66666666666667,45.07647391870297
2013-01-04,45.07647391870297,25.6,27.7,24.6,4.8,89.0,11.0,14.8,4,1,2013,7364.888828263538,1,25.75,29.4,88.75,45.07647391870297
2013-01-05,45.07647391870297,25.7,28.4,24.4,7.7,88.0,9.7,13.6,5,1,2013,7364.888828263538,1,25.74,37.099999999999994,88.6,45.07647391870297
2013-01-06,45.07647391870297,26.5,29.8,24.0,0.0,84.0,7.4,10.9,6,1,2013,7364.888828263538,1,25.866666666666664,37.099999999999994,87.83333333333333,45.07647391870297
2013-01-07,49.59710923409292,27.0,30.1,24.4,0.0,83.0,10.1,17.1,7,1,2013,7364.888828263538,1,26.02857142857143,37.099999999999994,87.14285714285714,45.72227896375868
2013-01-08,49.59710923409292,26.4,29.4,24.8,2.0,85.0,11.3,16.4,8,1,2013,7364.888828263538,1,26.142857142857142,30.499999999999996,86.57142857142857,46.368084008814385
2013-01-09,49.59710923409292,26.1,29.0,24.8,11.3,86.0,10.9,15.0,9,1,2013,7364.888828263538,1,26.17142857142857,34.0,86.28571428571429,47.0138890538701
2013-01-10,49.59710923409292,26.0,28.0,24.4,0.2,83.0,9.6,12.6,10,1,2013,7364.888828263538,1,26.185714285714283,26.0,85.42857142857143,47.6596940989258
2013-01-11,49.59710923409292,26.2,28.5,24.6,1.5,83.0,11.8,15.9,11,1,2013,7364.888828263538,1,26.271428571428572,22.7,84.57142857142857,48.3054991439815
2013-01-12,49.59710923409292,25.9,28.4,24.6,0.2,83.0,11.4,17.7,12,1,2013,7364.888828263538,1,26.300000000000004,15.200000000000001,83.85714285714286,48.95130418903722
2013-01-13,49.59710923409292,26.1,29.3,24.5,2.1,82.0,10.5,15.5,13,1,2013,7364.888828263538,1,26.242857142857144,17.3,83.57142857142857,49.59710923409292
2013-01-14,49.74793673303088,26.2,28.6,24.5,0.6,81.0,13.3,15.4,14,1,2013,7364.888828263538,1,26.12857142857143,17.900000000000002,83.28571428571429,49.61865601965548
2013-01-15,49.74793673303088,26.2,28.8,25.0,2.6,82.0,12.2,15.3,15,1,2013,7364.888828263538,1,26.099999999999998,18.5,82.85714285714286,49.64020280521805
2013-01-16,49.74793673303088,26.2,28.3,25.0,0.9,81.0,14.0,19.3,16,1,2013,7364.888828263538,1,26.114285714285717,8.1,82.14285714285714,49.661749590780616
2013-01-17,49.74793673303088,26.3,28.5,25.1,0.0,76.0,16.7,21.6,17,1,2013,7364.888828263538,1,26.157142857142862,7.9,81.14285714285714,49.683296376343186
2013-01-18,49.74793673303088,25.7,28.4,24.4,5.3,82.0,15.4,20.2,18,1,2013,7364.888828263538,1,26.085714285714285,11.7,81.0,49.70484316190575
2013-01-19,49.74793673303088,24.0,24.9,23.1,32.6,93.0,11.9,15.9,19,1,2013,7364.888828263538,1,25.814285714285713,44.1,82.42857142857143,49.72638994746831
2013-01-20,49.74793673303088,24.8,26.5,23.8,26.8,91.0,11.1,13.6,20,1,2013,7364.888828263538,1,25.628571428571426,68.8,83.71428571428571,49.74793673303088
2013-01-21,45.89764585736509,25.2,27.7,24.0,10.6,89.0,11.2,14.8,21,1,2013,7364.888828263538,1,25.485714285714288,78.80000000000001,84.85714285714286,49.197895179364345
2013-01-22,45.89764585736509,24.9,26.8,23.8,3.7,90.0,11.0,14.7,22,1,2013,7364.888828263538,1,25.3,79.89999999999999,86.0,48.6478536256978
2013-01-23,45.89764585736509,25.6,27.9,24.3,7.9,87.0,11.1,16.9,23,1,2013,7364.888828263538,1,25.214285714285715,86.9,86.85714285714286,48.09781207203126
2013-01-24,45.89764585736509,25.5,27.9,24.1,3.7,87.0,10.2,16.6,24,1,2013,7364.888828263538,1,25.099999999999998,90.60000000000001,88.42857142857143,47.547770518364715
2013-01-25,45.89764585736509,25.7,27.9,24.2,0.4,84.0,12.4,15.9,25,1,2013,7364.888828263538,1,25.099999999999998,85.69999999999999,88.71428571428571,46.997728964698176
2013-01-26,45.89764585736509,25.7,28.6,23.9,1.2,81.0,11.9,15.1,26,1,2013,7364.888828263538,1,25.342857142857145,54.300000000000004,87.0,46.44768741103163
2013-01-27,45.89764585736509,25.8,28.2,24.2,0.5,81.0,11.2,16.7,27,1,2013,7364.888828263538,1,25.485714285714288,28.0,85.57142857142857,45.89764585736509
2013-01-28,43.23302670946147,26.0,28.2,24.5,1.9,81.0,13.0,16.5,28,1,2013,7364.888828263538,1,25.599999999999998,19.299999999999997,84.42857142857143,45.51698597909314
2013-01-29,43.23302670946147,26.0,28.5,24.1,0.3,81.0,13.5,18.0,29,1,2013,7364.888828263538,1,25.757142857142856,15.9,83.14285714285714,45.1363261008212
2013-01-30,43.23302670946147,26.1,28.9,24.0,0.0,80.0,13.2,16.8,30,1,2013,7364.888828263538,1,25.82857142857143,7.999999999999999,82.14285714285714,44.75566622254926
2013-01-31,43.23302670946147,26.2,28.9,24.5,0.9,83.0,12.6,16.9,31,1,2013,7364.888828263538,1,25.928571428571427,5.2,81.57142857142857,44.37500634427731
2013-02-01,43.23302670946147,26.4,28.8,25.0,1.8,84.0,14.5,17.8,32,2,2013,7364.888828263538,1,26.028571428571432,6.6,81.57142857142857,43.99434646600536
2013-02-02,43.23302670946147,26.5,29.2,24.7,0.3,80.0,14.7,19.7,33,2,2013,7364.888828263538,1,26.142857142857142,5.7,81.42857142857143,43.61368658773342
2013-02-03,43.23302670946147,24.8,25.2,24.6,51.9,91.0,12.5,19.2,34,2,2013,7364.888828263538,1,26.0,57.099999999999994,82.85714285714286,43.23302670946147
2013-02-04,42.00126880146829,25.2,26.8,24.0,14.3,91.0,10.3,13.5,35,2,2013,7364.888828263538,1,25.88571428571429,69.5,84.28571428571429,43.05706129403388
2013-02-05,42.00126880146829,24.9,26.8,24.2,23.4,91.0,6.9,11.4,36,2,2013,7364.888828263538,1,25.728571428571428,92.60000000000001,85.71428571428571,42.881095878606274
2013-02-06,42.00126880146829,25.2,27.1,23.9,23.0,90.0,6.5,8.7,37,2,2013,7364.888828263538,1,25.6,115.60000000000001,87.14285714285714,42.70513046317868
2013-02-07,42.00126880146829,25.4,27.8,24.2,15.2,89.0,6.2,8.8,38,2,2013,7364.888828263538,1,25.485714285714284,129.9,88.0,42.52916504775108
2013-02-08,42.00126880146829,25.0,26.6,23.7,20.4,90.0,5.0,8.3,39,2,2013,7364.888828263538,1,25.285714285714285,148.5,88.85714285714286,42.35319963232348
2013-02-09,42.00126880146829,25.5,27.7,24.1,6.0,88.0,7.6,10.9,40,2,2013,7364.888828263538,1,25.142857142857142,154.2,90.0,42.17723421689589
2013-02-10,42.00126880146829,24.3,24.9,23.8,34.0,92.0,10.7,14.8,41,2,2013,7364.888828263538,1,25.071428571428573,136.3,90.14285714285714,42.00126880146829
2013-02-11,47.64892070614452,25.0,27.3,24.2,15.4,90.0,9.2,13.9,42,2,2013,7364.888828263538,1,25.04285714285714,137.4,90.0,42.80807621642204
2013-02-12,47.64892070614452,25.2,27.1,24.0,7.7,89.0,11.0,15.0,43,2,2013,7364.888828263538,1,25.08571428571429,121.69999999999999,89.71428571428571,43.61488363137578
2013-02-13,47.64892070614452,25.1,27.3,23.8,16.9,88.0,10.7,13.5,44,2,2013,7364.888828263538,1,25.071428571428573,115.6,89.42857142857143,44.42169104632954
2013-02-14,47.64892070614452,24.4,25.5,23.7,19.0,92.0,8.1,12.1,45,2,2013,7364.888828263538,1,24.928571428571427,119.4,89.85714285714286,45.22849846128328
2013-02-15,47.64892070614452,24.7,27.1,23.6,27.6,91.0,10.8,14.4,46,2,2013,7364.888828263538,1,24.88571428571429,126.6,90.0,46.035305876237025
2013-02-16,47.64892070614452,24.8,26.6,23.6,7.9,90.0,10.0,13.3,47,2,2013,7364.888828263538,1,24.785714285714285,128.5,90.28571428571429,46.84211329119078
2013-02-17,47.64892070614452,24.4,25.3,23.6,16.4,93.0,8.7,12.4,48,2,2013,7364.888828263538,1,24.8,110.9,90.42857142857143,47.64892070614452
2013-02-18,44.10866413385119,25.5,28.1,23.9,14.7,87.0,9.3,11.6,49,2,2013,7364.888828263538,1,24.87142857142857,110.19999999999999,90.0,47.143169767245475
2013-02-19,44.10866413385119,25.1,27.4,24.2,10.6,90.0,9.9,12.9,50,2,2013,7364.888828263538,1,24.857142857142858,113.10000000000001,90.14285714285714,46.637418828346426
2013-02-20,44.10866413385119,25.6,28.8,23.9,4.8,87.0,9.4,11.9,51,2,2013,7364.888828263538,1,24.928571428571427,101.0,90.0,46.131667889447385
2013-02-21,44.10866413385119,25.3,27.7,24.0,15.3,89.0,10.2,13.7,52,2,2013,7364.888828263538,1,25.057142857142857,97.3,89.57142857142857,45.62591695054833
2013-02-22,44.10866413385119,25.7,28.8,24.2,1.5,83.0,12.2,15.2,53,2,2013,7364.888828263538,1,25.2,71.19999999999999,88.42857142857143,45.12016601164929
2013-02-23,44.10866413385119,26.1,29.0,23.9,0.8,82.0,11.1,16.3,54,2,2013,7364.888828263538,1,25.38571428571429,64.1,87.28571428571429,44.61441507275025
2013-02-24,44.10866413385119,26.0,28.8,24.7,10.2,85.0,11.1,17.5,55,2,2013,7364.888828263538,1,25.614285714285717,57.9,86.14285714285714,44.10866413385119
2013-02-25,42.38671685430969,25.8,28.7,24.6,15.0,88.0,8.6,10.6,56,2,2013,7364.888828263538,1,25.657142857142862,58.2,86.28571428571429,43.86267166534526
2013-02-26,42.38671685430969,25.6,27.5,24.3,9.6,88.0,9.4,12.9,57,2,2013,7364.888828263538,1,25.728571428571428,57.2,86.0,43.616679196839335
2013-02-27,42.38671685430969,25.8,28.9,24.3,18.5,88.0,7.0,10.1,58,2,2013,7364.888828263538,1,25.75714285714286,70.9,86.14285714285714,43.3706867283334
2013-02-28,42.38671685430969,26.5,29.6,24.5,4.0,87.0,8.1,10.9,59,2,2013,7364.888828263538,1,25.928571428571427,59.6,85.85714285714286,43.12469425982748
2013-03-01,42.38671685430969,27.0,29.8,24.9,4.6,85.0,9.4,12.8,60,3,2013,7364.888828263538,1,26.114285714285717,62.7,86.14285714285714,42.87870179132155
2013-03-02,42.38671685430969,26.9,29.6,25.5,9.3,87.0,9.7,15.3,61,3,2013,7364.888828263538,1,26.228571428571428,71.2,86.85714285714286,42.632709322815614
2013-03-03,42.38671685430969,26.8,28.8,25.6,6.1,87.0,12.9,18.1,62,3,2013,7364.888828263538,1,26.342857142857145,67.1,87.14285714285714,42.38671685430969
2013-03-04,43.69807816452012,26.5,28.8,25.1,0.0,82.0,13.9,22.4,63,3,2013,7364.888828263538,1,26.442857142857143,52.1,86.28571428571429,42.574054184339744
2013-03-05,43.69807816452012,26.1,28.4,24.5,2.0,83.0,12.9,16.8,64,3,2013,7364.888828263538,1,26.514285714285712,44.5,85.57142857142857,42.76139151436981
2013-03-06,43.69807816452012,26.0,28.6,24.0,0.9,84.0,12.9,17.1,65,3,2013,7364.888828263538,1,26.542857142857144,26.9,85.0,42.94872884439987
2013-03-07,43.69807816452012,26.2,28.6,24.5,1.5,85.0,11.5,14.7,66,3,2013,7364.888828263538,1,26.5,24.4,84.71428571428571,43.136066174429935
2013-03-08,43.69807816452012,26.3,28.8,24.8,4.7,86.0,12.9,18.2,67,3,2013,7364.888828263538,1,26.400000000000002,24.5,84.85714285714286,43.323403504459996
2013-03-09,43.69807816452012,26.4,29.1,24.7,5.0,85.0,9.8,13.4,68,3,2013,7364.888828263538,1,26.32857142857143,20.2,84.57142857142857,43.51074083449005
2013-03-10,43.69807816452012,26.5,29.1,25.1,6.8,85.0,6.8,9.8,69,3,2013,7364.888828263538,1,26.285714285714285,20.9,84.28571428571429,43.69807816452012
2013-03-11,43.48021622160977,26.8,29.2,25.2,0.9,83.0,9.0,12.8,70,3,2013,7364.888828263538,1,26.32857142857143,21.8,84.42857142857143,43.66695502981863
2013-03-12,43.48021622160977,26.5,29.2,24.2,0.0,81.0,8.0,11.9,71,3,2013,7364.888828263538,1,26.385714285714283,19.8,84.14285714285714,43.635831895117164
2013-03-13,43.48021622160977,26.5,29.5,24.4,1.5,82.0,6.0,8.5,72,3,2013,7364.888828263538,1,26.457142857142856,20.400000000000002,83.85714285714286,43.60470876041569
2013-03-14,43.48021622160977,26.6,28.8,25.2,3.6,84.0,8.5,13.4,73,3,2013,7364.888828263538,1,26.514285714285716,22.5,83.71428571428571,43.5735856257142
2013-03-15,43.48021622160977,26.6,29.1,24.5,2.5,84.0,8.4,11.0,74,3,2013,7364.888828263538,1,26.557142857142857,20.299999999999997,83.42857142857143,43.54246249101273
2013-03-16,43.48021622160977,26.7,29.0,25.4,4.5,84.0,8.8,13.8,75,3,2013,7364.888828263538,1,26.599999999999998,19.8,83.28571428571429,43.51133935631125
2013-03-17,43.48021622160977,26.3,29.3,24.7,20.4,87.0,7.7,11.3,76,3,2013,7364.888828263538,1,26.571428571428573,33.4,83.57142857142857,43.48021622160977
2013-03-18,41.74151033107517,26.8,29.1,24.9,1.7,83.0,7.2,9.9,77,3,2013,7364.888828263538,1,26.571428571428573,34.2,83.57142857142857,43.23182966581912
2013-03-19,41.74151033107517,26.9,29.5,25.0,0.9,81.0,8.7,10.5,78,3,2013,7364.888828263538,1,26.628571428571426,35.1,83.57142857142857,42.98344311002846
2013-03-20,41.74151033107517,27.2,29.1,25.2,0.6,80.0,5.5,9.4,79,3,2013,7364.888828263538,1,26.728571428571428,34.2,83.28571428571429,42.7350565542378
2013-03-21,41.74151033107517,27.0,28.7,25.7,4.6,84.0,6.5,10.5,80,3,2013,7364.888828263538,1,26.785714285714285,35.199999999999996,83.28571428571429,42.48666999844715
2013-03-22,41.74151033107517,26.8,30.1,24.8,5.6,84.0,5.0,8.4,81,3,2013,7364.888828263538,1,26.814285714285713,38.3,83.28571428571429,42.23828344265649
2013-03-23,41.74151033107517,26.7,29.6,24.7,9.8,86.0,5.7,9.6,82,3,2013,7364.888828263538,1,26.814285714285717,43.599999999999994,83.57142857142857,41.98989688686583
2013-03-24,41.74151033107517,26.6,29.3,24.9,8.8,86.0,2.9,5.8,83,3,2013,7364.888828263538,1,26.857142857142858,32.0,83.42857142857143,41.74151033107517
2013-03-25,45.42002544406161,26.5,29.2,24.7,8.0,87.0,6.0,8.9,84,3,2013,7364.888828263538,1,26.814285714285713,38.3,84.0,42.267012490073235
2013-03-26,45.42002544406161,26.5,29.3,24.5,8.1,86.0,4.3,7.8,85,3,2013,7364.888828263538,1,26.75714285714286,45.5,84.71428571428571,42.79251464907129
2013-03-27,45.42002544406161,26.9,29.4,24.9,6.3,84.0,4.2,7.4,86,3,2013,7364.888828263538,1,26.714285714285715,51.2,85.28571428571429,43.31801680806935
2013-03-28,45.42002544406161,26.7,29.1,24.5,3.9,86.0,3.3,5.8,87,3,2013,7364.888828263538,1,26.67142857142857,50.5,85.57142857142857,43.84351896706742
2013-03-29,45.42002544406161,26.7,29.3,24.8,6.1,87.0,3.9,7.3,88,3,2013,7364.888828263538,1,26.657142857142862,51.0,86.0,44.369021126065476
2013-03-30,45.42002544406161,26.5,29.2,24.6,9.4,88.0,3.7,8.7,89,3,2013,7364.888828263538,1,26.628571428571426,50.6,86.28571428571429,44.89452328506355
2013-03-31,45.42002544406161,27.2,29.8,25.1,4.0,85.0,3.1,6.1,90,3,2013,7364.888828263538,1,26.714285714285715,45.8,86.14285714285714,45.42002544406161
2013-04-01,45.32785308359955,27.5,29.8,25.7,4.4,85.0,4.9,9.8,91,4,2013,7364.888828263538,0,26.857142857142858,42.199999999999996,85.85714285714286,45.406857963995606
2013-04-02,45.32785308359955,26.9,29.1,25.6,19.0,88.0,4.7,8.4,92,4,2013,7364.888828263538,0,26.914285714285715,53.1,86.14285714285714,45.39369048392958
2013-04-03,45.32785308359955,26.8,28.7,25.5,18.7,88.0,4.3,7.5,93,4,2013,7364.888828263538,0,26.9,65.5,86.71428571428571,45.38052300386358
2013-04-04,45.32785308359955,27.1,29.3,25.3,12.0,87.0,6.1,11.3,94,4,2013,7364.888828263538,0,26.957142857142856,73.6,86.85714285714286,45.36735552379758
2013-04-05,45.32785308359955,27.4,29.6,25.1,8.9,85.0,7.5,10.0,95,4,2013,7364.888828263538,0,27.057142857142857,76.4,86.57142857142857,45.354188043731575
2013-04-06,45.32785308359955,27.2,28.7,26.0,9.8,86.0,13.1,19.6,96,4,2013,7364.888828263538,0,27.157142857142855,76.8,86.28571428571429,45.34102056366555
2013-04-07,45.32785308359955,27.2,28.6,26.4,6.4,84.0,12.4,20.7,97,4,2013,7364.888828263538,0,27.157142857142855,79.2,86.14285714285714,45.32785308359955
2013-04-08,48.424006464575605,27.3,29.8,25.4,6.1,85.0,4.2,7.0,98,4,2013,7364.888828263538,0,27.12857142857143,80.9,86.14285714285714,45.770160709453265
2013-04-09,48.424006464575605,26.9,29.2,26.1,9.5,87.0,4.3,7.6,99,4,2013,7364.888828263538,0,27.128571428571426,71.4,86.0,46.212468335306994
2013-04-10,48.424006464575605,26.6,28.5,24.9,9.8,88.0,5.2,9.0,100,4,2013,7364.888828263538,0,27.1,62.5,86.0,46.65477596116072
2013-04-11,48.424006464575605,26.4,27.9,25.3,5.0,88.0,7.0,12.0,101,4,2013,7364.888828263538,0,27.0,55.5,86.14285714285714,47.09708358701444
2013-04-12,48.424006464575605,27.3,30.0,25.3,1.1,84.0,5.3,7.0,102,4,2013,7364.888828263538,0,26.985714285714288,47.7,86.0,47.53939121286816
2013-04-13,48.424006464575605,27.2,29.4,25.1,3.6,87.0,4.8,8.0,103,4,2013,7364.888828263538,0,26.985714285714284,41.5,86.14285714285714,47.981698838721876
2013-04-14,48.424006464575605,27.3,29.4,25.0,4.0,85.0,4.9,11.0,104,4,2013,7364.888828263538,0,27.0,39.099999999999994,86.28571428571429,48.424006464575605
2013-04-15,56.16229509064164,27.9,30.2,25.8,0.3,82.0,5.8,8.8,105,4,2013,7364.888828263538,0,27.085714285714285,33.300000000000004,85.85714285714286,49.52947626829933
2013-04-16,56.16229509064164,27.9,30.6,25.2,1.0,84.0,4.6,6.3,106,4,2013,7364.888828263538,0,27.22857142857143,24.800000000000004,85.42857142857143,50.634946072023034
2013-04-17,56.16229509064164,27.3,29.5,25.4,13.8,86.0,9.5,17.0,107,4,2013,7364.888828263538,0,27.328571428571426,28.8,85.14285714285714,51.74041587574676
2013-04-18,56.16229509064164,28.1,29.9,26.5,2.4,84.0,6.8,10.9,108,4,2013,7364.888828263538,0,27.571428571428573,26.2,84.57142857142857,52.845885679470484
2013-04-19,56.16229509064164,26.7,28.7,25.1,7.0,87.0,6.0,11.3,109,4,2013,7364.888828263538,0,27.485714285714288,32.1,85.0,53.951355483194206
2013-04-20,56.16229509064164,26.8,28.7,25.4,11.2,86.0,6.4,13.2,110,4,2013,7364.888828263538,0,27.428571428571427,39.7,84.85714285714286,55.05682528691792
2013-04-21,56.16229509064164,26.1,28.0,25.0,10.9,89.0,3.6,9.0,111,4,2013,7364.888828263538,0,27.25714285714286,46.6,85.42857142857143,56.16229509064164
2013-04-22,57.53650119207621,27.0,29.9,24.6,6.0,84.0,3.8,7.5,112,4,2013,7364.888828263538,0,27.12857142857143,52.3,85.71428571428571,56.35861024798944
2013-04-23,57.53650119207621,26.8,28.5,25.1,5.8,87.0,4.5,8.6,113,4,2013,7364.888828263538,0,26.971428571428568,57.099999999999994,86.14285714285714,56.55492540533724
2013-04-24,57.53650119207621,27.0,29.4,25.1,4.1,85.0,5.2,7.9,114,4,2013,7364.888828263538,0,26.928571428571427,47.4,86.0,56.751240562685034
2013-04-25,57.53650119207621,26.9,29.7,24.7,7.2,85.0,4.6,7.9,115,4,2013,7364.888828263538,0,26.75714285714286,52.2,86.14285714285714,56.947555720032824
2013-04-26,57.53650119207621,26.5,28.4,24.6,11.5,86.0,4.7,8.7,116,4,2013,7364.888828263538,0,26.728571428571428,56.7,86.0,57.143870877380614
2013-04-27,57.53650119207621,27.0,28.9,25.2,6.0,85.0,5.0,7.6,117,4,2013,7364.888828263538,0,26.75714285714286,51.5,85.85714285714286,57.34018603472841
2013-04-28,57.53650119207621,26.3,28.1,24.5,10.7,86.0,3.8,7.7,118,4,2013,7364.888828263538,0,26.785714285714285,51.3,85.42857142857143,57.53650119207621
2013-04-29,57.02117390403824,26.8,28.9,25.1,7.7,85.0,6.3,11.2,119,4,2013,7364.888828263538,0,26.757142857142856,53.0,85.57142857142857,57.46288300807078
2013-04-30,57.02117390403824,26.9,28.8,25.2,2.1,87.0,5.4,10.6,120,4,2013,7364.888828263538,0,26.771428571428572,49.300000000000004,85.57142857142857,57.389264824065364
2013-05-01,57.02117390403824,26.4,28.1,24.9,6.3,88.0,5.5,9.7,121,5,2013,7364.888828263538,0,26.685714285714287,51.5,86.0,57.31564664005993
2013-05-02,57.02117390403824,26.5,27.5,25.4,9.6,89.0,5.2,9.7,122,5,2013,7364.888828263538,0,26.62857142857143,53.9,86.57142857142857,57.24202845605451
2013-05-03,57.02117390403824,26.2,27.7,25.0,22.5,90.0,4.8,8.5,123,5,2013,7364.888828263538,0,26.585714285714285,64.9,87.14285714285714,57.16841027204909
2013-05-04,57.02117390403824,26.8,28.7,24.7,13.8,86.0,6.9,10.7,124,5,2013,7364.888828263538,0,26.557142857142857,72.7,87.28571428571429,57.09479208804367
2013-05-05,57.02117390403824,26.4,28.0,25.0,27.3,88.0,4.1,9.4,125,5,2013,7364.888828263538,0,26.571428571428573,89.30000000000001,87.57142857142857,57.02117390403824
2013-05-06,74.25740531044627,26.6,28.4,25.0,7.9,89.0,3.7,8.0,126,5,2013,7364.888828263538,0,26.542857142857144,89.5,88.14285714285714,59.48349267638225
2013-05-07,74.25740531044627,26.2,28.2,24.8,19.9,89.0,4.6,7.8,127,5,2013,7364.888828263538,0,26.442857142857143,107.30000000000001,88.42857142857143,61.94581144872625
2013-05-08,74.25740531044627,26.5,28.2,25.2,13.4,90.0,5.5,11.2,128,5,2013,7364.888828263538,0,26.457142857142856,114.39999999999999,88.71428571428571,64.40813022107025
2013-05-09,74.25740531044627,27.2,29.1,26.0,9.6,86.0,6.1,10.8,129,5,2013,7364.888828263538,0,26.557142857142853,114.4,88.28571428571429,66.87044899341426
2013-05-10,74.25740531044627,27.7,29.6,26.8,2.6,85.0,6.2,12.1,130,5,2013,7364.888828263538,0,26.771428571428572,94.5,87.57142857142857,69.33276776575826
2013-05-11,74.25740531044627,27.5,28.9,26.2,7.5,85.0,8.3,13.9,131,5,2013,7364.888828263538,0,26.87142857142857,88.2,87.42857142857143,71.79508653810227
2013-05-12,74.25740531044627,27.6,29.1,25.9,3.8,83.0,8.8,14.7,132,5,2013,7364.888828263538,0,27.04285714285714,64.7,86.71428571428571,74.25740531044627
2013-05-13,76.85080036162921,28.5,30.5,26.9,1.4,82.0,7.0,11.3,133,5,2013,7364.888828263538,0,27.314285714285713,58.199999999999996,85.71428571428571,74.62789031775812
2013-05-14,76.85080036162921,28.2,29.9,25.7,1.2,85.0,5.3,8.4,134,5,2013,7364.888828263538,0,27.599999999999998,39.5,85.14285714285714,74.99837532506997
2013-05-15,76.85080036162921,27.9,29.9,26.1,8.4,86.0,5.0,9.0,135,5,2013,7364.888828263538,0,27.8,34.5,84.57142857142857,75.36886033238181
2013-05-16,76.85080036162921,27.6,29.8,25.4,3.5,83.0,7.9,13.8,136,5,2013,7364.888828263538,0,27.857142857142858,28.4,84.14285714285714,75.73934533969366
2013-05-17,76.85080036162921,28.1,30.6,25.6,0.5,79.0,4.1,9.6,137,5,2013,7364.888828263538,0,27.914285714285715,26.299999999999997,83.28571428571429,76.10983034700551
2013-05-18,76.85080036162921,27.1,29.1,25.2,6.9,87.0,5.8,10.0,138,5,2013,7364.888828263538,0,27.857142857142858,25.7,83.57142857142857,76.48031535431736
2013-05-19,76.85080036162921,28.0,29.6,26.1,1.5,82.0,5.5,9.7,139,5,2013,7364.888828263538,0,27.914285714285715,23.400000000000002,83.42857142857143,76.85080036162921
2013-05-20,88.34720750289894,27.6,29.7,25.9,3.7,85.0,5.1,9.9,140,5,2013,7364.888828263538,0,27.785714285714285,25.7,83.85714285714286,78.49314423895346
2013-05-21,88.34720750289894,26.9,28.5,25.3,9.2,88.0,2.6,7.6,141,5,2013,7364.888828263538,0,27.6,33.7,84.28571428571429,80.1354881162777
2013-05-22,88.34720750289894,27.0,28.8,25.2,2.8,88.0,5.6,9.7,142,5,2013,7364.888828263538,0,27.47142857142857,28.1,84.57142857142857,81.77783199360195
2013-05-23,88.34720750289894,27.8,29.5,26.7,5.4,81.0,6.8,9.6,143,5,2013,7364.888828263538,0,27.5,30.0,84.28571428571429,83.42017587092619
2013-05-24,88.34720750289894,26.0,27.6,24.5,27.0,89.0,5.2,9.2,144,5,2013,7364.888828263538,0,27.2,56.5,85.71428571428571,85.06251974825045
2013-05-25,88.34720750289894,27.4,29.9,25.6,1.6,83.0,4.6,8.3,145,5,2013,7364.888828263538,0,27.24285714285714,51.199999999999996,85.14285714285714,86.70486362557469
2013-05-26,88.34720750289894,26.5,28.8,24.8,11.6,88.0,3.9,6.4,146,5,2013,7364.888828263538,0,27.02857142857143,61.3,86.0,88.34720750289894
2013-05-27,89.79263770105419,27.2,29.7,24.7,0.6,83.0,4.4,6.4,147,5,2013,7364.888828263538,0,26.97142857142857,58.199999999999996,85.71428571428571,88.55369753120684
2013-05-28,89.79263770105419,27.0,29.5,24.9,13.4,86.0,3.9,5.9,148,5,2013,7364.888828263538,0,26.985714285714288,62.400000000000006,85.42857142857143,88.76018755951472
2013-05-29,89.79263770105419,26.4,28.2,25.0,3.3,88.0,5.6,9.2,149,5,2013,7364.888828263538,0,26.900000000000002,62.9,85.42857142857143,88.96667758782262
2013-05-30,89.79263770105419,26.6,29.3,25.1,14.9,87.0,6.8,13.3,150,5,2013,7364.888828263538,0,26.728571428571428,72.4,86.28571428571429,89.17316761613051
2013-05-31,89.79263770105419,26.7,29.8,24.9,4.6,83.0,6.3,11.4,151,5,2013,7364.888828263538,0,26.828571428571426,50.0,85.42857142857143,89.37965764443841
2013-06-01,89.79263770105419,26.9,29.9,25.2,14.0,83.0,4.1,6.5,152,6,2013,7364.888828263538,0,26.75714285714286,62.4,85.42857142857143,89.58614767274629
2013-06-02,89.79263770105419,27.1,29.7,24.8,0.6,84.0,5.4,9.0,153,6,2013,7364.888828263538,0,26.842857142857145,51.4,84.85714285714286,89.79263770105419
2013-06-03,93.46696316129236,27.0,28.8,25.5,10.4,87.0,3.7,6.6,154,6,2013,7364.888828263538,0,26.814285714285713,61.2,85.42857142857143,90.31754133823107
2013-06-04,93.46696316129236,26.8,29.1,25.3,8.5,87.0,6.6,11.2,155,6,2013,7364.888828263538,0,26.785714285714285,56.3,85.57142857142857,90.84244497540796
2013-06-05,93.46696316129236,26.8,29.8,25.1,10.0,85.0,5.3,8.4,156,6,2013,7364.888828263538,0,26.842857142857145,63.0,85.14285714285714,91.36734861258483
2013-06-06,93.46696316129236,27.2,29.9,25.8,5.6,86.0,8.4,11.7,157,6,2013,7364.888828263538,0,26.928571428571427,53.7,85.0,91.89225224976171
2013-06-07,93.46696316129236,27.5,30.5,25.4,4.2,84.0,4.2,7.2,158,6,2013,7364.888828263538,0,27.042857142857144,53.3,85.14285714285714,92.41715588693857
2013-06-08,93.46696316129236,27.3,29.4,25.4,10.3,85.0,5.2,9.2,159,6,2013,7364.888828263538,0,27.099999999999998,49.599999999999994,85.42857142857143,92.94205952411548
2013-06-09,93.46696316129236,27.1,28.9,25.2,4.7,85.0,8.7,12.7,160,6,2013,7364.888828263538,0,27.1,53.699999999999996,85.57142857142857,93.46696316129236
2013-06-10,98.34790861303408,27.5,29.4,25.4,3.0,82.0,9.2,13.0,161,6,2013,7364.888828263538,0,27.171428571428574,46.3,84.85714285714286,94.16424108296974
2013-06-11,98.34790861303408,27.4,28.8,26.0,8.3,84.0,9.2,14.8,162,6,2013,7364.888828263538,0,27.257142857142856,46.099999999999994,84.42857142857143,94.86151900464714
2013-06-12,98.34790861303408,28.2,30.1,26.7,0.0,76.0,9.5,14.3,163,6,2013,7364.888828263538,0,27.45714285714286,36.099999999999994,83.14285714285714,95.55879692632452
2013-06-13,98.34790861303408,28.1,30.0,26.0,0.3,78.0,7.6,11.9,164,6,2013,7364.888828263538,0,27.585714285714285,30.8,82.0,96.25607484800192
2013-06-14,98.34790861303408,27.8,29.9,25.9,0.0,81.0,8.2,12.9,165,6,2013,7364.888828263538,0,27.62857142857143,26.6,81.57142857142857,96.9533527696793
2013-06-15,98.34790861303408,28.1,30.3,25.6,0.1,80.0,7.6,10.8,166,6,2013,7364.888828263538,0,27.742857142857144,16.4,80.85714285714286,97.6506306913567
2013-06-16,98.34790861303408,28.2,30.2,26.5,1.1,82.0,9.1,12.7,167,6,2013,7364.888828263538,0,27.9,12.8,80.42857142857143,98.34790861303408
2013-06-17,102.03061337876882,28.3,30.3,26.7,0.0,76.0,9.9,13.4,168,6,2013,7364.888828263538,0,28.014285714285712,9.8,79.57142857142857,98.87400929385333
2013-06-18,102.03061337876882,28.2,30.8,25.6,0.0,78.0,8.8,13.4,169,6,2013,7364.888828263538,0,28.12857142857143,1.5,78.71428571428571,99.40010997467256
2013-06-19,102.03061337876882,28.3,30.5,24.9,0.0,76.0,9.2,16.6,170,6,2013,7364.888828263538,0,28.142857142857142,1.5,78.71428571428571,99.92621065549181
2013-06-20,102.03061337876882,28.1,30.6,24.3,0.0,75.0,8.6,15.2,171,6,2013,7364.888828263538,0,28.142857142857142,1.2,78.28571428571429,100.45231133631107
2013-06-21,102.03061337876882,27.7,30.6,24.8,0.0,75.0,8.6,12.7,172,6,2013,7364.888828263538,0,28.128571428571426,1.2,77.42857142857143,100.97841201713031
2013-06-22,102.03061337876882,28.0,30.3,25.5,0.0,76.0,6.9,11.7,173,6,2013,7364.888828263538,0,28.114285714285717,1.1,76.85714285714286,101.50451269794958
2013-06-23,102.03061337876882,28.0,30.1,25.5,0.5,80.0,7.7,12.7,174,6,2013,7364.888828263538,0,28.08571428571429,0.5,76.57142857142857,102.03061337876882
2013-06-24,106.93250709425187,28.7,30.8,27.0,0.0,79.0,7.2,8.5,175,6,2013,7364.888828263538,0,28.142857142857142,0.5,77.0,102.7308839095521
2013-06-25,106.93250709425187,28.3,30.5,26.5,4.2,81.0,6.0,9.0,176,6,2013,7364.888828263538,0,28.157142857142862,4.7,77.42857142857143,103.4311544403354
2013-06-26,106.93250709425187,26.5,28.9,24.7,7.9,86.0,4.6,7.4,177,6,2013,7364.888828263538,0,27.900000000000002,12.600000000000001,78.85714285714286,104.1314249711187
2013-06-27,106.93250709425187,26.6,29.7,24.0,7.9,85.0,5.4,8.4,178,6,2013,7364.888828263538,0,27.685714285714287,20.5,80.28571428571429,104.83169550190199
2013-06-28,106.93250709425187,27.2,29.6,24.8,1.3,84.0,5.6,9.3,179,6,2013,7364.888828263538,0,27.614285714285717,21.8,81.57142857142857,105.53196603268529
2013-06-29,106.93250709425187,27.3,29.7,24.7,2.2,83.0,5.7,10.5,180,6,2013,7364.888828263538,0,27.514285714285716,24.0,82.57142857142857,106.23223656346859
2013-06-30,106.93250709425187,27.0,28.9,25.1,2.4,83.0,6.9,13.7,181,6,2013,7364.888828263538,0,27.371428571428574,25.900000000000002,83.0,106.93250709425187
2013-07-01,107.69502389443817,27.2,29.1,25.2,0.1,81.0,8.0,13.9,182,7,2013,7364.888828263538,0,27.157142857142855,26.0,83.28571428571429,107.04143806570707
2013-07-02,107.69502389443817,26.8,28.7,25.6,1.8,85.0,8.4,12.9,183,7,2013,7364.888828263538,0,26.942857142857147,23.6,83.85714285714286,107.15036903716225
2013-07-03,107.69502389443817,27.5,29.2,26.1,0.3,78.0,6.1,8.7,184,7,2013,7364.888828263538,0,27.08571428571429,16.0,82.71428571428571,107.25930000861742
2013-07-04,107.69502389443817,26.5,27.9,24.9,6.6,84.0,8.2,14.3,185,7,2013,7364.888828263538,0,27.071428571428573,14.7,82.57142857142857,107.36823098007262
2013-07-05,107.69502389443817,26.2,28.0,25.0,7.0,82.0,8.0,16.1,186,7,2013,7364.888828263538,0,26.928571428571427,20.4,82.28571428571429,107.4771619515278
2013-07-06,107.69502389443817,27.2,28.7,25.5,0.0,77.0,9.2,13.9,187,7,2013,7364.888828263538,0,26.91428571428571,18.2,81.42857142857143,107.58609292298297
2013-07-07,107.69502389443817,27.7,29.4,26.0,1.5,79.0,8.8,13.9,188,7,2013,7364.888828263538,0,27.014285714285712,17.3,80.85714285714286,107.69502389443817
2013-07-08,107.70340319993468,26.8,28.8,25.3,1.7,85.0,8.5,12.4,189,7,2013,7364.888828263538,0,26.957142857142856,18.9,81.42857142857143,107.69622093808051
2013-07-09,107.70340319993468,25.7,27.2,24.3,11.2,86.0,9.3,15.8,190,7,2013,7364.888828263538,0,26.8,28.299999999999997,81.57142857142857,107.69741798172288
2013-07-10,107.70340319993468,26.9,28.6,25.1,1.0,80.0,8.8,12.0,191,7,2013,7364.888828263538,0,26.714285714285715,29.0,81.85714285714286,107.69861502536524
2013-07-11,107.70340319993468,27.1,29.1,25.1,4.5,81.0,4.8,11.4,192,7,2013,7364.888828263538,0,26.8,26.9,81.42857142857143,107.6998120690076
2013-07-12,107.70340319993468,26.4,29.4,24.8,26.7,86.0,5.5,10.7,193,7,2013,7364.888828263538,0,26.82857142857143,46.599999999999994,82.0,107.70100911264997
2013-07-13,107.70340319993468,26.5,28.4,25.1,3.9,86.0,7.8,11.7,194,7,2013,7364.888828263538,0,26.72857142857143,50.5,83.28571428571429,107.70220615629232
2013-07-14,107.70340319993468,26.2,28.0,24.1,4.2,86.0,6.7,11.3,195,7,2013,7364.888828263538,0,26.514285714285712,53.199999999999996,84.28571428571429,107.70340319993468
2013-07-15,113.16252073093848,27.0,28.7,25.1,0.1,81.0,8.3,13.7,196,7,2013,7364.888828263538,0,26.542857142857144,51.6,83.71428571428571,108.48327713293523
2013-07-16,113.16252073093848,26.6,27.8,25.4,11.5,86.0,5.4,9.1,197,7,2013,7364.888828263538,0,26.67142857142857,51.9,83.71428571428571,109.26315106593577
2013-07-17,113.16252073093848,25.7,27.4,24.3,12.0,88.0,5.1,10.6,198,7,2013,7364.888828263538,0,26.5,62.9,84.85714285714286,110.04302499893632
2013-07-18,113.16252073093848,25.8,27.1,25.0,5.1,87.0,9.1,12.8,199,7,2013,7364.888828263538,0,26.314285714285713,63.5,85.71428571428571,110.82289893193685
2013-07-19,113.16252073093848,26.6,28.5,24.7,2.7,84.0,8.5,12.6,200,7,2013,7364.888828263538,0,26.342857142857138,39.49999999999999,85.42857142857143,111.60277286493739
2013-07-20,113.16252073093848,26.9,28.7,25.6,1.8,83.0,8.2,10.8,201,7,2013,7364.888828263538,0,26.4,37.4,85.0,112.38264679793794
2013-07-21,113.16252073093848,27.2,29.4,25.4,0.0,84.0,7.5,11.1,202,7,2013,7364.888828263538,0,26.542857142857144,33.2,84.71428571428571,113.16252073093848
2013-07-22,112.11929719661774,27.5,29.5,26.0,1.8,80.0,8.9,13.0,203,7,2013,7364.888828263538,0,26.614285714285717,34.9,84.57142857142857,113.01348879746409
2013-07-23,112.11929719661774,27.8,29.4,26.7,0.1,80.0,10.8,15.0,204,7,2013,7364.888828263538,0,26.785714285714285,23.5,83.71428571428571,112.8644568639897
2013-07-24,112.11929719661774,27.4,29.3,26.0,0.9,83.0,9.5,13.6,205,7,2013,7364.888828263538,0,27.02857142857143,12.4,83.0,112.7154249305153
2013-07-25,112.11929719661774,26.7,28.5,25.0,6.0,85.0,7.1,10.9,206,7,2013,7364.888828263538,0,27.157142857142855,13.3,82.71428571428571,112.56639299704091
2013-07-26,112.11929719661774,26.6,28.0,25.1,6.6,87.0,6.9,10.7,207,7,2013,7364.888828263538,0,27.157142857142862,17.200000000000003,83.14285714285714,112.41736106356653
2013-07-27,112.11929719661774,26.6,28.8,25.4,8.4,85.0,6.0,11.5,208,7,2013,7364.888828263538,0,27.114285714285717,23.8,83.42857142857143,112.26832913009214
2013-07-28,112.11929719661774,27.4,29.7,25.2,1.4,80.0,6.0,8.9,209,7,2013,7364.888828263538,0,27.142857142857142,25.2,82.85714285714286,112.11929719661774
2013-07-29,96.58406480600982,26.6,28.1,25.0,3.7,85.0,7.1,11.4,210,7,2013,7364.888828263538,0,27.014285714285712,27.1,83.57142857142857,109.89997828367373
2013-07-30,96.58406480600982,27.1,28.3,26.5,5.9,84.0,7.8,13.4,211,7,2013,7364.888828263538,0,26.914285714285715,32.900000000000006,84.14285714285714,107.68065937072977
2013-07-31,96.58406480600982,27.0,28.6,26.0,3.8,84.0,8.3,13.0,212,7,2013,7364.888828263538,0,26.857142857142858,35.800000000000004,84.28571428571429,105.46134045778578
2013-08-01,96.58406480600982,26.5,28.4,24.9,3.5,84.0,10.0,13.9,213,8,2013,7364.888828263538,0,26.82857142857143,33.3,84.14285714285714,103.24202154484179
2013-08-02,96.58406480600982,26.6,28.5,24.2,12.1,84.0,9.4,13.2,214,8,2013,7364.888828263538,0,26.828571428571426,38.8,83.71428571428571,101.02270263189779
2013-08-03,96.58406480600982,27.4,28.8,26.4,0.7,79.0,8.8,12.0,215,8,2013,7364.888828263538,0,26.942857142857143,31.099999999999998,82.85714285714286,98.80338371895381
2013-08-04,96.58406480600982,27.0,28.6,25.6,1.1,84.0,8.9,13.0,216,8,2013,7364.888828263538,0,26.885714285714283,30.8,83.42857142857143,96.58406480600982
2013-08-05,99.26963221765482,26.3,27.5,24.8,7.0,84.0,9.8,17.0,217,8,2013,7364.888828263538,0,26.842857142857145,34.099999999999994,83.28571428571429,96.96771729338768
2013-08-06,99.26963221765482,26.5,28.7,24.3,5.2,83.0,7.0,11.6,218,8,2013,7364.888828263538,0,26.75714285714286,33.4,83.14285714285714,97.35136978076552
2013-08-07,99.26963221765482,26.6,28.4,24.4,3.1,85.0,8.0,14.8,219,8,2013,7364.888828263538,0,26.7,32.699999999999996,83.28571428571429,97.7350222681434
2013-08-08,99.26963221765482,25.9,27.3,24.4,10.6,87.0,10.0,14.0,220,8,2013,7364.888828263538,0,26.614285714285717,39.8,83.71428571428571,98.11867475552125
2013-08-09,99.26963221765482,26.4,28.8,25.1,6.2,86.0,7.9,13.1,221,8,2013,7364.888828263538,0,26.58571428571429,33.9,84.0,98.50232724289911
2013-08-10,99.26963221765482,26.3,28.5,24.8,1.9,85.0,9.0,13.7,222,8,2013,7364.888828263538,0,26.428571428571427,35.099999999999994,84.85714285714286,98.88597973027696
2013-08-11,99.26963221765482,26.5,27.9,24.8,2.8,85.0,7.8,10.9,223,8,2013,7364.888828263538,0,26.357142857142858,36.800000000000004,85.0,99.26963221765482
2013-08-12,85.32646787139184,26.7,28.6,24.7,4.0,85.0,7.8,12.2,224,8,2013,7364.888828263538,0,26.41428571428571,33.8,85.14285714285714,97.27775159676011
2013-08-13,85.32646787139184,26.3,28.1,24.4,5.6,85.0,9.9,16.3,225,8,2013,7364.888828263538,0,26.385714285714283,34.2,85.42857142857143,95.2858709758654
2013-08-14,85.32646787139184,26.3,27.4,25.4,5.6,85.0,10.6,16.4,226,8,2013,7364.888828263538,0,26.342857142857145,36.699999999999996,85.42857142857143,93.29399035497067
2013-08-15,85.32646787139184,27.2,28.6,25.6,3.4,78.0,10.3,14.2,227,8,2013,7364.888828263538,0,26.52857142857143,29.5,84.14285714285714,91.30210973407597
2013-08-16,85.32646787139184,27.2,28.7,25.9,3.0,80.0,8.7,13.7,228,8,2013,7364.888828263538,0,26.642857142857142,26.3,83.28571428571429,89.31022911318125
2013-08-17,85.32646787139184,26.5,27.9,25.0,5.9,86.0,6.1,10.6,229,8,2013,7364.888828263538,0,26.67142857142857,30.299999999999997,83.42857142857143,87.31834849228655
2013-08-18,85.32646787139184,27.1,29.0,25.7,5.0,83.0,7.7,12.8,230,8,2013,7364.888828263538,0,26.75714285714286,32.5,83.14285714285714,85.32646787139184
2013-08-19,83.09757260930893,26.7,28.9,24.8,5.6,83.0,7.9,13.0,231,8,2013,7364.888828263538,0,26.75714285714286,34.1,82.85714285714286,85.00805426252285
2013-08-20,83.09757260930893,26.0,27.2,24.8,3.7,87.0,5.7,11.5,232,8,2013,7364.888828263538,0,26.714285714285715,32.2,83.14285714285714,84.68964065365387
2013-08-21,83.09757260930893,26.4,28.3,25.3,3.6,85.0,8.6,13.2,233,8,2013,7364.888828263538,0,26.728571428571428,30.2,83.14285714285714,84.37122704478487
2013-08-22,83.09757260930893,26.8,28.5,25.6,0.1,82.0,9.6,13.3,234,8,2013,7364.888828263538,0,26.67142857142857,26.9,83.71428571428571,84.0528134359159
2013-08-23,83.09757260930893,26.9,28.6,25.1,2.4,78.0,9.8,13.4,235,8,2013,7364.888828263538,0,26.62857142857143,26.3,83.42857142857143,83.7343998270469
2013-08-24,83.09757260930893,27.5,29.2,26.3,0.0,77.0,10.6,14.8,236,8,2013,7364.888828263538,0,26.77142857142857,20.4,82.14285714285714,83.4159862181779
2013-08-25,83.09757260930893,27.1,28.5,25.4,2.1,82.0,11.7,17.6,237,8,2013,7364.888828263538,0,26.77142857142857,17.5,82.0,83.09757260930893
2013-08-26,75.15399099857737,26.5,27.9,25.0,5.2,85.0,11.8,15.9,238,8,2013,7364.888828263538,0,26.74285714285714,17.1,82.28571428571429,81.96277523634727
2013-08-27,75.15399099857737,27.3,29.0,25.9,2.6,79.0,10.6,14.3,239,8,2013,7364.888828263538,0,26.928571428571427,16.0,81.14285714285714,80.82797786338563
2013-08-28,75.15399099857737,26.1,27.4,25.4,8.0,87.0,10.1,14.3,240,8,2013,7364.888828263538,0,26.885714285714283,20.4,81.42857142857143,79.69318049042397
2013-08-29,75.15399099857737,25.9,27.4,24.9,6.7,88.0,6.1,12.0,241,8,2013,7364.888828263538,0,26.757142857142856,27.000000000000004,82.28571428571429,78.55838311746233
2013-08-30,75.15399099857737,26.3,27.9,24.3,7.1,87.0,6.0,12.1,242,8,2013,7364.888828263538,0,26.671428571428574,31.7,83.57142857142857,77.42358574450067
2013-08-31,75.15399099857737,26.6,28.6,24.4,6.1,83.0,8.1,12.3,243,8,2013,7364.888828263538,0,26.542857142857144,37.8,84.42857142857143,76.28878837153901
2013-09-01,75.15399099857737,25.7,27.0,24.3,32.5,87.0,5.8,11.9,244,9,2013,7364.888828263538,0,26.342857142857138,68.19999999999999,85.14285714285714,75.15399099857737
2013-09-02,64.77203148834909,25.5,28.1,24.0,16.4,89.0,4.8,8.8,245,9,2013,7364.888828263538,0,26.199999999999996,79.4,85.71428571428571,73.67085392568762
2013-09-03,64.77203148834909,26.0,28.7,23.8,6.7,85.0,4.5,8.7,246,9,2013,7364.888828263538,0,26.014285714285712,83.49999999999999,86.57142857142857,72.18771685279786
2013-09-04,64.77203148834909,25.6,27.0,24.2,14.0,87.0,5.6,9.7,247,9,2013,7364.888828263538,0,25.942857142857147,89.49999999999999,86.57142857142857,70.7045797799081
2013-09-05,64.77203148834909,25.7,26.9,24.8,15.9,87.0,8.1,13.5,248,9,2013,7364.888828263538,0,25.914285714285715,98.7,86.42857142857143,69.22144270701835
2013-09-06,64.77203148834909,25.2,27.1,24.0,25.8,89.0,8.0,12.0,249,9,2013,7364.888828263538,0,25.757142857142856,117.39999999999999,86.71428571428571,67.7383056341286
2013-09-07,64.77203148834909,25.7,27.4,23.8,9.0,81.0,8.6,14.3,250,9,2013,7364.888828263538,0,25.62857142857143,120.3,86.42857142857143,66.25516856123885
2013-09-08,64.77203148834909,25.5,27.8,23.6,16.8,86.0,6.9,13.3,251,9,2013,7364.888828263538,0,25.6,104.6,86.28571428571429,64.77203148834909
2013-09-09,56.41367425553821,25.3,26.5,24.3,7.6,88.0,8.0,12.3,252,9,2013,7364.888828263538,0,25.571428571428573,95.8,86.14285714285714,63.57798045509039
2013-09-10,56.41367425553821,25.1,26.0,24.1,10.0,88.0,10.1,16.5,253,9,2013,7364.888828263538,0,25.442857142857147,99.10000000000001,86.57142857142857,62.38392942183169
2013-09-11,56.41367425553821,26.4,28.1,25.2,1.4,80.0,8.2,12.4,254,9,2013,7364.888828263538,0,25.557142857142853,86.5,85.57142857142857,61.189878388573
2013-09-12,56.41367425553821,26.4,28.7,24.2,6.0,84.0,9.8,14.1,255,9,2013,7364.888828263538,0,25.657142857142855,76.6,85.14285714285714,59.9958273553143
2013-09-13,56.41367425553821,26.6,28.3,25.2,3.2,84.0,7.4,11.2,256,9,2013,7364.888828263538,0,25.857142857142858,54.0,84.42857142857143,58.80177632205561
2013-09-14,56.41367425553821,26.1,27.7,24.7,7.0,88.0,6.3,11.7,257,9,2013,7364.888828263538,0,25.914285714285715,52.0,85.42857142857143,57.60772528879691
2013-09-15,56.41367425553821,25.4,27.5,23.9,14.5,87.0,6.8,10.6,258,9,2013,7364.888828263538,0,25.9,49.7,85.57142857142857,56.41367425553821
2013-09-16,53.1834519866173,26.5,29.0,24.5,2.7,80.0,6.1,10.3,259,9,2013,7364.888828263538,0,26.071428571428573,44.800000000000004,84.42857142857143,55.952213931406654
2013-09-17,53.1834519866173,26.3,28.4,24.5,1.6,87.0,6.4,11.7,260,9,2013,7364.888828263538,0,26.24285714285714,36.4,84.28571428571429,55.490753607275096
2013-09-18,53.1834519866173,27.2,29.1,25.9,1.3,81.0,7.0,10.8,261,9,2013,7364.888828263538,0,26.357142857142858,36.300000000000004,84.42857142857143,55.02929328314354
2013-09-19,53.1834519866173,27.2,28.6,26.1,4.2,84.0,8.1,13.0,262,9,2013,7364.888828263538,0,26.47142857142857,34.5,84.42857142857143,54.56783295901198
2013-09-20,53.1834519866173,27.5,29.2,26.1,1.2,83.0,10.3,14.5,263,9,2013,7364.888828263538,0,26.6,32.5,84.28571428571429,54.106372634880415
2013-09-21,53.1834519866173,27.5,29.1,26.3,0.1,84.0,10.6,16.2,264,9,2013,7364.888828263538,0,26.8,25.6,83.71428571428571,53.64491231074886
2013-09-22,53.1834519866173,27.7,29.5,26.5,1.7,80.0,11.0,16.4,265,9,2013,7364.888828263538,0,27.12857142857143,12.8,82.71428571428571,53.1834519866173
2013-09-23,46.840317725727225,27.6,29.6,26.1,0.0,79.0,10.1,13.0,266,9,2013,7364.888828263538,0,27.285714285714285,10.100000000000001,82.57142857142857,52.277289949347285
2013-09-24,46.840317725727225,27.6,29.2,26.6,2.9,81.0,10.5,14.9,267,9,2013,7364.888828263538,0,27.47142857142857,11.4,81.71428571428571,51.37112791207728
2013-09-25,46.840317725727225,27.7,29.1,26.4,1.3,82.0,9.0,14.4,268,9,2013,7364.888828263538,0,27.542857142857144,11.4,81.85714285714286,50.46496587480726
2013-09-26,46.840317725727225,27.3,29.0,26.4,10.1,84.0,6.9,12.3,269,9,2013,7364.888828263538,0,27.557142857142857,17.299999999999997,81.85714285714286,49.558803837537255
2013-09-27,46.840317725727225,27.1,28.7,26.0,6.4,85.0,6.9,11.3,270,9,2013,7364.888828263538,0,27.5,22.5,82.14285714285714,48.65264180026725
2013-09-28,46.840317725727225,26.3,28.3,24.8,11.2,88.0,4.6,10.5,271,9,2013,7364.888828263538,0,27.32857142857143,33.599999999999994,82.71428571428571,47.74647976299724
2013-09-29,46.840317725727225,26.2,28.6,24.2,15.7,86.0,8.2,13.7,272,9,2013,7364.888828263538,0,27.114285714285717,47.599999999999994,83.57142857142857,46.840317725727225
2013-09-30,45.65464599796508,26.4,28.5,24.4,4.8,86.0,8.2,13.1,273,9,2013,7364.888828263538,0,26.942857142857147,52.4,84.57142857142857,46.670936050332635
2013-10-01,45.65464599796508,26.9,28.4,25.3,10.2,85.0,8.7,13.4,274,10,2013,7364.888828263538,0,26.842857142857138,59.7,85.14285714285714,46.501554374938046
2013-10-02,45.65464599796508,26.6,28.7,24.7,7.0,85.0,8.9,13.0,275,10,2013,7364.888828263538,0,26.685714285714287,65.39999999999999,85.57142857142857,46.33217269954345
2013-10-03,45.65464599796508,26.6,28.0,24.8,1.4,86.0,6.0,10.1,276,10,2013,7364.888828263538,0,26.585714285714285,56.7,85.85714285714286,46.16279102414886
2013-10-04,45.65464599796508,26.8,28.9,25.3,5.7,84.0,7.0,11.0,277,10,2013,7364.888828263538,0,26.542857142857144,55.99999999999999,85.71428571428571,45.99340934875426
2013-10-05,45.65464599796508,26.6,29.0,23.7,11.9,85.0,8.7,13.2,278,10,2013,7364.888828263538,0,26.585714285714285,56.7,85.28571428571429,45.82402767335967
2013-10-06,45.65464599796508,26.3,29.1,24.0,8.6,85.0,10.1,17.4,279,10,2013,7364.888828263538,0,26.599999999999998,49.599999999999994,85.14285714285714,45.65464599796508
2013-10-07,41.95937227398553,26.5,28.9,24.8,2.8,83.0,9.4,16.2,280,10,2013,7364.888828263538,0,26.61428571428571,47.6,84.71428571428571,45.12674975168228
2013-10-08,41.95937227398553,26.8,29.4,25.3,4.4,85.0,7.2,11.2,281,10,2013,7364.888828263538,0,26.6,41.800000000000004,84.71428571428571,44.5988535053995
2013-10-09,41.95937227398553,26.7,30.0,24.6,10.5,84.0,6.3,9.9,282,10,2013,7364.888828263538,0,26.61428571428571,45.3,84.57142857142857,44.0709572591167
2013-10-10,41.95937227398553,26.3,28.4,24.4,7.3,86.0,5.7,10.8,283,10,2013,7364.888828263538,0,26.571428571428573,51.199999999999996,84.57142857142857,43.54306101283391
2013-10-11,41.95937227398553,25.9,27.6,24.2,9.7,88.0,6.0,10.5,284,10,2013,7364.888828263538,0,26.442857142857143,55.2,85.14285714285714,43.015164766551116
2013-10-12,41.95937227398553,25.9,27.0,24.2,14.4,87.0,7.3,14.5,285,10,2013,7364.888828263538,0,26.342857142857138,57.699999999999996,85.42857142857143,42.48726852026832
2013-10-13,41.95937227398553,26.6,28.4,25.5,6.4,85.0,10.3,13.1,286,10,2013,7364.888828263538,0,26.38571428571429,55.5,85.42857142857143,41.95937227398553
2013-10-14,44.04581934262705,26.6,28.0,25.4,3.5,86.0,9.4,13.3,287,10,2013,7364.888828263538,0,26.400000000000002,56.2,85.85714285714286,42.25743614093432
2013-10-15,44.04581934262705,26.8,28.2,25.8,2.5,83.0,8.4,13.7,288,10,2013,7364.888828263538,0,26.400000000000002,54.3,85.57142857142857,42.555500007883104
2013-10-16,44.04581934262705,26.9,29.0,25.7,1.6,86.0,6.8,11.8,289,10,2013,7364.888828263538,0,26.428571428571427,45.4,85.85714285714286,42.85356387483189
2013-10-17,44.04581934262705,27.6,30.0,25.3,0.1,81.0,7.6,13.0,290,10,2013,7364.888828263538,0,26.614285714285717,38.2,85.14285714285714,43.15162774178068
2013-10-18,44.04581934262705,26.2,28.4,24.5,10.4,88.0,7.2,11.8,291,10,2013,7364.888828263538,0,26.657142857142855,38.9,85.14285714285714,43.449691608729474
2013-10-19,44.04581934262705,26.1,28.9,23.9,7.4,87.0,3.4,6.8,292,10,2013,7364.888828263538,0,26.685714285714283,31.900000000000002,85.14285714285714,43.74775547567826
2013-10-20,44.04581934262705,25.6,27.9,23.9,12.9,88.0,7.3,11.1,293,10,2013,7364.888828263538,0,26.542857142857144,38.4,85.57142857142857,44.04581934262705
2013-10-21,41.72056206733378,25.7,28.2,24.3,18.6,88.0,8.1,12.6,294,10,2013,7364.888828263538,0,26.414285714285715,53.5,85.85714285714286,43.71363973187088
2013-10-22,41.72056206733378,26.2,28.0,24.7,6.6,87.0,5.6,10.0,295,10,2013,7364.888828263538,0,26.328571428571426,57.6,86.42857142857143,43.38146012111469
2013-10-23,41.72056206733378,26.1,28.3,24.1,6.3,86.0,6.0,9.2,296,10,2013,7364.888828263538,0,26.214285714285715,62.3,86.42857142857143,43.04928051035851
2013-10-24,41.72056206733378,26.3,29.0,24.8,8.9,84.0,4.7,7.8,297,10,2013,7364.888828263538,0,26.02857142857143,71.1,86.85714285714286,42.71710089960232
2013-10-25,41.72056206733378,26.4,28.5,24.3,3.6,84.0,5.3,11.1,298,10,2013,7364.888828263538,0,26.057142857142857,64.3,86.28571428571429,42.384921288846144
2013-10-26,41.72056206733378,26.5,29.4,24.2,4.1,84.0,6.5,10.9,299,10,2013,7364.888828263538,0,26.114285714285717,61.0,85.85714285714286,42.05274167808996
2013-10-27,41.72056206733378,25.9,28.1,24.3,17.7,85.0,5.8,9.0,300,10,2013,7364.888828263538,0,26.157142857142855,65.8,85.42857142857143,41.72056206733378
2013-10-28,39.18582215462673,25.8,28.3,24.1,6.0,87.0,5.2,6.9,301,10,2013,7364.888828263538,0,26.17142857142857,53.2,85.28571428571429,41.358456365518485
2013-10-29,39.18582215462673,26.0,28.5,23.7,7.0,86.0,5.1,9.1,302,10,2013,7364.888828263538,0,26.142857142857142,53.599999999999994,85.14285714285714,40.9963506637032
2013-10-30,39.18582215462673,25.7,28.1,23.9,5.3,86.0,4.2,6.8,303,10,2013,7364.888828263538,0,26.085714285714285,52.6,85.14285714285714,40.634244961887894
2013-10-31,39.18582215462673,26.0,28.7,24.3,10.3,86.0,3.5,6.3,304,10,2013,7364.888828263538,0,26.042857142857144,54.0,85.42857142857143,40.272139260072606
2013-11-01,39.18582215462673,25.7,27.6,24.1,11.6,86.0,3.8,5.9,305,11,2013,7364.888828263538,1,25.942857142857143,62.0,85.71428571428571,39.91003355825732
2013-11-02,39.18582215462673,25.7,27.8,23.9,12.0,87.0,4.1,6.9,306,11,2013,7364.888828263538,1,25.828571428571426,69.9,86.14285714285714,39.54792785644202
2013-11-03,39.18582215462673,25.9,28.6,24.4,4.8,86.0,5.7,9.0,307,11,2013,7364.888828263538,1,25.828571428571426,57.0,86.28571428571429,39.18582215462673
2013-11-04,37.24182327942659,26.1,28.4,24.4,4.4,85.0,6.9,9.6,308,11,2013,7364.888828263538,1,25.87142857142857,55.4,86.0,38.90810802959813
2013-11-05,37.24182327942659,25.9,28.9,24.2,12.2,85.0,6.7,11.5,309,11,2013,7364.888828263538,1,25.857142857142858,60.60000000000001,85.85714285714286,38.630393904569544
2013-11-06,37.24182327942659,25.4,27.4,24.5,17.3,89.0,7.6,13.9,310,11,2013,7364.888828263538,1,25.814285714285713,72.6,86.28571428571429,38.35267977954095
2013-11-07,37.24182327942659,26.7,29.1,24.9,5.6,84.0,6.8,9.4,311,11,2013,7364.888828263538,1,25.91428571428571,67.9,86.0,38.07496565451236
2013-11-08,37.24182327942659,26.4,28.5,24.8,2.5,85.0,4.6,9.7,312,11,2013,7364.888828263538,1,26.014285714285712,58.800000000000004,85.85714285714286,37.79725152948377
2013-11-09,37.24182327942659,26.1,28.0,24.4,15.6,88.0,4.3,9.2,313,11,2013,7364.888828263538,1,26.071428571428573,62.400000000000006,86.0,37.519537404455185
2013-11-10,37.24182327942659,25.7,27.1,24.5,18.9,90.0,3.7,8.2,314,11,2013,7364.888828263538,1,26.042857142857144,76.5,86.57142857142857,37.24182327942659
2013-11-11,37.31723702889557,25.8,27.1,24.6,20.9,89.0,5.1,8.8,315,11,2013,7364.888828263538,1,26.0,93.0,87.14285714285714,37.25259667220787
2013-11-12,37.31723702889557,26.1,28.6,24.5,7.5,87.0,4.6,7.3,316,11,2013,7364.888828263538,1,26.02857142857143,88.3,87.42857142857143,37.263370064989154
2013-11-13,37.31723702889557,26.2,29.1,24.3,7.6,86.0,4.1,7.2,317,11,2013,7364.888828263538,1,26.142857142857142,78.60000000000001,87.0,37.274143457770435
2013-11-14,37.31723702889557,26.1,28.8,24.6,1.6,85.0,5.2,10.8,318,11,2013,7364.888828263538,1,26.057142857142857,74.6,87.14285714285714,37.284916850551724
2013-11-15,37.31723702889557,26.2,29.2,24.6,17.7,85.0,5.2,7.0,319,11,2013,7364.888828263538,1,26.02857142857143,89.8,87.14285714285714,37.295690243333006
2013-11-16,37.31723702889557,26.2,28.0,24.7,2.0,85.0,5.6,7.6,320,11,2013,7364.888828263538,1,26.042857142857144,76.2,86.71428571428571,37.30646363611429
2013-11-17,37.31723702889557,25.3,27.1,24.2,12.5,89.0,7.3,11.8,321,11,2013,7364.888828263538,1,25.985714285714284,69.8,86.57142857142857,37.31723702889557
2013-11-18,32.574550117846975,25.8,28.0,24.6,5.1,84.0,8.6,11.9,322,11,2013,7364.888828263538,1,25.985714285714288,54.0,85.85714285714286,36.6397103273172
2013-11-19,32.574550117846975,25.5,28.5,24.2,13.8,89.0,6.3,9.3,323,11,2013,7364.888828263538,1,25.900000000000002,60.300000000000004,86.14285714285714,35.96218362573883
2013-11-20,32.574550117846975,25.9,28.7,24.2,4.0,85.0,9.8,14.9,324,11,2013,7364.888828263538,1,25.857142857142858,56.7,86.0,35.28465692416046
2013-11-21,32.574550117846975,26.4,28.8,24.4,2.9,84.0,11.0,14.8,325,11,2013,7364.888828263538,1,25.900000000000002,58.0,85.85714285714286,34.607130222582086
2013-11-22,32.574550117846975,26.4,29.2,24.2,6.7,85.0,6.2,9.4,326,11,2013,7364.888828263538,1,25.928571428571427,47.0,85.85714285714286,33.92960352100372
2013-11-23,32.574550117846975,26.4,28.2,24.4,7.4,86.0,4.8,7.6,327,11,2013,7364.888828263538,1,25.957142857142856,52.4,86.0,33.25207681942535
2013-11-24,32.574550117846975,26.3,28.9,24.5,7.2,87.0,5.4,9.2,328,11,2013,7364.888828263538,1,26.099999999999998,47.1,85.71428571428571,32.574550117846975
2013-11-25,32.22261928699178,26.3,28.4,25.0,14.3,86.0,6.3,13.0,329,11,2013,7364.888828263538,1,26.17142857142857,56.300000000000004,86.0,32.52427428486766
2013-11-26,32.22261928699178,26.3,28.9,24.7,6.7,88.0,6.9,12.0,330,11,2013,7364.888828263538,1,26.285714285714285,49.2,85.85714285714286,32.47399845188835
2013-11-27,32.22261928699178,26.4,29.2,24.5,6.3,86.0,4.9,9.0,331,11,2013,7364.888828263538,1,26.357142857142858,51.5,86.0,32.42372261890903
2013-11-28,32.22261928699178,25.6,28.1,24.1,24.1,87.0,6.4,11.0,332,11,2013,7364.888828263538,1,26.24285714285714,72.7,86.42857142857143,32.373446785929715
2013-11-29,32.22261928699178,25.8,28.9,24.2,20.3,88.0,6.2,10.1,333,11,2013,7364.888828263538,1,26.157142857142862,86.3,86.85714285714286,32.323170952950406
2013-11-30,32.22261928699178,25.8,27.9,24.3,6.3,87.0,7.6,10.4,334,11,2013,7364.888828263538,1,26.071428571428573,85.2,87.0,32.272895119971096
2013-12-01,32.22261928699178,25.2,26.3,24.5,7.1,90.0,9.2,12.3,335,12,2013,7364.888828263538,1,25.914285714285715,85.10000000000001,87.42857142857143,32.22261928699178
2013-12-02,32.33573991119524,24.9,26.7,24.1,36.4,91.0,11.3,13.3,336,12,2013,7364.888828263538,1,25.714285714285715,107.20000000000002,88.14285714285714,32.238779376163706
2013-12-03,32.33573991119524,25.1,26.8,24.1,30.0,90.0,7.4,11.5,337,12,2013,7364.888828263538,1,25.542857142857144,130.5,88.42857142857143,32.254939465335625
2013-12-04,32.33573991119524,25.2,27.0,23.6,9.5,87.0,8.7,14.9,338,12,2013,7364.888828263538,1,25.37142857142857,133.7,88.57142857142857,32.27109955450755
2013-12-05,32.33573991119524,25.7,28.6,24.0,21.1,88.0,6.3,10.5,339,12,2013,7364.888828263538,1,25.385714285714283,130.7,88.71428571428571,32.28725964367947
2013-12-06,32.33573991119524,25.3,26.8,24.6,16.5,91.0,6.9,11.5,340,12,2013,7364.888828263538,1,25.314285714285713,126.9,89.14285714285714,32.303419732851395
2013-12-07,32.33573991119524,25.6,27.7,23.8,4.6,88.0,5.3,12.5,341,12,2013,7364.888828263538,1,25.285714285714285,125.2,89.28571428571429,32.31957982202332
2013-12-08,32.33573991119524,24.6,25.3,24.1,21.7,92.0,8.2,13.0,342,12,2013,7364.888828263538,1,25.199999999999996,139.8,89.57142857142857,32.33573991119524
2013-12-09,31.15006818343309,25.9,28.5,23.9,1.2,84.0,5.8,12.0,343,12,2013,7364.888828263538,1,25.342857142857145,104.6,88.57142857142857,32.166358235800644
2013-12-10,31.15006818343309,26.1,28.6,24.5,5.5,86.0,5.0,9.9,344,12,2013,7364.888828263538,1,25.485714285714284,80.1,88.0,31.99697656040605
2013-12-11,31.15006818343309,26.2,29.0,24.3,4.0,87.0,7.8,10.5,345,12,2013,7364.888828263538,1,25.62857142857143,74.6,88.0,31.82759488501146
2013-12-12,31.15006818343309,25.6,27.3,24.5,20.7,88.0,9.0,12.1,346,12,2013,7364.888828263538,1,25.614285714285717,74.19999999999999,88.0,31.658213209616868
2013-12-13,31.15006818343309,26.4,29.1,24.8,1.1,83.0,8.8,11.5,347,12,2013,7364.888828263538,1,25.771428571428572,58.8,86.85714285714286,31.488831534222275
2013-12-14,31.15006818343309,26.3,29.2,24.7,2.2,85.0,7.7,11.2,348,12,2013,7364.888828263538,1,25.871428571428574,56.39999999999999,86.42857142857143,31.31944985882768
2013-12-15,31.15006818343309,26.5,29.2,24.9,1.2,86.0,7.4,11.9,349,12,2013,7364.888828263538,1,26.142857142857142,35.9,85.57142857142857,31.15006818343309
2013-12-16,32.00894699682969,27.1,29.9,24.8,0.0,84.0,7.3,11.9,350,12,2013,7364.888828263538,1,26.314285714285717,34.699999999999996,85.57142857142857,31.27276515677546
2013-12-17,32.00894699682969,26.8,29.5,24.7,1.1,84.0,5.6,10.7,351,12,2013,7364.888828263538,1,26.414285714285715,30.3,85.28571428571429,31.395462130117835
2013-12-18,32.00894699682969,26.0,27.7,24.9,2.9,87.0,8.9,11.4,352,12,2013,7364.888828263538,1,26.385714285714283,29.2,85.28571428571429,31.518159103460203
2013-12-19,32.00894699682969,25.6,28.5,24.0,4.5,86.0,13.2,16.9,353,12,2013,7364.888828263538,1,26.38571428571429,13.0,85.0,31.640856076802574
2013-12-20,32.00894699682969,24.8,26.1,24.0,22.0,90.0,8.3,13.5,354,12,2013,7364.888828263538,1,26.157142857142855,33.9,86.0,31.763553050144946
2013-12-21,32.00894699682969,25.1,28.1,23.8,6.0,87.0,11.1,15.1,355,12,2013,7364.888828263538,1,25.98571428571429,37.7,86.28571428571429,31.88625002348732
2013-12-22,32.00894699682969,25.6,28.2,23.8,7.8,84.0,12.4,17.3,356,12,2013,7364.888828263538,1,25.85714285714286,44.3,86.0,32.00894699682969
2013-12-23,36.755823560626574,25.3,27.0,24.0,4.4,87.0,14.7,20.8,357,12,2013,7364.888828263538,1,25.599999999999998,48.699999999999996,86.42857142857143,32.68707222022925
2013-12-24,36.755823560626574,25.5,27.1,24.5,5.6,85.0,13.2,18.9,358,12,2013,7364.888828263538,1,25.414285714285715,53.199999999999996,86.57142857142857,33.3651974436288
2013-12-25,36.755823560626574,25.7,27.8,24.5,0.7,82.0,11.6,16.4,359,12,2013,7364.888828263538,1,25.371428571428574,50.99999999999999,85.85714285714286,34.043322667028356
2013-12-26,36.755823560626574,25.6,28.0,23.8,1.0,84.0,11.8,16.8,360,12,2013,7364.888828263538,1,25.37142857142857,47.49999999999999,85.57142857142857,34.72144789042791
2013-12-27,36.755823560626574,25.6,27.9,24.0,3.4,85.0,13.6,17.3,361,12,2013,7364.888828263538,1,25.485714285714288,28.899999999999995,84.85714285714286,35.399573113827465
2013-12-28,36.755823560626574,25.5,27.5,24.3,1.9,84.0,15.2,20.0,362,12,2013,7364.888828263538,1,25.542857142857144,24.799999999999997,84.42857142857143,36.07769833722703
2013-12-29,36.755823560626574,25.5,27.3,24.3,2.1,81.0,13.8,17.2,363,12,2013,7364.888828263538,1,25.52857142857143,19.099999999999994,84.0,36.755823560626574
2013-12-30,45.07647391870297,24.9,27.3,23.7,13.1,87.0,12.1,15.3,364,12,2013,7364.888828263538,1,25.47142857142857,27.799999999999997,84.0,37.94448789749463
2013-12-31,45.07647391870297,24.9,26.7,24.0,7.5,88.0,14.2,16.3,365,12,2013,7364.888828263538,1,25.38571428571429,29.699999999999996,84.42857142857143,39.13315223436268
2014-01-01,37.26077857619083,25.5,27.5,24.2,2.1,85.0,12.7,16.3,1,1,2014,7461.055790478788,1,25.357142857142858,31.099999999999998,84.85714285714286,39.20528866515758
2014-01-02,37.26077857619083,25.6,27.9,24.2,0.9,86.0,12.4,16.6,2,1,2014,7461.055790478788,1,25.357142857142858,30.999999999999996,85.14285714285714,39.277425095952474
2014-01-03,37.26077857619083,25.6,27.7,24.4,2.3,87.0,11.6,15.0,3,1,2014,7461.055790478788,1,25.357142857142858,29.9,85.42857142857143,39.34956152674737
2014-01-04,37.26077857619083,25.6,28.2,24.1,1.1,85.0,8.5,13.0,4,1,2014,7461.055790478788,1,25.371428571428574,29.099999999999994,85.57142857142857,39.421697957542264
2014-01-05,37.26077857619083,24.6,26.3,23.7,9.1,90.0,10.5,15.3,5,1,2014,7461.055790478788,1,25.242857142857144,36.099999999999994,86.85714285714286,39.493834388337156
2014-01-06,40.99759241425291,24.9,26.9,23.6,3.5,89.0,9.9,13.7,6,1,2014,7461.055790478788,1,25.24285714285714,26.499999999999996,87.14285714285714,38.91113703055858
2014-01-07,40.99759241425291,25.5,28.1,23.7,3.9,85.0,8.7,13.5,7,1,2014,7461.055790478788,1,25.32857142857143,22.899999999999995,86.71428571428571,38.32843967277999
2014-01-08,40.99759241425291,25.8,28.5,24.0,0.4,82.0,10.7,14.1,8,1,2014,7461.055790478788,1,25.37142857142857,21.199999999999996,86.28571428571429,38.86227022107458
2014-01-09,40.99759241425291,25.2,27.5,23.9,13.0,87.0,6.5,9.0,9,1,2014,7461.055790478788,1,25.314285714285713,33.3,86.42857142857143,39.39610076936916
2014-01-10,40.99759241425291,25.3,27.8,23.9,11.2,88.0,5.0,8.8,10,1,2014,7461.055790478788,1,25.271428571428572,42.199999999999996,86.57142857142857,39.92993131766374
2014-01-11,40.99759241425291,25.4,28.6,23.6,6.5,86.0,11.0,15.7,11,1,2014,7461.055790478788,1,25.242857142857144,47.599999999999994,86.71428571428571,40.46376186595832
2014-01-12,40.99759241425291,25.4,27.7,24.1,2.3,88.0,15.2,19.3,12,1,2014,7461.055790478788,1,25.357142857142858,40.8,86.42857142857143,40.99759241425291
2014-01-13,41.12226831617158,25.2,27.2,24.0,5.8,87.0,14.0,16.5,13,1,2014,7461.055790478788,1,25.400000000000002,43.1,86.14285714285714,41.01540325738415
2014-01-14,41.12226831617158,25.5,27.8,24.0,0.0,79.0,14.0,19.4,14,1,2014,7461.055790478788,1,25.400000000000002,39.199999999999996,85.28571428571429,41.03321410051539
2014-01-15,41.12226831617158,25.2,27.4,23.9,0.0,77.0,15.6,20.0,15,1,2014,7461.055790478788,1,25.314285714285713,38.8,84.57142857142857,41.051024943646624
2014-01-16,41.12226831617158,25.1,27.1,23.9,0.0,75.0,16.5,21.9,16,1,2014,7461.055790478788,1,25.300000000000004,25.799999999999997,82.85714285714286,41.06883578677786
2014-01-17,41.12226831617158,25.1,27.0,23.8,0.0,73.0,16.9,21.3,17,1,2014,7461.055790478788,1,25.271428571428572,14.599999999999996,80.71428571428571,41.086646629909104
2014-01-18,41.12226831617158,25.1,27.4,23.7,0.1,75.0,17.9,24.1,18,1,2014,7461.055790478788,1,25.228571428571428,8.199999999999996,79.14285714285714,41.104457473040334
2014-01-19,41.12226831617158,25.1,27.2,23.9,0.0,76.0,16.0,21.3,19,1,2014,7461.055790478788,1,25.185714285714283,5.899999999999996,77.42857142857143,41.12226831617158
2014-01-20,37.93956959774798,24.9,27.2,23.5,0.0,74.0,16.2,19.8,20,1,2014,7461.055790478788,1,25.142857142857142,0.09999999999999645,75.57142857142857,40.6675970706825
2014-01-21,37.93956959774798,24.8,27.1,23.3,0.4,75.0,16.4,21.0,21,1,2014,7461.055790478788,1,25.042857142857144,0.49999999999999645,75.0,40.2129258251934
2014-01-22,37.93956959774798,24.7,27.1,23.3,0.0,73.0,15.9,20.3,22,1,2014,7461.055790478788,1,24.97142857142857,0.49999999999999645,74.42857142857143,39.75825457970432
2014-01-23,37.93956959774798,24.6,26.8,23.2,0.1,75.0,16.4,19.5,23,1,2014,7461.055790478788,1,24.9,0.5999999999999964,74.42857142857143,39.30358333421524
2014-01-24,37.93956959774798,24.7,27.2,23.1,0.3,76.0,15.6,19.9,24,1,2014,7461.055790478788,1,24.842857142857145,0.8999999999999965,74.85714285714286,38.84891208872615
2014-01-25,37.93956959774798,25.0,27.3,23.5,0.3,77.0,12.8,17.1,25,1,2014,7461.055790478788,1,24.82857142857143,1.0999999999999965,75.14285714285714,38.39424084323707
2014-01-26,37.93956959774798,24.7,27.3,22.6,0.4,77.0,12.6,16.3,26,1,2014,7461.055790478788,1,24.771428571428572,1.4999999999999964,75.28571428571429,37.93956959774798
2014-01-27,35.73696199718498,24.9,27.3,23.2,0.2,77.0,16.0,22.1,27,1,2014,7461.055790478788,1,24.771428571428572,1.6999999999999966,75.71428571428571,37.624911369096125
2014-01-28,35.73696199718498,25.2,27.4,23.5,0.1,76.0,15.6,19.5,28,1,2014,7461.055790478788,1,24.828571428571426,1.3999999999999966,75.85714285714286,37.31025314044427
2014-01-29,35.73696199718498,25.2,28.4,23.1,0.0,76.0,15.5,20.3,29,1,2014,7461.055790478788,1,24.900000000000002,1.3999999999999964,76.28571428571429,36.99559491179241
2014-01-30,35.73696199718498,24.8,28.0,22.6,0.3,79.0,14.6,19.8,30,1,2014,7461.055790478788,1,24.928571428571427,1.5999999999999965,76.85714285714286,36.68093668314055
2014-01-31,35.73696199718498,24.9,28.5,22.7,0.0,76.0,14.3,18.0,31,1,2014,7461.055790478788,1,24.957142857142856,1.2999999999999965,76.85714285714286,36.36627845448869
2014-02-01,35.73696199718498,24.8,29.2,22.1,0.0,75.0,12.7,17.3,32,2,2014,7461.055790478788,1,24.928571428571427,0.9999999999999964,76.57142857142857,36.051620225836835
2014-02-02,35.73696199718498,25.0,29.1,22.6,0.1,76.0,11.9,16.3,33,2,2014,7461.055790478788,1,24.97142857142857,0.6999999999999965,76.42857142857143,35.73696199718498
2014-02-03,34.71877546484925,25.4,29.2,22.9,0.0,74.0,10.1,13.3,34,2,2014,7461.055790478788,1,25.04285714285714,0.49999999999999645,76.0,35.59150677827988
2014-02-04,34.71877546484925,25.7,29.6,23.2,0.0,75.0,9.2,12.9,35,2,2014,7461.055790478788,1,25.114285714285717,0.39999999999999647,75.85714285714286,35.44605155937477
2014-02-05,34.71877546484925,25.6,29.5,23.0,0.0,74.0,11.1,15.5,36,2,2014,7461.055790478788,1,25.17142857142857,0.39999999999999647,75.57142857142857,35.30059634046967
2014-02-06,34.71877546484925,25.8,29.6,23.0,0.0,73.0,9.8,13.2,37,2,2014,7461.055790478788,1,25.314285714285717,0.09999999999999645,74.71428571428571,35.15514112156456
2014-02-07,34.71877546484925,26.2,29.6,23.8,0.0,75.0,9.4,14.8,38,2,2014,7461.055790478788,1,25.5,0.09999999999999645,74.57142857142857,35.009685902659456
2014-02-08,34.71877546484925,26.2,29.7,23.7,0.7,80.0,8.5,13.1,39,2,2014,7461.055790478788,1,25.699999999999996,0.7999999999999964,75.28571428571429,34.86423068375436
2014-02-09,34.71877546484925,26.3,30.1,24.3,2.4,81.0,9.4,13.9,40,2,2014,7461.055790478788,1,25.885714285714283,3.099999999999996,76.0,34.71877546484925
2014-02-10,39.387195347803534,26.6,30.5,24.0,2.0,83.0,8.0,11.7,41,2,2014,7461.055790478788,1,26.057142857142857,5.099999999999996,77.28571428571429,35.38569259098558
2014-02-11,39.387195347803534,26.8,30.6,24.7,2.1,79.0,11.2,14.8,42,2,2014,7461.055790478788,1,26.214285714285715,7.199999999999997,77.85714285714286,36.0526097171219
2014-02-12,39.387195347803534,26.8,30.4,24.5,0.2,76.0,12.7,15.0,43,2,2014,7461.055790478788,1,26.385714285714283,7.399999999999997,78.14285714285714,36.71952684325823
2014-02-13,39.387195347803534,26.8,30.2,25.0,0.0,78.0,13.8,18.5,44,2,2014,7461.055790478788,1,26.52857142857143,7.399999999999997,78.85714285714286,37.38644396939456
2014-02-14,39.387195347803534,26.4,29.7,24.7,1.9,80.0,13.9,17.0,45,2,2014,7461.055790478788,1,26.557142857142857,9.299999999999997,79.57142857142857,38.05336109553088
2014-02-15,39.387195347803534,26.1,28.9,24.6,1.2,79.0,14.6,18.0,46,2,2014,7461.055790478788,1,26.542857142857144,9.799999999999997,79.42857142857143,38.72027822166721
2014-02-16,39.387195347803534,26.2,29.1,24.4,0.9,79.0,12.4,15.8,47,2,2014,7461.055790478788,1,26.52857142857143,8.299999999999997,79.14285714285714,39.387195347803534
2014-02-17,36.46077487221276,26.5,29.5,24.7,1.1,78.0,13.6,16.9,48,2,2014,7461.055790478788,1,26.514285714285716,7.399999999999997,78.42857142857143,38.969135279861995
2014-02-18,36.46077487221276,26.5,29.6,24.3,0.6,80.0,12.0,15.5,49,2,2014,7461.055790478788,1,26.47142857142857,5.899999999999997,78.57142857142857,38.55107521192046
2014-02-19,36.46077487221276,26.6,30.1,24.3,0.0,78.0,11.1,13.6,50,2,2014,7461.055790478788,1,26.442857142857143,5.699999999999997,78.85714285714286,38.133015143978916
2014-02-20,36.46077487221276,26.7,30.1,24.5,0.0,75.0,14.7,19.4,51,2,2014,7461.055790478788,1,26.428571428571427,5.699999999999997,78.42857142857143,37.71495507603738
2014-02-21,36.46077487221276,26.6,29.6,24.4,0.2,76.0,16.1,20.9,52,2,2014,7461.055790478788,1,26.457142857142856,3.9999999999999964,77.85714285714286,37.29689500809584
2014-02-22,36.46077487221276,26.6,30.2,24.7,0.0,75.0,16.3,21.7,53,2,2014,7461.055790478788,1,26.528571428571432,2.7999999999999967,77.28571428571429,36.878834940154306
2014-02-23,36.46077487221276,26.3,30.0,23.8,0.2,76.0,13.2,20.2,54,2,2014,7461.055790478788,1,26.54285714285714,2.099999999999997,76.85714285714286,36.46077487221276
2014-02-24,35.037391658641376,26.4,30.2,24.0,0.0,72.0,14.6,17.9,55,2,2014,7461.055790478788,1,26.528571428571432,0.9999999999999969,76.0,36.25743441313113
2014-02-25,35.037391658641376,26.4,30.7,23.6,0.0,69.0,14.1,17.1,56,2,2014,7461.055790478788,1,26.514285714285712,0.3999999999999969,74.42857142857143,36.054093954049506
2014-02-26,35.037391658641376,26.7,30.3,24.1,0.0,69.0,14.3,18.4,57,2,2014,7461.055790478788,1,26.52857142857143,0.3999999999999969,73.14285714285714,35.85075349496788
2014-02-27,35.037391658641376,26.8,30.5,24.3,0.0,74.0,14.8,19.6,58,2,2014,7461.055790478788,1,26.542857142857144,0.3999999999999969,73.0,35.64741303588625
2014-02-28,35.037391658641376,26.8,30.2,24.3,0.0,75.0,13.6,17.3,59,2,2014,7461.055790478788,1,26.571428571428573,0.1999999999999969,72.85714285714286,35.44407257680463
2014-03-01,35.037391658641376,26.7,30.0,24.5,0.5,76.0,11.6,15.7,60,3,2014,7461.055790478788,1,26.585714285714285,0.6999999999999968,73.0,35.240732117723
2014-03-02,35.037391658641376,27.1,31.2,24.3,0.2,73.0,9.1,13.2,61,3,2014,7461.055790478788,1,26.7,0.6999999999999968,72.57142857142857,35.037391658641376
2014-03-03,36.12137936143418,26.8,31.4,24.1,3.5,77.0,9.4,13.0,62,3,2014,7461.055790478788,1,26.75714285714286,4.199999999999997,73.28571428571429,35.19224704475463
2014-03-04,36.12137936143418,27.1,31.4,24.6,0.0,73.0,9.1,13.1,63,3,2014,7461.055790478788,1,26.857142857142858,4.199999999999997,73.85714285714286,35.347102430867885
2014-03-05,36.12137936143418,26.9,31.4,24.1,0.0,70.0,11.5,14.8,64,3,2014,7461.055790478788,1,26.88571428571429,4.199999999999997,74.0,35.50195781698115
2014-03-06,36.12137936143418,26.8,30.6,24.4,0.0,70.0,11.3,15.1,65,3,2014,7461.055790478788,1,26.885714285714283,4.199999999999997,73.42857142857143,35.65681320309441
2014-03-07,36.12137936143418,26.9,30.9,24.0,0.0,74.0,10.9,13.6,66,3,2014,7461.055790478788,1,26.900000000000002,4.199999999999997,73.28571428571429,35.81166858920766
2014-03-08,36.12137936143418,27.1,30.8,24.6,0.1,74.0,11.6,15.8,67,3,2014,7461.055790478788,1,26.957142857142856,3.7999999999999967,73.0,35.966523975320925
2014-03-09,36.12137936143418,27.0,31.4,24.4,0.0,69.0,13.2,16.5,68,3,2014,7461.055790478788,1,26.942857142857143,3.5999999999999965,72.42857142857143,36.12137936143418
2014-03-10,35.94129194755168,27.1,30.5,24.6,0.0,69.0,14.1,19.9,69,3,2014,7461.055790478788,1,26.985714285714284,0.09999999999999645,71.28571428571429,36.095652588022396
2014-03-11,35.94129194755168,27.4,31.9,24.5,0.0,67.0,15.4,18.3,70,3,2014,7461.055790478788,1,27.02857142857143,0.09999999999999645,70.42857142857143,36.06992581461061
2014-03-12,35.94129194755168,27.4,31.2,24.4,0.0,72.0,12.4,16.6,71,3,2014,7461.055790478788,1,27.099999999999998,0.09999999999999645,70.71428571428571,36.04419904119883
2014-03-13,35.94129194755168,27.6,31.6,24.8,0.0,72.0,10.8,14.1,72,3,2014,7461.055790478788,1,27.214285714285715,0.09999999999999645,71.0,36.01847226778704
2014-03-14,35.94129194755168,27.9,31.9,25.1,0.0,73.0,11.2,15.0,73,3,2014,7461.055790478788,1,27.357142857142858,0.09999999999999645,70.85714285714286,35.99274549437526
2014-03-15,35.94129194755168,27.5,30.8,25.2,0.4,77.0,13.4,17.0,74,3,2014,7461.055790478788,1,27.414285714285715,0.39999999999999647,71.28571428571429,35.96701872096347
2014-03-16,35.94129194755168,25.6,27.4,24.2,17.2,87.0,11.0,14.8,75,3,2014,7461.055790478788,1,27.214285714285715,17.599999999999994,73.85714285714286,35.94129194755168
2014-03-17,34.504055855989336,25.7,27.7,24.5,23.4,88.0,8.9,14.5,76,3,2014,7461.055790478788,1,27.014285714285712,40.99999999999999,76.57142857142857,35.735972505899916
2014-03-18,34.504055855989336,25.5,27.2,24.2,8.1,89.0,8.9,12.1,77,3,2014,7461.055790478788,1,26.742857142857144,49.099999999999994,79.71428571428571,35.530653064248156
2014-03-19,34.504055855989336,26.3,29.6,24.5,3.4,84.0,6.2,8.7,78,3,2014,7461.055790478788,1,26.585714285714285,52.49999999999999,81.42857142857143,35.32533362259639
2014-03-20,34.504055855989336,26.2,28.8,25.1,19.4,87.0,5.5,10.1,79,3,2014,7461.055790478788,1,26.38571428571429,71.89999999999999,83.57142857142857,35.12001418094463
2014-03-21,34.504055855989336,26.6,29.8,25.0,4.3,85.0,5.3,7.1,80,3,2014,7461.055790478788,1,26.2,76.19999999999999,85.28571428571429,34.91469473929286
2014-03-22,34.504055855989336,26.5,29.6,24.7,0.6,81.0,11.3,14.2,81,3,2014,7461.055790478788,1,26.057142857142857,76.39999999999999,85.85714285714286,34.709375297641095
2014-03-23,34.504055855989336,26.6,29.9,24.3,0.0,77.0,11.1,15.0,82,3,2014,7461.055790478788,1,26.2,59.199999999999996,84.42857142857143,34.504055855989336
2014-03-24,37.54476257500556,26.7,29.4,24.5,0.5,78.0,9.6,13.8,83,3,2014,7461.055790478788,1,26.342857142857138,36.3,83.0,34.93844253013451
2014-03-25,37.54476257500556,27.1,30.2,24.9,0.8,80.0,11.9,15.6,84,3,2014,7461.055790478788,1,26.571428571428573,28.999999999999996,81.71428571428571,35.37282920427969
2014-03-26,37.54476257500556,27.3,30.3,25.2,0.8,82.0,10.0,13.7,85,3,2014,7461.055790478788,1,26.714285714285715,26.399999999999995,81.42857142857143,35.807215878424856
2014-03-27,37.54476257500556,27.6,30.7,25.2,0.2,80.0,8.8,13.4,86,3,2014,7461.055790478788,1,26.914285714285715,7.199999999999997,80.42857142857143,36.241602552570036
2014-03-28,37.54476257500556,27.1,29.7,25.6,3.5,84.0,8.5,11.6,87,3,2014,7461.055790478788,1,26.985714285714288,6.399999999999997,80.28571428571429,36.67598922671521
2014-03-29,37.54476257500556,26.4,30.0,24.0,10.7,85.0,4.5,8.2,88,3,2014,7461.055790478788,1,26.97142857142857,16.499999999999996,80.85714285714286,37.11037590086038
2014-03-30,37.54476257500556,27.1,29.7,25.0,1.2,83.0,5.2,9.2,89,3,2014,7461.055790478788,1,27.042857142857144,17.699999999999996,81.71428571428571,37.54476257500556
2014-03-31,37.46857174605527,27.6,30.2,26.1,6.0,82.0,5.7,10.9,90,3,2014,7461.055790478788,1,27.171428571428574,23.199999999999996,82.28571428571429,37.5338781708698
2014-04-01,37.46857174605527,26.9,29.1,25.1,5.4,84.0,5.3,8.0,91,4,2014,7461.055790478788,0,27.142857142857142,27.799999999999997,82.85714285714286,37.52299376673404
2014-04-02,37.46857174605527,26.9,29.0,24.8,2.9,86.0,5.2,8.7,92,4,2014,7461.055790478788,0,27.08571428571429,29.899999999999995,83.42857142857143,37.51210936259829
2014-04-03,37.46857174605527,27.0,30.1,25.3,13.1,83.0,5.1,12.1,93,4,2014,7461.055790478788,0,27.0,42.8,83.85714285714286,37.50122495846254
2014-04-04,37.46857174605527,26.7,29.3,25.0,10.3,85.0,5.7,8.4,94,4,2014,7461.055790478788,0,26.942857142857143,49.599999999999994,84.0,37.49034055432678
2014-04-05,37.46857174605527,26.0,28.6,24.5,5.7,87.0,8.0,11.2,95,4,2014,7461.055790478788,0,26.885714285714283,44.599999999999994,84.28571428571429,37.47945615019102
2014-04-06,37.46857174605527,26.6,29.3,25.1,1.4,83.0,9.0,13.6,96,4,2014,7461.055790478788,0,26.814285714285713,44.8,84.28571428571429,37.46857174605527
2014-04-07,40.02789095488555,27.4,30.3,25.1,0.1,78.0,6.4,8.2,97,4,2014,7461.055790478788,0,26.785714285714285,38.9,83.71428571428571,37.834188775888165
2014-04-08,40.02789095488555,26.8,29.8,24.4,1.9,82.0,4.0,6.4,98,4,2014,7461.055790478788,0,26.771428571428572,35.4,83.42857142857143,38.19980580572106
2014-04-09,40.02789095488555,26.9,30.5,25.0,4.0,83.0,4.2,6.8,99,4,2014,7461.055790478788,0,26.77142857142857,36.49999999999999,83.0,38.56542283555397
2014-04-10,40.02789095488555,26.9,29.4,25.5,6.2,85.0,6.0,8.4,100,4,2014,7461.055790478788,0,26.757142857142856,29.599999999999998,83.28571428571429,38.931039865386865
2014-04-11,40.02789095488555,26.9,30.0,25.2,3.8,83.0,5.3,9.2,101,4,2014,7461.055790478788,0,26.785714285714285,23.099999999999998,83.0,39.29665689521976
2014-04-12,40.02789095488555,26.5,29.1,24.8,6.9,84.0,6.8,11.0,102,4,2014,7461.055790478788,0,26.857142857142858,24.299999999999997,82.57142857142857,39.66227392505265
2014-04-13,40.02789095488555,26.9,29.7,25.1,1.5,83.0,4.9,10.2,103,4,2014,7461.055790478788,0,26.900000000000002,24.4,82.57142857142857,40.02789095488555
2014-04-14,46.42445736721238,26.8,29.6,25.1,2.4,84.0,4.5,9.0,104,4,2014,7461.055790478788,0,26.814285714285713,26.699999999999996,83.42857142857143,40.941686156646526
2014-04-15,46.42445736721238,26.9,30.2,25.2,4.3,84.0,4.5,9.0,105,4,2014,7461.055790478788,0,26.828571428571426,29.099999999999994,83.71428571428571,41.85548135840751
2014-04-16,46.42445736721238,26.5,28.9,24.7,3.9,85.0,4.1,9.1,106,4,2014,7461.055790478788,0,26.771428571428572,28.999999999999996,84.0,42.76927656016848
2014-04-17,46.42445736721238,26.9,29.3,25.2,2.8,86.0,4.1,8.0,107,4,2014,7461.055790478788,0,26.771428571428572,25.599999999999998,84.14285714285714,43.683071761929455
2014-04-18,46.42445736721238,26.5,27.9,24.8,8.5,86.0,5.6,11.5,108,4,2014,7461.055790478788,0,26.714285714285715,30.299999999999997,84.57142857142857,44.59686696369043
2014-04-19,46.42445736721238,27.3,29.8,25.5,1.7,84.0,5.7,7.8,109,4,2014,7461.055790478788,0,26.828571428571426,25.099999999999998,84.57142857142857,45.5106621654514
2014-04-20,46.42445736721238,26.8,29.0,25.0,8.6,86.0,3.6,7.2,110,4,2014,7461.055790478788,0,26.814285714285713,32.19999999999999,85.0,46.42445736721238
2014-04-21,47.560393362471295,26.5,28.5,24.7,10.5,88.0,5.4,10.2,111,4,2014,7461.055790478788,0,26.771428571428572,40.3,85.57142857142857,46.586733937963665
2014-04-22,47.560393362471295,27.3,30.9,25.4,8.2,86.0,3.9,9.3,112,4,2014,7461.055790478788,0,26.82857142857143,44.199999999999996,85.85714285714286,46.74901050871493
2014-04-23,47.560393362471295,26.8,29.8,25.0,20.8,87.0,3.3,8.3,113,4,2014,7461.055790478788,0,26.87142857142857,61.099999999999994,86.14285714285714,46.9112870794662
2014-04-24,47.560393362471295,27.0,30.2,25.1,7.2,87.0,6.2,9.8,114,4,2014,7461.055790478788,0,26.885714285714283,65.5,86.28571428571429,47.07356365021747
2014-04-25,47.560393362471295,27.5,30.2,25.6,1.2,83.0,4.2,9.1,115,4,2014,7461.055790478788,0,27.02857142857143,58.199999999999996,85.85714285714286,47.23584022096875
2014-04-26,47.560393362471295,26.7,30.0,25.6,15.6,87.0,2.8,5.1,116,4,2014,7461.055790478788,0,26.942857142857147,72.1,86.28571428571429,47.39811679172003
2014-04-27,47.560393362471295,26.4,29.0,25.2,18.9,89.0,4.1,7.3,117,4,2014,7461.055790478788,0,26.885714285714283,82.39999999999999,86.71428571428571,47.560393362471295
2014-04-28,47.1344173642492,26.5,28.6,25.2,12.6,88.0,5.0,10.5,118,4,2014,7461.055790478788,0,26.885714285714283,84.5,86.71428571428571,47.499539648439566
2014-04-29,47.1344173642492,26.8,28.9,24.9,8.1,87.0,3.8,10.5,119,4,2014,7461.055790478788,0,26.814285714285713,84.39999999999999,86.85714285714286,47.438685934407836
2014-04-30,47.1344173642492,27.0,29.7,25.0,5.1,87.0,4.7,8.4,120,4,2014,7461.055790478788,0,26.842857142857145,68.69999999999999,86.85714285714286,47.37783222037611
2014-05-01,47.1344173642492,27.0,29.2,25.2,9.6,85.0,6.6,14.1,121,5,2014,7461.055790478788,0,26.842857142857145,71.1,86.57142857142857,47.31697850634439
2014-05-02,47.1344173642492,27.6,29.8,25.2,4.3,85.0,5.1,9.8,122,5,2014,7461.055790478788,0,26.857142857142858,74.19999999999999,86.85714285714286,47.25612479231266
2014-05-03,47.1344173642492,27.4,29.7,25.9,7.3,86.0,5.9,9.8,123,5,2014,7461.055790478788,0,26.957142857142856,65.89999999999999,86.71428571428571,47.19527107828093
2014-05-04,47.1344173642492,27.1,29.8,24.7,4.2,87.0,4.2,11.2,124,5,2014,7461.055790478788,0,27.057142857142857,51.199999999999996,86.42857142857143,47.1344173642492
2014-05-05,61.38210237795392,27.4,29.1,26.0,8.8,87.0,5.1,11.8,125,5,2014,7461.055790478788,0,27.185714285714287,47.39999999999999,86.28571428571429,49.16980093763559
2014-05-06,61.38210237795392,27.3,29.3,25.9,5.9,87.0,5.9,10.8,126,5,2014,7461.055790478788,0,27.25714285714286,45.2,86.28571428571429,51.205184511021976
2014-05-07,61.38210237795392,26.9,28.6,25.2,15.1,88.0,4.6,8.3,127,5,2014,7461.055790478788,0,27.24285714285714,55.2,86.42857142857143,53.240568084408366
2014-05-08,61.38210237795392,26.7,28.9,25.4,20.7,89.0,5.3,7.6,128,5,2014,7461.055790478788,0,27.2,66.3,87.0,55.27595165779475
2014-05-09,61.38210237795392,27.7,29.7,26.1,7.5,85.0,4.6,7.6,129,5,2014,7461.055790478788,0,27.214285714285715,69.5,87.0,57.31133523118115
2014-05-10,61.38210237795392,27.7,29.5,26.0,7.2,85.0,5.0,8.8,130,5,2014,7461.055790478788,0,27.25714285714286,69.39999999999999,86.85714285714286,59.34671880456754
2014-05-11,61.38210237795392,27.4,30.0,25.4,5.6,86.0,4.0,8.4,131,5,2014,7461.055790478788,0,27.3,70.8,86.71428571428571,61.38210237795392
2014-05-12,63.52583524705534,26.9,28.5,25.5,11.8,88.0,5.5,11.8,132,5,2014,7461.055790478788,0,27.228571428571428,73.8,86.85714285714286,61.6883499306827
2014-05-13,63.52583524705534,27.1,29.7,24.9,7.3,87.0,5.1,10.7,133,5,2014,7461.055790478788,0,27.199999999999996,75.19999999999999,86.85714285714286,61.994597483411475
2014-05-14,63.52583524705534,26.6,28.3,25.4,11.8,87.0,8.0,14.1,134,5,2014,7461.055790478788,0,27.157142857142862,71.9,86.71428571428571,62.300845036140245
2014-05-15,63.52583524705534,27.8,29.8,26.0,2.1,83.0,5.4,9.3,135,5,2014,7461.055790478788,0,27.314285714285713,53.3,85.85714285714286,62.60709258886902
2014-05-16,63.52583524705534,27.7,29.8,26.3,5.1,84.0,6.8,10.9,136,5,2014,7461.055790478788,0,27.314285714285713,50.89999999999999,85.71428571428571,62.91334014159779
2014-05-17,63.52583524705534,26.7,28.3,25.3,14.4,88.0,6.2,11.2,137,5,2014,7461.055790478788,0,27.171428571428574,58.1,86.14285714285714,63.21958769432656
2014-05-18,63.52583524705534,25.9,26.9,24.9,18.8,90.0,5.5,11.2,138,5,2014,7461.055790478788,0,26.95714285714286,71.3,86.71428571428571,63.52583524705534
2014-05-19,73.02890954885547,26.8,28.1,25.8,3.9,85.0,5.4,9.0,139,5,2014,7461.055790478788,0,26.942857142857143,63.4,86.28571428571429,64.88341729016965
2014-05-20,73.02890954885547,26.8,28.7,25.6,12.7,85.0,4.8,11.4,140,5,2014,7461.055790478788,0,26.900000000000002,68.8,86.0,66.24099933328395
2014-05-21,73.02890954885547,26.9,28.6,25.0,4.5,88.0,4.3,8.2,141,5,2014,7461.055790478788,0,26.942857142857143,61.5,86.14285714285714,67.59858137639824
2014-05-22,73.02890954885547,27.2,29.3,25.4,4.0,86.0,5.9,11.8,142,5,2014,7461.055790478788,0,26.857142857142858,63.4,86.57142857142857,68.95616341951255
2014-05-23,73.02890954885547,26.9,28.2,25.8,5.7,86.0,5.2,8.7,143,5,2014,7461.055790478788,0,26.742857142857144,63.99999999999999,86.85714285714286,70.31374546262685
2014-05-24,73.02890954885547,27.3,29.6,25.6,9.5,86.0,5.4,11.0,144,5,2014,7461.055790478788,0,26.828571428571426,59.099999999999994,86.57142857142857,71.67132750574116
2014-05-25,73.02890954885547,27.6,29.8,25.2,4.3,85.0,5.7,8.7,145,5,2014,7461.055790478788,0,27.071428571428573,44.599999999999994,85.85714285714286,73.02890954885547
2014-05-26,74.22372027557596,27.0,28.0,26.1,30.4,88.0,5.4,11.5,146,5,2014,7461.055790478788,0,27.1,71.1,86.28571428571429,73.19959679552983
2014-05-27,74.22372027557596,26.6,28.3,25.4,5.8,88.0,6.8,13.4,147,5,2014,7461.055790478788,0,27.071428571428573,64.19999999999999,86.71428571428571,73.37028404220418
2014-05-28,74.22372027557596,27.1,30.0,25.4,16.7,85.0,5.4,8.5,148,5,2014,7461.055790478788,0,27.099999999999998,76.39999999999999,86.28571428571429,73.54097128887854
2014-05-29,74.22372027557596,27.1,29.3,25.5,12.2,86.0,3.8,5.4,149,5,2014,7461.055790478788,0,27.085714285714285,84.6,86.28571428571429,73.7116585355529
2014-05-30,74.22372027557596,26.5,28.9,24.8,17.3,88.0,6.0,11.5,150,5,2014,7461.055790478788,0,27.02857142857143,96.19999999999999,86.57142857142857,73.88234578222725
2014-05-31,74.22372027557596,27.2,28.4,25.9,8.1,86.0,7.9,13.5,151,5,2014,7461.055790478788,0,27.014285714285716,94.79999999999998,86.57142857142857,74.0530330289016
2014-06-01,74.22372027557596,26.9,28.6,25.4,7.7,87.0,7.6,12.8,152,6,2014,7461.055790478788,0,26.91428571428571,98.19999999999999,86.85714285714286,74.22372027557596
2014-06-02,77.26096377509444,27.2,29.0,25.3,6.9,86.0,5.3,9.4,153,6,2014,7461.055790478788,0,26.942857142857143,74.69999999999999,86.57142857142857,74.6576122040786
2014-06-03,77.26096377509444,27.4,29.5,26.0,5.8,86.0,7.1,13.2,154,6,2014,7461.055790478788,0,27.057142857142857,74.69999999999999,86.28571428571429,75.09150413258124
2014-06-04,77.26096377509444,26.8,28.2,25.3,10.0,87.0,6.6,13.2,155,6,2014,7461.055790478788,0,27.014285714285712,68.0,86.57142857142857,75.52539606108387
2014-06-05,77.26096377509444,26.1,27.1,24.7,28.3,88.0,9.3,16.5,156,6,2014,7461.055790478788,0,26.871428571428574,84.1,86.85714285714286,75.95928798958653
2014-06-06,77.26096377509444,26.7,27.5,25.6,13.0,87.0,9.0,12.7,157,6,2014,7461.055790478788,0,26.900000000000002,79.8,86.71428571428571,76.39317991808916
2014-06-07,77.26096377509444,27.7,29.5,26.1,2.1,83.0,10.6,15.8,158,6,2014,7461.055790478788,0,26.971428571428568,73.8,86.28571428571429,76.8270718465918
2014-06-08,77.26096377509444,28.1,30.0,26.1,1.4,82.0,8.6,13.6,159,6,2014,7461.055790478788,0,27.142857142857142,67.5,85.57142857142857,77.26096377509444
2014-06-09,81.29561448996222,28.5,30.3,27.2,1.2,84.0,7.3,10.7,160,6,2014,7461.055790478788,0,27.32857142857143,61.79999999999999,85.28571428571429,77.83734244864698
2014-06-10,81.29561448996222,28.1,30.2,26.4,5.9,87.0,6.5,11.4,161,6,2014,7461.055790478788,0,27.428571428571427,61.89999999999999,85.42857142857143,78.41372112219952
2014-06-11,81.29561448996222,28.1,30.1,26.1,6.4,85.0,9.0,12.2,162,6,2014,7461.055790478788,0,27.614285714285717,58.3,85.14285714285714,78.99009979575206
2014-06-12,81.29561448996222,27.4,29.6,25.0,11.1,87.0,9.1,13.8,163,6,2014,7461.055790478788,0,27.8,41.099999999999994,85.0,79.5664784693046
2014-06-13,81.29561448996222,27.6,29.6,26.0,11.5,87.0,7.8,13.8,164,6,2014,7461.055790478788,0,27.928571428571427,39.599999999999994,85.0,80.14285714285714
2014-06-14,81.29561448996222,26.6,28.3,25.7,16.7,85.0,6.4,10.4,165,6,2014,7461.055790478788,0,27.771428571428572,54.19999999999999,85.28571428571429,80.71923581640968
2014-06-15,81.29561448996222,28.1,29.8,27.0,0.0,81.0,8.5,12.4,166,6,2014,7461.055790478788,0,27.771428571428576,52.8,85.14285714285714,81.29561448996222
2014-06-16,84.33978442847618,28.1,29.6,26.9,0.0,84.0,10.0,12.9,167,6,2014,7461.055790478788,0,27.71428571428572,51.599999999999994,85.14285714285714,81.73049590974993
2014-06-17,84.33978442847618,28.6,30.1,27.4,0.4,82.0,9.7,13.7,168,6,2014,7461.055790478788,0,27.785714285714285,46.099999999999994,84.42857142857143,82.16537732953763
2014-06-18,84.33978442847618,27.2,28.9,24.9,11.3,86.0,8.8,12.3,169,6,2014,7461.055790478788,0,27.657142857142855,50.99999999999999,84.57142857142857,82.60025874932535
2014-06-19,84.33978442847618,28.2,30.1,26.6,0.5,81.0,8.5,11.6,170,6,2014,7461.055790478788,0,27.771428571428572,40.39999999999999,83.71428571428571,83.03514016911306
2014-06-20,84.33978442847618,28.6,30.4,27.4,0.8,81.0,10.0,12.8,171,6,2014,7461.055790478788,0,27.914285714285715,29.699999999999992,82.85714285714286,83.47002158890076
2014-06-21,84.33978442847618,28.9,30.6,27.7,0.2,80.0,8.4,12.2,172,6,2014,7461.055790478788,0,28.242857142857144,13.199999999999994,82.14285714285714,83.90490300868848
2014-06-22,84.33978442847618,28.4,29.9,27.4,0.5,82.0,7.9,10.4,173,6,2014,7461.055790478788,0,28.285714285714285,13.699999999999994,82.28571428571429,84.33978442847618
2014-06-23,88.39175124083265,28.4,30.3,27.1,1.3,79.0,7.5,10.7,174,6,2014,7461.055790478788,0,28.328571428571426,14.999999999999995,81.57142857142857,84.9186368302414
2014-06-24,88.39175124083265,27.8,29.8,25.9,2.2,81.0,8.4,11.5,175,6,2014,7461.055790478788,0,28.214285714285715,16.799999999999994,81.42857142857143,85.4974892320066
2014-06-25,88.39175124083265,27.7,29.3,25.9,2.8,82.0,9.0,11.9,176,6,2014,7461.055790478788,0,28.285714285714285,8.299999999999994,80.85714285714286,86.0763416337718
2014-06-26,88.39175124083265,28.0,29.9,26.7,2.4,82.0,8.6,14.0,177,6,2014,7461.055790478788,0,28.257142857142856,10.199999999999992,81.0,86.65519403553701
2014-06-27,88.39175124083265,27.0,28.7,25.0,5.7,84.0,9.5,17.3,178,6,2014,7461.055790478788,0,28.02857142857143,15.099999999999993,81.42857142857143,87.23404643730223
2014-06-28,88.39175124083265,27.6,29.6,25.8,1.8,81.0,7.1,11.1,179,6,2014,7461.055790478788,0,27.842857142857138,16.699999999999992,81.57142857142857,87.81289883906743
2014-06-29,88.39175124083265,27.4,29.6,26.0,3.0,84.0,6.3,9.2,180,6,2014,7461.055790478788,0,27.7,19.199999999999992,81.85714285714286,88.39175124083265
2014-06-30,89.02205718942146,26.7,28.2,25.4,2.1,85.0,8.1,14.7,181,6,2014,7461.055790478788,0,27.45714285714286,19.999999999999993,82.71428571428571,88.4817949477739
2014-07-01,89.02205718942146,27.0,29.1,25.7,7.8,87.0,5.6,9.4,182,7,2014,7461.055790478788,0,27.342857142857145,25.599999999999994,83.57142857142857,88.57183865471517
2014-07-02,89.02205718942146,27.0,28.8,25.4,2.3,85.0,7.4,12.6,183,7,2014,7461.055790478788,0,27.242857142857144,25.09999999999999,84.0,88.66188236165644
2014-07-03,89.02205718942146,26.8,28.8,24.9,5.0,87.0,6.4,12.2,184,7,2014,7461.055790478788,0,27.071428571428573,27.699999999999992,84.71428571428571,88.75192606859767
2014-07-04,89.02205718942146,26.9,28.8,25.1,12.1,86.0,7.9,13.2,185,7,2014,7461.055790478788,0,27.057142857142857,34.099999999999994,85.0,88.84196977553894
2014-07-05,89.02205718942146,26.6,27.9,24.8,10.9,88.0,7.4,12.8,186,7,2014,7461.055790478788,0,26.914285714285715,43.19999999999999,86.0,88.93201348248022
2014-07-06,89.02205718942146,26.5,28.5,25.0,10.0,88.0,7.4,13.0,187,7,2014,7461.055790478788,0,26.785714285714285,50.19999999999999,86.57142857142857,89.02205718942146
2014-07-07,89.02898362841691,26.7,28.9,24.8,10.9,85.0,8.5,13.1,188,7,2014,7461.055790478788,0,26.785714285714285,59.0,86.57142857142857,89.02304668070653
2014-07-08,89.02898362841691,26.6,28.3,24.9,11.7,84.0,8.1,12.6,189,7,2014,7461.055790478788,0,26.728571428571428,62.89999999999999,86.14285714285714,89.0240361719916
2014-07-09,89.02898362841691,26.4,27.7,24.8,9.9,85.0,10.1,14.3,190,7,2014,7461.055790478788,0,26.642857142857142,70.5,86.14285714285714,89.02502566327665
2014-07-10,89.02898362841691,26.6,28.6,25.3,6.6,87.0,7.5,11.7,191,7,2014,7461.055790478788,0,26.614285714285717,72.1,86.14285714285714,89.02601515456172
2014-07-11,89.02898362841691,26.2,28.8,24.8,20.3,89.0,4.0,8.3,192,7,2014,7461.055790478788,0,26.514285714285712,80.3,86.57142857142857,89.02700464584677
2014-07-12,89.02898362841691,26.4,28.5,24.8,5.4,86.0,8.1,14.4,193,7,2014,7461.055790478788,0,26.485714285714288,74.79999999999998,86.28571428571429,89.02799413713184
2014-07-13,89.02898362841691,27.8,29.6,26.5,0.0,79.0,9.9,13.7,194,7,2014,7461.055790478788,0,26.671428571428574,64.79999999999998,85.0,89.02898362841691
2014-07-14,93.54155863397288,28.4,30.2,27.1,0.0,77.0,8.9,11.6,195,7,2014,7461.055790478788,0,26.91428571428571,53.9,83.85714285714286,89.67363720063919
2014-07-15,93.54155863397288,28.1,29.7,27.3,1.8,79.0,9.0,12.1,196,7,2014,7461.055790478788,0,27.12857142857143,43.99999999999999,83.14285714285714,90.31829077286147
2014-07-16,93.54155863397288,27.6,29.7,26.0,4.8,82.0,7.8,11.0,197,7,2014,7461.055790478788,0,27.3,38.89999999999999,82.71428571428571,90.96294434508376
2014-07-17,93.54155863397288,26.5,28.0,25.2,7.2,89.0,6.4,11.6,198,7,2014,7461.055790478788,0,27.285714285714285,39.49999999999999,83.0,91.60759791730604
2014-07-18,93.54155863397288,27.3,29.2,25.9,1.8,85.0,10.3,13.6,199,7,2014,7461.055790478788,0,27.442857142857147,20.999999999999993,82.42857142857143,92.25225148952833
2014-07-19,93.54155863397288,27.1,28.3,26.1,3.2,86.0,8.6,13.3,200,7,2014,7461.055790478788,0,27.542857142857144,18.799999999999994,82.42857142857143,92.89690506175059
2014-07-20,93.54155863397288,27.4,29.2,26.3,0.6,84.0,9.3,12.6,201,7,2014,7461.055790478788,0,27.485714285714284,19.39999999999999,83.14285714285714,93.54155863397288
2014-07-21,92.67921697903547,27.7,29.4,26.4,0.0,82.0,10.3,15.1,202,7,2014,7461.055790478788,0,27.38571428571429,19.39999999999999,83.85714285714286,93.41836696898183
2014-07-22,92.67921697903547,27.7,29.8,26.3,6.8,82.0,10.7,18.0,203,7,2014,7461.055790478788,0,27.328571428571426,24.39999999999999,84.28571428571429,93.29517530399076
2014-07-23,92.67921697903547,27.9,29.6,26.8,0.5,83.0,8.6,11.9,204,7,2014,7461.055790478788,0,27.37142857142857,20.099999999999994,84.42857142857143,93.1719836389997
2014-07-24,92.67921697903547,28.1,29.5,27.0,0.3,80.0,10.7,15.3,205,7,2014,7461.055790478788,0,27.599999999999998,13.199999999999992,83.14285714285714,93.04879197400865
2014-07-25,92.67921697903547,28.2,29.9,26.8,0.0,80.0,9.9,13.3,206,7,2014,7461.055790478788,0,27.728571428571428,11.399999999999993,82.42857142857143,92.92560030901758
2014-07-26,92.67921697903547,28.0,29.8,26.6,1.4,81.0,10.0,15.3,207,7,2014,7461.055790478788,0,27.857142857142858,9.59999999999999,81.71428571428571,92.80240864402653
2014-07-27,92.67921697903547,27.4,29.0,25.9,3.5,83.0,8.1,12.3,208,7,2014,7461.055790478788,0,27.857142857142858,12.499999999999993,81.57142857142857,92.67921697903547
2014-07-28,79.83759908141346,26.8,28.3,25.4,7.5,86.0,8.2,14.4,209,7,2014,7461.055790478788,0,27.728571428571428,19.999999999999993,82.14285714285714,90.84470013651803
2014-07-29,79.83759908141346,26.6,27.9,25.5,9.9,85.0,8.9,12.6,210,7,2014,7461.055790478788,0,27.571428571428573,23.099999999999994,82.57142857142857,89.01018329400061
2014-07-30,79.83759908141346,26.5,27.5,24.8,7.6,87.0,7.7,11.6,211,7,2014,7461.055790478788,0,27.37142857142857,30.199999999999992,83.14285714285714,87.17566645148318
2014-07-31,79.83759908141346,26.5,28.1,25.2,8.8,86.0,9.9,13.1,212,7,2014,7461.055790478788,0,27.142857142857142,38.69999999999999,84.0,85.34114960896575
2014-08-01,79.83759908141346,26.6,28.3,24.8,10.4,87.0,8.1,10.8,213,8,2014,7461.055790478788,0,26.91428571428571,49.099999999999994,85.0,83.50663276644832
2014-08-02,79.83759908141346,27.2,28.9,25.8,5.9,85.0,9.0,13.5,214,8,2014,7461.055790478788,0,26.8,53.599999999999994,85.57142857142857,81.67211592393089
2014-08-03,79.83759908141346,27.1,28.6,25.9,3.5,84.0,7.8,12.9,215,8,2014,7461.055790478788,0,26.75714285714286,53.599999999999994,85.71428571428571,79.83759908141346
2014-08-04,82.05752277946513,27.2,28.6,26.0,4.1,82.0,8.4,14.4,216,8,2014,7461.055790478788,0,26.814285714285713,50.199999999999996,85.14285714285714,80.15473103827799
2014-08-05,82.05752277946513,26.3,28.1,24.7,21.1,87.0,9.5,15.4,217,8,2014,7461.055790478788,0,26.771428571428572,61.4,85.42857142857143,80.4718629951425
2014-08-06,82.05752277946513,26.8,28.1,25.9,0.6,83.0,7.8,13.1,218,8,2014,7461.055790478788,0,26.814285714285717,54.4,84.85714285714286,80.78899495200702
2014-08-07,82.05752277946513,25.8,27.2,24.4,10.6,88.0,7.6,13.5,219,8,2014,7461.055790478788,0,26.714285714285715,56.19999999999999,85.14285714285714,81.10612690887156
2014-08-08,82.05752277946513,26.2,27.8,24.6,3.2,85.0,8.5,13.8,220,8,2014,7461.055790478788,0,26.657142857142855,48.99999999999999,84.85714285714286,81.42325886573609
2014-08-09,82.05752277946513,26.9,28.9,24.9,5.5,82.0,10.9,16.8,221,8,2014,7461.055790478788,0,26.614285714285717,48.599999999999994,84.42857142857143,81.7403908226006
2014-08-10,82.05752277946513,26.0,28.0,24.7,7.0,86.0,6.9,10.0,222,8,2014,7461.055790478788,0,26.457142857142856,52.099999999999994,84.71428571428571,82.05752277946513
2014-08-11,70.53192829098451,26.3,28.2,24.9,5.6,85.0,7.5,11.2,223,8,2014,7461.055790478788,0,26.32857142857143,53.599999999999994,85.14285714285714,80.41100928111075
2014-08-12,70.53192829098451,25.7,27.3,24.1,12.1,88.0,6.0,9.2,224,8,2014,7461.055790478788,0,26.24285714285714,44.599999999999994,85.28571428571429,78.76449578275638
2014-08-13,70.53192829098451,25.2,26.5,23.9,29.0,87.0,7.2,10.8,225,8,2014,7461.055790478788,0,26.014285714285712,72.99999999999999,85.85714285714286,77.11798228440202
2014-08-14,70.53192829098451,25.8,26.6,24.7,6.3,84.0,9.0,14.1,226,8,2014,7461.055790478788,0,26.014285714285716,68.69999999999999,85.28571428571429,75.47146878604765
2014-08-15,70.53192829098451,25.7,26.8,24.1,8.8,85.0,7.0,11.9,227,8,2014,7461.055790478788,0,25.942857142857143,74.3,85.28571428571429,73.82495528769326
2014-08-16,70.53192829098451,26.6,28.2,24.8,2.7,79.0,7.4,12.3,228,8,2014,7461.055790478788,0,25.9,71.5,84.85714285714286,72.17844178933889
2014-08-17,70.53192829098451,26.9,28.3,25.9,4.0,80.0,8.6,12.4,229,8,2014,7461.055790478788,0,26.028571428571432,68.5,84.0,70.53192829098451
2014-08-18,68.68949551818653,26.5,27.4,25.4,4.9,85.0,8.4,14.7,230,8,2014,7461.055790478788,0,26.057142857142857,67.8,84.0,70.26872360915623
2014-08-19,68.68949551818653,25.9,27.6,23.8,8.0,86.0,7.7,12.9,231,8,2014,7461.055790478788,0,26.085714285714285,63.699999999999996,83.71428571428571,70.00551892732794
2014-08-20,68.68949551818653,25.9,27.9,24.1,9.9,85.0,7.3,13.6,232,8,2014,7461.055790478788,0,26.185714285714283,44.599999999999994,83.42857142857143,69.74231424549967
2014-08-21,68.68949551818653,26.2,27.9,24.4,5.7,86.0,6.7,10.0,233,8,2014,7461.055790478788,0,26.242857142857144,43.99999999999999,83.71428571428571,69.47910956367137
2014-08-22,68.68949551818653,27.1,29.0,25.3,3.2,83.0,8.8,14.2,234,8,2014,7461.055790478788,0,26.442857142857143,38.39999999999999,83.42857142857143,69.2159048818431
2014-08-23,68.68949551818653,26.3,27.6,25.0,18.1,87.0,7.3,13.7,235,8,2014,7461.055790478788,0,26.400000000000002,53.8,84.57142857142857,68.9527002000148
2014-08-24,68.68949551818653,25.7,26.8,24.4,15.6,90.0,5.5,15.0,236,8,2014,7461.055790478788,0,26.228571428571428,65.39999999999999,86.0,68.68949551818653
2014-08-25,62.123231350470405,25.8,27.2,24.7,6.1,87.0,5.6,13.7,237,8,2014,7461.055790478788,0,26.12857142857143,66.6,86.28571428571429,67.75145777994138
2014-08-26,62.123231350470405,26.2,28.0,24.4,5.5,84.0,7.3,12.4,238,8,2014,7461.055790478788,0,26.17142857142857,64.1,86.0,66.81342004169622
2014-08-27,62.123231350470405,25.5,27.1,24.1,11.6,87.0,7.9,10.8,239,8,2014,7461.055790478788,0,26.114285714285717,65.8,86.28571428571429,65.87538230345105
2014-08-28,62.123231350470405,26.2,28.3,24.7,7.4,85.0,8.8,16.7,240,8,2014,7461.055790478788,0,26.11428571428571,67.5,86.14285714285714,64.93734456520589
2014-08-29,62.123231350470405,26.3,28.3,24.5,5.6,83.0,6.1,11.8,241,8,2014,7461.055790478788,0,26.0,69.89999999999999,86.14285714285714,63.999306826960726
2014-08-30,62.123231350470405,26.5,28.7,24.9,6.3,83.0,7.7,14.0,242,8,2014,7461.055790478788,0,26.02857142857143,58.099999999999994,85.57142857142857,63.06126908871557
2014-08-31,62.123231350470405,26.7,28.4,25.5,8.7,83.0,8.0,13.2,243,8,2014,7461.055790478788,0,26.17142857142857,51.19999999999999,84.57142857142857,62.123231350470405
2014-09-01,53.54137343506926,27.7,29.8,26.2,0.0,77.0,9.5,12.8,244,9,2014,7461.055790478788,0,26.442857142857143,45.099999999999994,83.14285714285714,60.89725164827024
2014-09-02,53.54137343506926,27.3,29.3,26.3,2.5,81.0,7.9,11.0,245,9,2014,7461.055790478788,0,26.599999999999998,42.099999999999994,82.71428571428571,59.67127194607008
2014-09-03,53.54137343506926,26.2,27.9,24.5,3.1,87.0,6.5,9.6,246,9,2014,7461.055790478788,0,26.7,33.599999999999994,82.71428571428571,58.445292243869915
2014-09-04,53.54137343506926,26.9,29.4,24.8,0.0,82.0,5.3,9.2,247,9,2014,7461.055790478788,0,26.800000000000004,26.199999999999992,82.28571428571429,57.21931254166975
2014-09-05,53.54137343506926,26.7,28.7,24.0,0.5,82.0,8.3,13.3,248,9,2014,7461.055790478788,0,26.857142857142858,21.099999999999994,82.14285714285714,55.99333283946959
2014-09-06,53.54137343506926,26.6,28.0,25.8,0.9,81.0,12.3,19.7,249,9,2014,7461.055790478788,0,26.87142857142857,15.699999999999992,81.85714285714286,54.767353137269424
2014-09-07,53.54137343506926,26.7,28.4,24.6,3.3,82.0,4.1,7.2,250,9,2014,7461.055790478788,0,26.871428571428574,10.299999999999994,81.71428571428571,53.54137343506926
2014-09-08,46.63225053707682,27.1,29.5,25.1,1.0,79.0,6.2,10.8,251,9,2014,7461.055790478788,0,26.785714285714285,11.299999999999994,82.0,52.554355878213194
2014-09-09,46.63225053707682,26.5,28.3,25.3,4.3,85.0,8.4,11.6,252,9,2014,7461.055790478788,0,26.671428571428574,13.099999999999993,82.57142857142857,51.567338321357134
2014-09-10,46.63225053707682,26.5,28.6,24.7,3.8,84.0,7.9,11.6,253,9,2014,7461.055790478788,0,26.714285714285715,13.799999999999994,82.14285714285714,50.580320764501074
2014-09-11,46.63225053707682,26.7,28.0,25.2,3.3,81.0,8.5,15.5,254,9,2014,7461.055790478788,0,26.685714285714287,17.099999999999994,82.0,49.59330320764501
2014-09-12,46.63225053707682,26.8,28.4,24.9,0.7,82.0,9.2,13.2,255,9,2014,7461.055790478788,0,26.7,17.299999999999994,82.0,48.60628565078895
2014-09-13,46.63225053707682,27.2,29.1,25.9,4.5,81.0,8.6,12.7,256,9,2014,7461.055790478788,0,26.785714285714285,20.89999999999999,82.0,47.61926809393288
2014-09-14,46.63225053707682,27.1,28.6,26.3,3.6,81.0,9.0,13.0,257,9,2014,7461.055790478788,0,26.842857142857145,21.199999999999992,81.85714285714286,46.63225053707682
2014-09-15,43.962108304318846,27.3,29.2,25.4,0.0,78.0,9.4,16.3,258,9,2014,7461.055790478788,0,26.87142857142857,20.199999999999992,81.71428571428571,46.250801646682824
2014-09-16,43.962108304318846,27.6,29.6,26.1,0.0,75.0,11.7,16.4,259,9,2014,7461.055790478788,0,27.02857142857143,15.899999999999993,80.28571428571429,45.86935275628883
2014-09-17,43.962108304318846,27.7,29.5,26.5,0.9,78.0,9.6,12.7,260,9,2014,7461.055790478788,0,27.2,12.999999999999995,79.42857142857143,45.487903865894836
2014-09-18,43.962108304318846,26.9,29.7,26.0,5.6,85.0,8.9,14.5,261,9,2014,7461.055790478788,0,27.228571428571428,15.299999999999994,80.0,45.10645497550083
2014-09-19,43.962108304318846,27.0,29.9,25.2,4.4,85.0,7.0,11.9,262,9,2014,7461.055790478788,0,27.257142857142856,18.999999999999993,80.42857142857143,44.725006085106834
2014-09-20,43.962108304318846,26.0,27.7,24.9,9.4,88.0,5.5,10.8,263,9,2014,7461.055790478788,0,27.085714285714285,23.899999999999995,81.42857142857143,44.343557194712844
2014-09-21,43.962108304318846,26.6,28.9,24.9,1.2,82.0,8.0,12.9,264,9,2014,7461.055790478788,0,27.014285714285716,21.499999999999993,81.57142857142857,43.962108304318846
2014-09-22,38.718793984739605,27.2,29.8,24.3,0.1,77.0,9.8,16.5,265,9,2014,7461.055790478788,0,27.0,21.599999999999994,81.42857142857143,43.213063401521815
2014-09-23,38.718793984739605,27.3,29.2,25.9,0.7,78.0,11.0,16.8,266,9,2014,7461.055790478788,0,26.95714285714286,22.299999999999994,81.85714285714286,42.464018498724776
2014-09-24,38.718793984739605,26.2,27.9,25.0,13.2,87.0,9.4,14.8,267,9,2014,7461.055790478788,0,26.74285714285714,34.599999999999994,83.14285714285714,41.714973595927745
2014-09-25,38.718793984739605,25.8,27.2,24.5,11.5,88.0,6.0,11.6,268,9,2014,7461.055790478788,0,26.58571428571429,40.49999999999999,83.57142857142857,40.96592869313071
2014-09-26,38.718793984739605,26.5,29.3,24.2,4.6,84.0,4.4,11.2,269,9,2014,7461.055790478788,0,26.514285714285716,40.699999999999996,83.42857142857143,40.216883790333675
2014-09-27,38.718793984739605,27.2,29.6,25.3,0.9,81.0,6.8,9.9,270,9,2014,7461.055790478788,0,26.685714285714287,32.19999999999999,82.42857142857143,39.46783888753664
2014-09-28,38.718793984739605,27.5,29.5,25.9,0.3,79.0,8.1,10.2,271,9,2014,7461.055790478788,0,26.814285714285713,31.299999999999994,82.0,38.718793984739605
2014-09-29,37.738702866879024,27.6,29.4,26.2,0.0,79.0,8.5,10.7,272,9,2014,7461.055790478788,0,26.87142857142857,31.199999999999992,82.28571428571429,38.57878096790238
2014-09-30,37.738702866879024,27.3,29.5,24.4,1.4,82.0,6.0,12.4,273,9,2014,7461.055790478788,0,26.87142857142857,31.89999999999999,82.85714285714286,38.43876795106515
2014-10-01,37.738702866879024,27.4,29.8,24.9,0.1,81.0,7.8,11.5,274,10,2014,7461.055790478788,0,27.042857142857144,18.799999999999994,82.0,38.29875493422793
2014-10-02,37.738702866879024,27.7,29.7,26.0,0.0,79.0,8.4,11.3,275,10,2014,7461.055790478788,0,27.314285714285713,7.299999999999993,80.71428571428571,38.15874191739071
2014-10-03,37.738702866879024,27.3,29.6,25.2,2.7,82.0,7.9,12.8,276,10,2014,7461.055790478788,0,27.428571428571427,5.399999999999993,80.42857142857143,38.01872890055348
2014-10-04,37.738702866879024,26.2,27.3,24.9,11.4,85.0,7.4,13.3,277,10,2014,7461.055790478788,0,27.285714285714285,15.899999999999993,81.0,37.878715883716254
2014-10-05,37.738702866879024,26.0,28.2,24.4,10.4,84.0,9.3,15.8,278,10,2014,7461.055790478788,0,27.071428571428573,25.999999999999993,81.71428571428571,37.738702866879024
2014-10-06,34.684143269871846,26.9,29.1,25.1,1.3,80.0,7.8,12.3,279,10,2014,7461.055790478788,0,26.97142857142857,27.299999999999994,81.85714285714286,37.302337210163714
2014-10-07,34.684143269871846,27.7,29.4,26.5,1.4,76.0,9.9,13.2,280,10,2014,7461.055790478788,0,27.02857142857143,27.299999999999994,81.0,36.8659715534484
2014-10-08,34.684143269871846,27.6,29.9,25.8,0.4,79.0,6.3,9.0,281,10,2014,7461.055790478788,0,27.057142857142853,27.599999999999994,80.71428571428571,36.429605896733094
2014-10-09,34.684143269871846,27.3,29.4,25.9,1.2,83.0,7.6,12.6,282,10,2014,7461.055790478788,0,27.0,28.799999999999994,81.28571428571429,35.993240240017776
2014-10-10,34.684143269871846,27.5,29.9,25.4,0.9,81.0,7.3,11.5,283,10,2014,7461.055790478788,0,27.02857142857143,26.999999999999996,81.14285714285714,35.55687458330247
2014-10-11,34.684143269871846,27.5,29.6,26.3,2.2,82.0,6.0,12.5,284,10,2014,7461.055790478788,0,27.214285714285715,17.799999999999994,80.71428571428571,35.120508926587156
2014-10-12,34.684143269871846,27.0,29.6,25.1,5.0,86.0,5.4,11.8,285,10,2014,7461.055790478788,0,27.357142857142858,12.399999999999993,81.0,34.684143269871846
2014-10-13,36.40882657974665,27.2,29.9,25.7,0.8,82.0,5.0,9.4,286,10,2014,7461.055790478788,0,27.4,11.899999999999993,81.28571428571429,34.93052659985396
2014-10-14,36.40882657974665,26.7,28.7,24.9,13.8,86.0,4.0,9.0,287,10,2014,7461.055790478788,0,27.25714285714286,24.299999999999997,82.71428571428571,35.17690992983608
2014-10-15,36.40882657974665,26.8,28.9,24.9,1.5,83.0,5.7,13.2,288,10,2014,7461.055790478788,0,27.142857142857142,25.39999999999999,83.28571428571429,35.42329325981819
2014-10-16,36.40882657974665,26.8,28.8,25.5,6.0,85.0,7.4,11.2,289,10,2014,7461.055790478788,0,27.071428571428573,30.199999999999996,83.57142857142857,35.66967658980031
2014-10-17,36.40882657974665,26.6,29.3,24.8,10.6,86.0,5.8,11.0,290,10,2014,7461.055790478788,0,26.942857142857143,39.89999999999999,84.28571428571429,35.91605991978243
2014-10-18,36.40882657974665,26.0,28.0,24.6,11.2,88.0,6.4,12.6,291,10,2014,7461.055790478788,0,26.728571428571428,48.89999999999999,85.14285714285714,36.162443249764536
2014-10-19,36.40882657974665,26.2,28.2,24.7,2.3,87.0,5.9,11.8,292,10,2014,7461.055790478788,0,26.614285714285717,46.19999999999999,85.28571428571429,36.40882657974665
2014-10-20,34.486739758500626,26.1,28.6,24.1,10.5,88.0,3.8,10.7,293,10,2014,7461.055790478788,0,26.45714285714286,55.89999999999999,86.14285714285714,36.134242748140075
2014-10-21,34.486739758500626,25.8,28.0,24.4,13.4,88.0,5.2,9.5,294,10,2014,7461.055790478788,0,26.32857142857143,55.49999999999999,86.42857142857143,35.859658916533505
2014-10-22,34.486739758500626,25.5,27.0,24.3,17.8,88.0,4.5,8.5,295,10,2014,7461.055790478788,0,26.142857142857142,71.79999999999998,87.14285714285714,35.58507508492693
2014-10-23,34.486739758500626,26.4,28.7,24.3,3.1,86.0,4.7,9.4,296,10,2014,7461.055790478788,0,26.085714285714285,68.89999999999999,87.28571428571429,35.31049125332035
2014-10-24,34.486739758500626,27.0,29.9,24.4,0.0,83.0,4.7,10.4,297,10,2014,7461.055790478788,0,26.142857142857142,58.3,86.85714285714286,35.03590742171377
2014-10-25,34.486739758500626,27.2,29.3,25.3,0.8,80.0,6.7,11.4,298,10,2014,7461.055790478788,0,26.314285714285717,47.89999999999999,85.71428571428571,34.7613235901072
2014-10-26,34.486739758500626,26.6,27.9,24.7,7.9,86.0,5.9,11.7,299,10,2014,7461.055790478788,0,26.37142857142857,53.5,85.57142857142857,34.486739758500626
2014-10-27,32.39149196236758,26.0,27.8,24.3,19.8,89.0,5.7,13.7,300,10,2014,7461.055790478788,0,26.357142857142858,62.8,85.71428571428571,34.187418644767334
2014-10-28,32.39149196236758,26.6,29.1,24.1,4.1,85.0,4.4,7.0,301,10,2014,7461.055790478788,0,26.471428571428568,53.49999999999999,85.28571428571429,33.88809753103404
2014-10-29,32.39149196236758,27.2,30.3,24.7,0.1,80.0,5.1,11.0,302,10,2014,7461.055790478788,0,26.714285714285715,35.8,84.14285714285714,33.58877641730075
2014-10-30,32.39149196236758,27.0,29.8,24.8,1.7,83.0,4.6,7.4,303,10,2014,7461.055790478788,0,26.800000000000004,34.39999999999999,83.71428571428571,33.28945530356746
2014-10-31,32.39149196236758,26.2,29.0,24.8,11.7,87.0,5.3,8.9,304,10,2014,7461.055790478788,0,26.685714285714287,46.099999999999994,84.28571428571429,32.990134189834166
2014-11-01,32.39149196236758,26.5,28.3,24.8,2.5,87.0,7.3,11.5,305,11,2014,7461.055790478788,1,26.585714285714285,47.8,85.28571428571429,32.69081307610087
2014-11-02,32.39149196236758,27.2,28.8,25.3,3.0,84.0,6.7,10.7,306,11,2014,7461.055790478788,1,26.67142857142857,42.89999999999999,85.0,32.39149196236758
2014-11-03,30.784558115415955,27.7,30.0,25.1,0.0,80.0,5.3,10.8,307,11,2014,7461.055790478788,1,26.914285714285715,23.099999999999994,83.71428571428571,32.161929984231634
2014-11-04,30.784558115415955,27.4,29.8,25.0,1.2,81.0,7.5,12.3,308,11,2014,7461.055790478788,1,27.02857142857143,20.199999999999992,83.14285714285714,31.93236800609569
2014-11-05,30.784558115415955,26.5,29.1,25.2,15.3,86.0,6.8,9.4,309,11,2014,7461.055790478788,1,26.928571428571427,35.39999999999999,84.0,31.702806027959742
2014-11-06,30.784558115415955,25.6,28.4,24.5,34.7,88.0,7.3,9.6,310,11,2014,7461.055790478788,1,26.72857142857143,68.39999999999999,84.71428571428571,31.473244049823794
2014-11-07,30.784558115415955,26.0,28.0,24.6,18.6,88.0,6.9,12.0,311,11,2014,7461.055790478788,1,26.7,75.3,84.85714285714286,31.24368207168785
2014-11-08,30.784558115415955,25.9,28.2,24.3,10.2,88.0,7.6,12.1,312,11,2014,7461.055790478788,1,26.61428571428571,83.0,85.0,31.0141200935519
2014-11-09,30.784558115415955,26.4,28.7,24.3,1.2,85.0,7.1,9.8,313,11,2014,7461.055790478788,1,26.5,81.2,85.14285714285714,30.784558115415955
2014-11-10,30.846896066375287,25.5,26.4,24.6,10.7,90.0,5.8,12.2,314,11,2014,7461.055790478788,1,26.185714285714283,91.89999999999999,86.57142857142857,30.79346353698157
2014-11-11,30.846896066375287,25.7,28.0,24.1,34.7,90.0,4.2,9.5,315,11,2014,7461.055790478788,1,25.942857142857147,125.39999999999999,87.85714285714286,30.80236895854719
2014-11-12,30.846896066375287,26.1,28.6,24.6,7.0,86.0,3.7,7.6,316,11,2014,7461.055790478788,1,25.88571428571429,117.1,87.85714285714286,30.811274380112813
2014-11-13,30.846896066375287,25.6,27.2,24.4,13.6,89.0,6.7,10.1,317,11,2014,7461.055790478788,1,25.885714285714283,95.99999999999999,88.0,30.820179801678428
2014-11-14,30.846896066375287,25.5,26.8,24.3,8.8,88.0,8.3,12.6,318,11,2014,7461.055790478788,1,25.814285714285713,86.19999999999999,88.0,30.829085223244046
2014-11-15,30.846896066375287,25.4,27.4,24.2,8.7,88.0,6.6,10.7,319,11,2014,7461.055790478788,1,25.742857142857144,84.69999999999999,88.0,30.83799064480967
2014-11-16,30.846896066375287,24.9,25.8,24.1,11.1,90.0,4.9,8.1,320,11,2014,7461.055790478788,1,25.52857142857143,94.6,88.71428571428571,30.846896066375287
2014-11-17,26.926531594932957,24.9,26.5,23.9,17.7,90.0,8.6,12.8,321,11,2014,7461.055790478788,1,25.442857142857143,101.6,88.71428571428571,30.286843999026384
2014-11-18,26.926531594932957,25.0,26.6,23.9,8.0,91.0,6.3,8.8,322,11,2014,7461.055790478788,1,25.342857142857138,74.89999999999998,88.85714285714286,29.726791931677475
2014-11-19,26.926531594932957,25.8,28.7,24.1,12.9,88.0,6.1,8.3,323,11,2014,7461.055790478788,1,25.3,80.79999999999998,89.14285714285714,29.166739864328573
2014-11-20,26.926531594932957,25.8,28.4,23.8,13.8,87.0,5.9,8.9,324,11,2014,7461.055790478788,1,25.32857142857143,80.99999999999999,88.85714285714286,28.606687796979674
2014-11-21,26.926531594932957,26.0,28.4,24.6,14.9,87.0,4.7,7.2,325,11,2014,7461.055790478788,1,25.400000000000002,87.09999999999998,88.71428571428571,28.04663572963077
2014-11-22,26.926531594932957,26.1,28.7,24.3,28.0,88.0,4.5,10.2,326,11,2014,7461.055790478788,1,25.5,106.39999999999999,88.71428571428571,27.486583662281863
2014-11-23,26.926531594932957,26.1,28.4,24.6,6.3,89.0,5.5,8.7,327,11,2014,7461.055790478788,1,25.671428571428574,101.59999999999998,88.57142857142857,26.926531594932957
2014-11-24,26.635621157122756,26.0,28.2,24.4,11.1,88.0,5.3,10.2,328,11,2014,7461.055790478788,1,25.82857142857143,94.99999999999997,88.28571428571429,26.884972960960074
2014-11-25,26.635621157122756,26.5,28.9,24.6,4.9,85.0,4.1,7.7,329,11,2014,7461.055790478788,1,26.042857142857144,91.89999999999998,87.42857142857143,26.843414326987187
2014-11-26,26.635621157122756,26.1,28.3,24.8,24.2,87.0,5.8,9.9,330,11,2014,7461.055790478788,1,26.085714285714285,103.19999999999999,87.28571428571429,26.8018556930143
2014-11-27,26.635621157122756,25.9,28.7,24.4,17.1,88.0,6.3,10.7,331,11,2014,7461.055790478788,1,26.1,106.5,87.42857142857143,26.760297059041417
2014-11-28,26.635621157122756,26.0,28.6,24.4,9.0,87.0,6.3,8.2,332,11,2014,7461.055790478788,1,26.099999999999998,100.6,87.42857142857143,26.718738425068526
2014-11-29,26.635621157122756,25.4,27.2,24.0,16.6,90.0,5.8,12.8,333,11,2014,7461.055790478788,1,26.0,89.19999999999999,87.71428571428571,26.677179791095643
2014-11-30,26.635621157122756,26.4,28.7,24.2,4.4,87.0,5.7,9.1,334,11,2014,7461.055790478788,1,26.042857142857144,87.3,87.42857142857143,26.635621157122756
2014-12-01,26.72912808356175,25.5,26.5,24.5,14.7,89.0,5.7,10.7,335,12,2014,7461.055790478788,1,25.97142857142857,90.89999999999998,87.57142857142857,26.648979289471185
2014-12-02,26.72912808356175,26.4,28.2,24.7,2.3,85.0,4.8,9.0,336,12,2014,7461.055790478788,1,25.957142857142856,88.3,87.57142857142857,26.66233742181961
2014-12-03,26.72912808356175,26.8,28.6,25.4,8.6,85.0,6.3,12.0,337,12,2014,7461.055790478788,1,26.057142857142857,72.69999999999999,87.28571428571429,26.67569555416804
2014-12-04,26.72912808356175,25.9,28.0,24.6,9.1,87.0,7.6,12.2,338,12,2014,7461.055790478788,1,26.057142857142857,64.69999999999999,87.14285714285714,26.689053686516466
2014-12-05,26.72912808356175,26.7,29.0,24.3,0.1,80.0,3.9,6.3,339,12,2014,7461.055790478788,1,26.157142857142855,55.79999999999999,86.14285714285714,26.702411818864896
2014-12-06,26.72912808356175,26.4,28.2,25.2,12.7,85.0,6.2,9.2,340,12,2014,7461.055790478788,1,26.3,51.899999999999984,85.42857142857143,26.715769951213325
2014-12-07,26.72912808356175,26.3,29.4,24.9,19.6,86.0,7.6,10.8,341,12,2014,7461.055790478788,1,26.28571428571428,67.1,85.28571428571429,26.72912808356175
2014-12-08,25.74903696570116,25.7,28.2,24.3,7.6,88.0,7.8,10.1,342,12,2014,7461.055790478788,1,26.314285714285717,59.999999999999986,85.14285714285714,26.589115066724528
2014-12-09,25.74903696570116,25.7,27.7,24.3,5.8,87.0,9.1,13.2,343,12,2014,7461.055790478788,1,26.214285714285715,63.499999999999986,85.42857142857143,26.449102049887298
2014-12-10,25.74903696570116,26.6,29.1,24.8,2.0,80.0,9.0,13.3,344,12,2014,7461.055790478788,1,26.185714285714283,56.899999999999984,84.71428571428571,26.309089033050068
2014-12-11,25.74903696570116,26.4,29.5,24.5,1.4,81.0,9.0,13.4,345,12,2014,7461.055790478788,1,26.257142857142856,49.19999999999998,83.85714285714286,26.16907601621284
2014-12-12,25.74903696570116,26.9,29.5,25.0,1.1,80.0,9.2,14.0,346,12,2014,7461.055790478788,1,26.285714285714285,50.19999999999998,83.85714285714286,26.029062999375615
2014-12-13,25.74903696570116,26.5,29.1,25.0,6.5,86.0,8.0,14.7,347,12,2014,7461.055790478788,1,26.3,43.999999999999986,84.0,25.889049982538385
2014-12-14,25.74903696570116,26.7,29.6,25.0,1.5,84.0,7.8,11.9,348,12,2014,7461.055790478788,1,26.357142857142858,25.899999999999984,83.71428571428571,25.74903696570116
2014-12-15,26.458996962737977,26.0,28.9,24.7,7.2,88.0,11.3,14.9,349,12,2014,7461.055790478788,1,26.4,25.499999999999986,83.71428571428571,25.850459822420707
2014-12-16,26.458996962737977,25.4,26.9,24.5,30.5,90.0,7.5,10.2,350,12,2014,7461.055790478788,1,26.357142857142858,50.19999999999999,84.14285714285714,25.95188267914025
2014-12-17,26.458996962737977,25.4,27.9,24.1,16.4,89.0,7.5,12.1,351,12,2014,7461.055790478788,1,26.185714285714287,64.6,85.42857142857143,26.053305535859796
2014-12-18,26.458996962737977,25.9,28.3,24.5,6.9,88.0,10.2,15.0,352,12,2014,7461.055790478788,1,26.114285714285717,70.1,86.42857142857143,26.15472839257934
2014-12-19,26.458996962737977,25.5,28.4,24.6,10.7,89.0,10.2,14.4,353,12,2014,7461.055790478788,1,25.91428571428571,79.69999999999997,87.71428571428571,26.256151249298888
2014-12-20,26.458996962737977,25.6,27.6,24.5,3.8,89.0,8.9,12.4,354,12,2014,7461.055790478788,1,25.785714285714285,76.99999999999999,88.14285714285714,26.357574106018433
2014-12-21,26.458996962737977,25.7,28.4,24.3,9.2,88.0,8.9,13.4,355,12,2014,7461.055790478788,1,25.642857142857142,84.69999999999997,88.71428571428571,26.458996962737977
2014-12-22,30.382824653678053,24.6,25.5,24.0,11.8,93.0,8.3,11.4,356,12,2014,7461.055790478788,1,25.442857142857143,89.29999999999998,89.42857142857143,27.019543775729414
2014-12-23,30.382824653678053,24.8,25.5,24.3,52.8,93.0,6.9,12.2,357,12,2014,7461.055790478788,1,25.357142857142858,111.59999999999998,89.85714285714286,27.580090588720854
2014-12-24,30.382824653678053,25.3,28.1,24.1,35.1,91.0,8.1,11.6,358,12,2014,7461.055790478788,1,25.342857142857145,130.29999999999998,90.14285714285714,28.140637401712297
2014-12-25,30.382824653678053,25.5,28.5,24.2,37.1,91.0,3.4,9.2,359,12,2014,7461.055790478788,1,25.285714285714285,160.5,90.57142857142857,28.701184214703737
2014-12-26,30.382824653678053,25.1,26.6,24.2,45.0,91.0,8.4,13.8,360,12,2014,7461.055790478788,1,25.228571428571428,194.8,90.85714285714286,29.261731027695173
2014-12-27,30.382824653678053,24.8,26.6,23.7,26.5,90.0,7.8,10.6,361,12,2014,7461.055790478788,1,25.114285714285717,217.5,91.0,29.822277840686613
2014-12-28,30.382824653678053,24.9,26.9,23.2,11.3,89.0,9.8,16.3,362,12,2014,7461.055790478788,1,25.0,219.6,91.14285714285714,30.382824653678053
2014-12-29,37.26077857619083,24.3,25.4,23.7,48.5,90.0,14.1,19.6,363,12,2014,7461.055790478788,1,24.95714285714286,256.29999999999995,90.71428571428571,31.36538949975131
2014-12-30,37.26077857619083,24.9,27.3,23.6,27.4,85.0,14.3,20.4,364,12,2014,7461.055790478788,1,24.97142857142857,230.89999999999998,89.57142857142857,32.34795434582456
2014-12-31,37.26077857619083,25.1,27.4,23.9,7.6,87.0,12.9,18.9,365,12,2014,7461.055790478788,1,24.942857142857143,203.39999999999998,89.0,33.330519191897814
2015-01-01,22.963179812261224,24.6,25.4,24.0,4.9,90.0,10.9,12.1,1,1,2015,7550.129586686673,1,24.814285714285713,171.2,88.85714285714286,32.27056992883827
2015-01-02,22.963179812261224,25.5,27.9,24.0,2.1,79.0,14.2,23.3,2,1,2015,7550.129586686673,1,24.87142857142857,128.29999999999998,87.14285714285714,31.21062066577872
2015-01-03,22.963179812261224,25.7,28.1,24.0,0.0,80.0,13.5,18.8,3,1,2015,7550.129586686673,1,25.0,101.79999999999998,85.71428571428571,30.150671402719176
2015-01-04,22.963179812261224,25.9,28.5,24.6,0.6,79.0,12.8,16.8,4,1,2015,7550.129586686673,1,25.142857142857142,91.09999999999998,84.28571428571429,29.09072213965963
2015-01-05,25.266114194399886,26.0,28.7,24.1,1.1,81.0,9.8,13.8,5,1,2015,7550.129586686673,1,25.385714285714283,43.69999999999998,83.0,27.377198656546636
2015-01-06,25.266114194399886,25.7,28.6,24.4,12.3,88.0,9.6,13.8,6,1,2015,7550.129586686673,1,25.5,28.599999999999987,83.42857142857143,25.66367517343364
2015-01-07,25.266114194399886,25.7,29.0,24.0,17.6,86.0,8.8,12.3,7,1,2015,7550.129586686673,1,25.585714285714285,38.59999999999999,83.28571428571429,23.950151690320656
2015-01-08,25.266114194399886,24.7,26.8,23.8,40.4,90.0,9.2,12.6,8,1,2015,7550.129586686673,1,25.599999999999998,74.1,83.28571428571429,24.279142316340458
2015-01-09,25.266114194399886,23.9,24.6,23.4,79.0,93.0,10.0,13.2,9,1,2015,7550.129586686673,1,25.37142857142857,151.0,85.28571428571429,24.608132942360267
2015-01-10,25.266114194399886,25.1,28.9,23.4,6.7,88.0,10.8,17.2,10,1,2015,7550.129586686673,1,25.28571428571428,157.7,86.42857142857143,24.93712356838008
2015-01-11,25.266114194399886,25.2,28.2,23.9,14.2,88.0,10.9,14.6,11,1,2015,7550.129586686673,1,25.185714285714287,171.3,87.71428571428571,25.266114194399886
2015-01-12,25.342949817900347,25.9,28.4,24.3,0.0,84.0,14.2,20.0,12,1,2015,7550.129586686673,1,25.17142857142857,170.2,88.14285714285714,25.27709071204281
2015-01-13,25.342949817900347,26.2,28.8,24.5,0.4,81.0,16.2,21.5,13,1,2015,7550.129586686673,1,25.24285714285714,158.3,87.14285714285714,25.288067229685733
2015-01-14,25.342949817900347,25.7,28.0,24.5,1.5,86.0,14.5,18.8,14,1,2015,7550.129586686673,1,25.24285714285714,142.2,87.14285714285714,25.299043747328653
2015-01-15,25.342949817900347,25.6,27.9,24.0,0.2,82.0,15.1,21.0,15,1,2015,7550.129586686673,1,25.371428571428574,102.0,86.0,25.310020264971577
2015-01-16,25.342949817900347,25.7,28.3,23.9,0.0,78.0,15.5,20.9,16,1,2015,7550.129586686673,1,25.62857142857143,23.0,83.85714285714286,25.320996782614504
2015-01-17,25.342949817900347,25.5,28.4,23.7,0.0,76.0,14.9,18.8,17,1,2015,7550.129586686673,1,25.685714285714287,16.3,82.14285714285714,25.331973300257424
2015-01-18,25.342949817900347,25.5,28.4,23.6,0.1,76.0,15.5,20.3,18,1,2015,7550.129586686673,1,25.728571428571428,2.1999999999999997,80.42857142857143,25.342949817900347
2015-01-19,23.381507095763705,25.4,28.1,23.8,0.0,78.0,14.5,18.7,19,1,2015,7550.129586686673,1,25.657142857142855,2.1999999999999997,79.57142857142857,25.06274371473797
2015-01-20,23.381507095763705,25.6,27.9,23.8,0.0,76.0,14.4,19.4,20,1,2015,7550.129586686673,1,25.571428571428573,1.8,78.85714285714286,24.782537611575595
2015-01-21,23.381507095763705,25.4,27.4,24.1,7.9,82.0,11.8,16.3,21,1,2015,7550.129586686673,1,25.528571428571432,8.200000000000001,78.28571428571429,24.502331508413217
2015-01-22,23.381507095763705,25.4,27.8,23.9,0.0,80.0,15.2,20.3,22,1,2015,7550.129586686673,1,25.5,8.0,78.0,24.22212540525084
2015-01-23,23.381507095763705,25.3,27.6,23.8,0.6,79.0,14.8,20.3,23,1,2015,7550.129586686673,1,25.442857142857143,8.6,78.14285714285714,23.94191930208846
2015-01-24,23.381507095763705,25.4,27.8,23.7,0.4,79.0,12.6,16.4,24,1,2015,7550.129586686673,1,25.428571428571427,9.0,78.57142857142857,23.661713198926083
2015-01-25,23.381507095763705,24.8,26.6,23.9,5.0,83.0,10.6,14.0,25,1,2015,7550.129586686673,1,25.328571428571426,13.9,79.57142857142857,23.381507095763705
2015-01-26,22.024077747255657,25.6,28.6,23.8,0.0,78.0,13.4,20.1,26,1,2015,7550.129586686673,1,25.357142857142858,13.9,79.57142857142857,23.187588617405414
2015-01-27,22.024077747255657,25.9,28.7,23.8,0.0,76.0,11.8,17.2,27,1,2015,7550.129586686673,1,25.4,13.9,79.57142857142857,22.99367013904712
2015-01-28,22.024077747255657,26.0,29.3,23.6,0.1,76.0,11.1,13.6,28,1,2015,7550.129586686673,1,25.485714285714284,6.1,78.71428571428571,22.799751660688827
2015-01-29,22.024077747255657,25.7,28.1,24.6,0.6,82.0,13.1,15.7,29,1,2015,7550.129586686673,1,25.528571428571432,6.7,79.0,22.605833182330535
2015-01-30,22.024077747255657,25.6,27.7,24.5,10.5,86.0,11.7,14.4,30,1,2015,7550.129586686673,1,25.571428571428573,16.6,80.0,22.411914703972247
2015-01-31,22.024077747255657,25.7,28.4,24.4,0.0,79.0,16.1,22.4,31,1,2015,7550.129586686673,1,25.61428571428571,16.200000000000003,80.0,22.217996225613952
2015-02-01,22.024077747255657,25.3,27.8,23.6,0.0,74.0,16.2,22.2,32,2,2015,7550.129586686673,1,25.685714285714287,11.200000000000001,78.71428571428571,22.024077747255657
2015-02-02,21.39658682200193,25.1,26.7,23.9,3.5,80.0,14.0,18.9,33,2,2015,7550.129586686673,1,25.61428571428571,14.700000000000001,79.0,21.934436186505128
2015-02-03,21.39658682200193,24.6,26.5,22.8,5.0,80.0,12.9,19.3,34,2,2015,7550.129586686673,1,25.428571428571427,19.700000000000003,79.57142857142857,21.84479462575459
2015-02-04,21.39658682200193,23.9,25.2,22.7,77.1,91.0,12.5,16.6,35,2,2015,7550.129586686673,1,25.12857142857143,96.69999999999999,81.71428571428571,21.75515306500406
2015-02-05,21.39658682200193,24.7,26.4,23.4,4.1,87.0,16.1,21.4,36,2,2015,7550.129586686673,1,24.985714285714288,100.19999999999999,82.42857142857143,21.665511504253523
2015-02-06,21.39658682200193,24.8,26.9,23.7,8.2,88.0,14.0,16.2,37,2,2015,7550.129586686673,1,24.87142857142857,97.89999999999999,82.71428571428571,21.575869943502994
2015-02-07,21.39658682200193,24.9,27.1,23.6,1.8,86.0,15.5,19.7,38,2,2015,7550.129586686673,1,24.75714285714286,99.69999999999999,83.71428571428571,21.48622838275246
2015-02-08,21.39658682200193,25.3,27.3,23.9,1.0,79.0,16.2,21.4,39,2,2015,7550.129586686673,1,24.75714285714286,100.69999999999999,84.42857142857143,21.39658682200193
2015-02-09,24.273654057519,25.1,27.3,23.8,0.4,80.0,17.5,22.7,40,2,2015,7550.129586686673,1,24.75714285714286,97.6,84.42857142857143,21.807596427075794
2015-02-10,24.273654057519,25.2,27.5,23.8,0.0,75.0,17.8,24.0,41,2,2015,7550.129586686673,1,24.842857142857138,92.6,83.71428571428571,22.218606032149662
2015-02-11,24.273654057519,24.8,27.9,23.1,0.0,77.0,14.4,19.5,42,2,2015,7550.129586686673,1,24.97142857142857,15.499999999999998,81.71428571428571,22.62961563722353
2015-02-12,24.273654057519,24.9,27.3,23.1,0.2,77.0,14.3,19.1,43,2,2015,7550.129586686673,1,25.0,11.6,80.28571428571429,23.040625242297402
2015-02-13,24.273654057519,25.1,27.8,23.0,0.1,77.0,14.6,19.9,44,2,2015,7550.129586686673,1,25.042857142857144,3.5,78.71428571428571,23.451634847371263
2015-02-14,24.273654057519,25.3,27.8,23.4,0.3,78.0,12.1,16.1,45,2,2015,7550.129586686673,1,25.099999999999998,2.0,77.57142857142857,23.86264445244513
2015-02-15,24.273654057519,25.6,28.3,23.7,1.0,79.0,11.5,14.0,46,2,2015,7550.129586686673,1,25.142857142857142,2.0,77.57142857142857,24.273654057519
2015-02-16,22.4701512281333,26.0,28.7,24.1,0.5,79.0,12.3,15.1,47,2,2015,7550.129586686673,1,25.271428571428572,2.1,77.42857142857143,24.016010796178186
2015-02-17,22.4701512281333,26.1,28.6,24.2,0.4,81.0,11.7,16.3,48,2,2015,7550.129586686673,1,25.400000000000002,2.5,78.28571428571429,23.758367534837372
2015-02-18,22.4701512281333,26.0,28.8,24.2,4.2,82.0,12.2,17.4,49,2,2015,7550.129586686673,1,25.571428571428573,6.7,79.0,23.50072427349656
2015-02-19,22.4701512281333,24.9,26.9,23.4,15.3,88.0,8.9,13.8,50,2,2015,7550.129586686673,1,25.571428571428573,21.8,80.57142857142857,23.243081012155738
2015-02-20,22.4701512281333,25.9,28.6,24.0,0.0,82.0,11.2,13.8,51,2,2015,7550.129586686673,1,25.685714285714287,21.7,81.28571428571429,22.985437750814928
2015-02-21,22.4701512281333,25.8,28.8,23.9,0.1,81.0,12.4,15.3,52,2,2015,7550.129586686673,1,25.757142857142856,21.500000000000004,81.71428571428571,22.727794489474114
2015-02-22,22.4701512281333,26.1,29.2,23.9,0.5,79.0,13.1,16.1,53,2,2015,7550.129586686673,1,25.828571428571426,21.000000000000004,81.71428571428571,22.4701512281333
2015-02-23,21.592944526503096,26.6,29.3,24.9,0.8,77.0,10.6,14.4,54,2,2015,7550.129586686673,1,25.914285714285715,21.3,81.42857142857143,22.34483598504327
2015-02-24,21.592944526503096,26.3,28.9,24.2,0.7,80.0,9.7,15.9,55,2,2015,7550.129586686673,1,25.942857142857143,21.6,81.28571428571429,22.21952074195324
2015-02-25,21.592944526503096,26.3,29.1,24.3,1.0,81.0,9.3,13.6,56,2,2015,7550.129586686673,1,25.985714285714288,18.400000000000002,81.14285714285714,22.09420549886321
2015-02-26,21.592944526503096,26.2,28.9,24.3,0.7,81.0,9.5,11.2,57,2,2015,7550.129586686673,1,26.17142857142857,3.8,80.14285714285714,21.968890255773186
2015-02-27,21.592944526503096,26.7,29.5,24.8,0.3,77.0,11.5,14.1,58,2,2015,7550.129586686673,1,26.28571428571429,4.1,79.42857142857143,21.843575012683154
2015-02-28,21.592944526503096,26.9,30.1,24.7,0.1,78.0,12.4,15.2,59,2,2015,7550.129586686673,1,26.442857142857143,4.1,79.0,21.718259769593125
2015-03-01,21.592944526503096,26.5,29.5,24.5,3.1,82.0,9.7,13.2,60,3,2015,7550.129586686673,1,26.5,6.699999999999999,79.42857142857143,21.592944526503096
2015-03-02,22.26098758638206,26.2,29.8,24.0,0.6,81.0,9.3,15.3,61,3,2015,7550.129586686673,1,26.442857142857143,6.5,80.0,21.688379249342947
2015-03-03,22.26098758638206,26.4,29.6,23.9,1.4,81.0,8.4,12.0,62,3,2015,7550.129586686673,1,26.457142857142856,7.199999999999999,80.14285714285714,21.783813972182802
2015-03-04,22.26098758638206,26.9,30.6,24.4,0.0,79.0,6.9,11.9,63,3,2015,7550.129586686673,1,26.54285714285714,6.199999999999999,79.85714285714286,21.879248695022653
2015-03-05,22.26098758638206,26.9,30.3,24.6,0.5,77.0,6.4,10.5,64,3,2015,7550.129586686673,1,26.642857142857142,6.0,79.28571428571429,21.974683417862504
2015-03-06,22.26098758638206,27.0,30.5,24.3,0.0,75.0,6.3,9.4,65,3,2015,7550.129586686673,1,26.685714285714283,5.699999999999999,79.0,22.07011814070236
2015-03-07,22.26098758638206,26.9,30.3,24.4,6.2,77.0,8.1,12.4,66,3,2015,7550.129586686673,1,26.685714285714287,11.8,78.85714285714286,22.16555286354221
2015-03-08,22.26098758638206,26.5,29.7,24.8,7.9,82.0,5.9,8.6,67,3,2015,7550.129586686673,1,26.685714285714287,16.6,78.85714285714286,22.26098758638206
2015-03-09,22.1500027968814,26.6,29.1,24.7,6.9,83.0,9.4,14.0,68,3,2015,7550.129586686673,1,26.74285714285714,22.9,79.14285714285714,22.245132616453393
2015-03-10,22.1500027968814,26.2,29.3,24.4,6.6,85.0,10.4,15.7,69,3,2015,7550.129586686673,1,26.714285714285715,28.1,79.71428571428571,22.22927764652473
2015-03-11,22.1500027968814,25.2,27.5,24.2,9.9,87.0,11.0,13.2,70,3,2015,7550.129586686673,1,26.47142857142857,38.0,80.85714285714286,22.213422676596064
2015-03-12,22.1500027968814,26.0,28.1,24.5,1.6,82.0,10.6,14.4,71,3,2015,7550.129586686673,1,26.342857142857145,39.1,81.57142857142857,22.197567706667396
2015-03-13,22.1500027968814,26.4,29.4,24.3,0.0,73.0,12.6,15.6,72,3,2015,7550.129586686673,1,26.25714285714286,39.1,81.28571428571429,22.181712736738735
2015-03-14,22.1500027968814,26.6,29.5,24.6,0.6,75.0,11.6,15.8,73,3,2015,7550.129586686673,1,26.214285714285715,33.5,81.0,22.165857766810063
2015-03-15,22.1500027968814,26.5,29.2,25.2,4.8,81.0,9.8,14.1,74,3,2015,7550.129586686673,1,26.214285714285715,30.4,80.85714285714286,22.1500027968814
2015-03-16,21.264258803751147,26.6,29.4,24.4,0.5,80.0,6.1,9.3,75,3,2015,7550.129586686673,1,26.214285714285715,24.0,80.42857142857143,22.023467940719936
2015-03-17,21.264258803751147,26.9,29.2,25.2,1.6,81.0,8.5,11.6,76,3,2015,7550.129586686673,1,26.314285714285717,19.0,79.85714285714286,21.89693308455847
2015-03-18,21.264258803751147,27.0,29.5,25.3,1.7,81.0,8.0,11.8,77,3,2015,7550.129586686673,1,26.571428571428573,10.8,79.0,21.770398228397003
2015-03-19,21.264258803751147,26.8,29.8,25.0,2.1,84.0,5.3,10.0,78,3,2015,7550.129586686673,1,26.685714285714283,11.3,79.28571428571429,21.64386337223554
2015-03-20,21.264258803751147,26.7,29.2,24.3,3.5,85.0,3.5,6.0,79,3,2015,7550.129586686673,1,26.728571428571428,14.8,81.0,21.517328516074077
2015-03-21,21.264258803751147,26.6,29.0,24.7,9.0,85.0,4.9,9.2,80,3,2015,7550.129586686673,1,26.728571428571428,23.200000000000003,82.42857142857143,21.39079365991261
2015-03-22,21.264258803751147,26.4,29.6,24.9,24.0,85.0,4.3,5.9,81,3,2015,7550.129586686673,1,26.714285714285715,42.400000000000006,83.0,21.264258803751147
2015-03-23,23.13819428801226,26.8,29.5,24.7,1.0,82.0,6.8,10.2,82,3,2015,7550.129586686673,1,26.74285714285714,42.900000000000006,83.28571428571429,21.531963872931307
2015-03-24,23.13819428801226,26.9,29.4,25.3,6.7,79.0,7.9,11.7,83,3,2015,7550.129586686673,1,26.74285714285714,48.0,83.0,21.799668942111463
2015-03-25,23.13819428801226,26.5,28.7,24.8,5.4,83.0,10.2,13.0,84,3,2015,7550.129586686673,1,26.67142857142857,51.7,83.28571428571429,22.067374011291626
2015-03-26,23.13819428801226,26.7,28.7,24.9,4.6,84.0,10.7,13.7,85,3,2015,7550.129586686673,1,26.657142857142862,54.2,83.28571428571429,22.335079080471786
2015-03-27,23.13819428801226,27.0,29.5,25.5,2.8,82.0,12.3,17.1,86,3,2015,7550.129586686673,1,26.699999999999996,53.5,82.85714285714286,22.602784149651942
2015-03-28,23.13819428801226,26.3,28.5,24.8,2.5,86.0,10.8,16.0,87,3,2015,7550.129586686673,1,26.657142857142855,47.0,83.0,22.870489218832102
2015-03-29,23.13819428801226,26.1,27.9,25.0,14.0,86.0,9.6,12.4,88,3,2015,7550.129586686673,1,26.61428571428571,37.0,83.14285714285714,23.13819428801226
2015-03-30,23.091239184761985,26.2,28.3,24.7,6.8,87.0,7.9,12.1,89,3,2015,7550.129586686673,1,26.528571428571432,42.800000000000004,83.85714285714286,23.131486416119365
2015-03-31,23.091239184761985,26.5,28.4,25.0,11.1,86.0,7.4,13.4,90,3,2015,7550.129586686673,1,26.47142857142857,47.2,84.85714285714286,23.12477854422647
2015-04-01,23.091239184761985,26.2,28.8,24.4,19.5,87.0,5.4,9.4,91,4,2015,7550.129586686673,0,26.428571428571427,61.3,85.42857142857143,23.118070672333573
2015-04-02,23.091239184761985,26.1,28.8,23.9,27.0,87.0,7.2,13.9,92,4,2015,7550.129586686673,0,26.342857142857145,83.7,85.85714285714286,23.111362800440673
2015-04-03,23.091239184761985,26.7,29.4,24.5,8.0,85.0,4.5,8.0,93,4,2015,7550.129586686673,0,26.3,88.9,86.28571428571429,23.104654928547777
2015-04-04,23.091239184761985,26.9,29.4,24.5,2.7,86.0,4.8,8.9,94,4,2015,7550.129586686673,0,26.385714285714283,89.10000000000001,86.28571428571429,23.09794705665488
2015-04-05,23.091239184761985,26.2,27.7,24.5,12.7,88.0,5.6,10.5,95,4,2015,7550.129586686673,0,26.400000000000002,87.8,86.57142857142857,23.091239184761985
2015-04-06,24.668503789396343,26.4,29.2,24.7,10.8,88.0,5.5,9.7,96,4,2015,7550.129586686673,0,26.428571428571427,91.80000000000001,86.71428571428571,23.31656269970975
2015-04-07,24.668503789396343,26.7,29.0,25.3,9.1,87.0,6.6,9.5,97,4,2015,7550.129586686673,0,26.457142857142856,89.80000000000001,86.85714285714286,23.541886214657517
2015-04-08,24.668503789396343,27.0,29.2,24.9,0.5,86.0,7.0,10.2,98,4,2015,7550.129586686673,0,26.571428571428573,70.80000000000001,86.71428571428571,23.767209729605277
2015-04-09,24.668503789396343,26.7,28.9,25.3,2.4,85.0,11.2,15.6,99,4,2015,7550.129586686673,0,26.657142857142855,46.2,86.42857142857143,23.992533244553048
2015-04-10,24.668503789396343,26.7,28.7,24.9,8.6,85.0,7.0,10.5,100,4,2015,7550.129586686673,0,26.657142857142855,46.800000000000004,86.42857142857143,24.217856759500815
2015-04-11,24.668503789396343,26.4,27.7,24.8,7.3,87.0,5.9,9.8,101,4,2015,7550.129586686673,0,26.585714285714282,51.4,86.57142857142857,24.443180274448576
2015-04-12,24.668503789396343,26.7,29.6,24.8,23.4,87.0,6.1,9.4,102,4,2015,7550.129586686673,0,26.657142857142855,62.1,86.42857142857143,24.668503789396343
2015-04-13,28.610598139544727,27.0,29.4,25.0,3.7,84.0,7.2,10.3,103,4,2015,7550.129586686673,0,26.74285714285714,55.0,85.85714285714286,25.231660125131828
2015-04-14,28.610598139544727,27.4,29.8,25.4,0.5,80.0,8.8,13.1,104,4,2015,7550.129586686673,0,26.842857142857145,46.400000000000006,84.85714285714286,25.79481646086731
2015-04-15,28.610598139544727,27.1,29.1,24.7,0.9,82.0,8.7,12.9,105,4,2015,7550.129586686673,0,26.857142857142858,46.800000000000004,84.28571428571429,26.35797279660279
2015-04-16,28.610598139544727,27.2,29.6,24.5,0.7,81.0,8.8,13.6,106,4,2015,7550.129586686673,0,26.928571428571427,45.1,83.71428571428571,26.921129132338276
2015-04-17,28.610598139544727,27.5,29.4,25.8,1.4,83.0,7.2,9.9,107,4,2015,7550.129586686673,0,27.04285714285714,37.900000000000006,83.42857142857143,27.484285468073757
2015-04-18,28.610598139544727,27.1,29.6,25.0,3.1,85.0,3.6,9.4,108,4,2015,7550.129586686673,0,27.142857142857142,33.7,83.14285714285714,28.047441803809242
2015-04-19,28.610598139544727,26.7,29.1,25.5,14.7,87.0,4.7,9.2,109,4,2015,7550.129586686673,0,27.142857142857142,25.000000000000004,83.14285714285714,28.610598139544727
2015-04-20,29.31065604254888,27.3,29.6,25.1,3.0,85.0,4.9,9.6,110,4,2015,7550.129586686673,0,27.185714285714287,24.300000000000004,83.28571428571429,28.710606411402466
2015-04-21,29.31065604254888,27.2,29.7,25.3,11.5,85.0,4.9,11.0,111,4,2015,7550.129586686673,0,27.157142857142855,35.300000000000004,84.0,28.810614683260205
2015-04-22,29.31065604254888,26.2,29.3,24.4,10.4,86.0,6.1,10.8,112,4,2015,7550.129586686673,0,27.02857142857143,44.800000000000004,84.57142857142857,28.910622955117933
2015-04-23,29.31065604254888,26.4,29.5,24.5,8.5,86.0,4.5,6.8,113,4,2015,7550.129586686673,0,26.914285714285715,52.6,85.28571428571429,29.010631226975672
2015-04-24,29.31065604254888,26.2,28.7,24.7,6.7,86.0,6.1,9.4,114,4,2015,7550.129586686673,0,26.728571428571428,57.900000000000006,85.71428571428571,29.11063949883341
2015-04-25,29.31065604254888,26.2,28.8,24.5,13.6,87.0,6.8,10.2,115,4,2015,7550.129586686673,0,26.6,68.4,86.0,29.210647770691146
2015-04-26,29.31065604254888,26.2,28.9,24.6,10.5,87.0,6.4,9.5,116,4,2015,7550.129586686673,0,26.52857142857143,64.2,86.0,29.31065604254888
2015-04-27,29.048134328922323,26.1,28.1,24.6,7.4,87.0,4.9,8.2,117,4,2015,7550.129586686673,0,26.357142857142854,68.6,86.28571428571429,29.273152940602227
2015-04-28,29.048134328922323,26.8,29.4,25.1,4.1,86.0,5.9,8.4,118,4,2015,7550.129586686673,0,26.3,61.2,86.42857142857143,29.235649838655576
2015-04-29,29.048134328922323,26.6,29.8,24.7,9.3,87.0,4.0,7.8,119,4,2015,7550.129586686673,0,26.357142857142858,60.1,86.57142857142857,29.19814673670893
2015-04-30,29.048134328922323,26.5,28.8,24.6,17.8,87.0,8.0,12.6,120,4,2015,7550.129586686673,0,26.37142857142857,69.4,86.71428571428571,29.160643634762277
2015-05-01,29.048134328922323,26.7,29.3,25.2,11.6,86.0,3.9,6.5,121,5,2015,7550.129586686673,0,26.442857142857147,74.30000000000001,86.71428571428571,29.123140532815626
2015-05-02,29.048134328922323,26.2,28.0,24.8,9.8,87.0,6.8,10.8,122,5,2015,7550.129586686673,0,26.442857142857143,70.5,86.71428571428571,29.085637430868974
2015-05-03,29.048134328922323,26.3,28.0,24.5,6.1,85.0,8.7,14.5,123,5,2015,7550.129586686673,0,26.45714285714286,66.10000000000001,86.42857142857143,29.048134328922323
2015-05-04,37.82873863672442,27.3,29.3,25.8,3.9,83.0,5.6,8.5,124,5,2015,7550.129586686673,0,26.62857142857143,62.60000000000001,85.85714285714286,30.30250637289405
2015-05-05,37.82873863672442,26.9,28.8,24.2,7.1,86.0,4.3,9.0,125,5,2015,7550.129586686673,0,26.642857142857142,65.60000000000001,85.85714285714286,31.55687841686578
2015-05-06,37.82873863672442,26.9,28.8,25.0,10.1,86.0,4.5,9.3,126,5,2015,7550.129586686673,0,26.685714285714287,66.4,85.71428571428571,32.811250460837506
2015-05-07,37.82873863672442,26.8,28.0,25.6,7.5,87.0,6.6,10.2,127,5,2015,7550.129586686673,0,26.728571428571428,56.1,85.71428571428571,34.065622504809234
2015-05-08,37.82873863672442,26.0,28.2,24.2,16.5,88.0,5.5,10.8,128,5,2015,7550.129586686673,0,26.628571428571426,61.0,86.0,35.31999454878096
2015-05-09,37.82873863672442,27.0,28.6,25.2,8.6,84.0,8.0,14.0,129,5,2015,7550.129586686673,0,26.74285714285714,59.800000000000004,85.57142857142857,36.574366592752696
2015-05-10,37.82873863672442,26.9,28.2,25.5,12.2,87.0,8.4,11.1,130,5,2015,7550.129586686673,0,26.828571428571426,65.9,85.85714285714286,37.82873863672442
2015-05-11,39.14988449635725,27.2,29.7,25.3,8.1,85.0,6.3,10.5,131,5,2015,7550.129586686673,0,26.814285714285713,70.1,86.14285714285714,38.0174737595291
2015-05-12,39.14988449635725,26.9,28.2,25.5,7.4,87.0,7.0,11.0,132,5,2015,7550.129586686673,0,26.814285714285713,70.4,86.28571428571429,38.2062088823338
2015-05-13,39.14988449635725,26.7,28.2,25.0,8.2,88.0,6.0,10.6,133,5,2015,7550.129586686673,0,26.785714285714285,68.5,86.57142857142857,38.394944005138484
2015-05-14,39.14988449635725,26.6,28.1,25.5,9.3,88.0,5.2,9.1,134,5,2015,7550.129586686673,0,26.75714285714286,70.3,86.71428571428571,38.58367912794318
2015-05-15,39.14988449635725,26.8,28.8,24.8,3.3,86.0,5.1,8.3,135,5,2015,7550.129586686673,0,26.871428571428574,57.1,86.42857142857143,38.77241425074787
2015-05-16,39.14988449635725,27.1,28.7,25.6,7.8,87.0,7.7,11.0,136,5,2015,7550.129586686673,0,26.88571428571429,56.3,86.85714285714286,38.961149373552566
2015-05-17,39.14988449635725,27.2,28.7,25.5,3.4,86.0,6.1,8.6,137,5,2015,7550.129586686673,0,26.928571428571427,47.5,86.71428571428571,39.14988449635725
2015-05-18,45.006466465392,27.1,28.3,25.7,10.0,86.0,6.1,10.6,138,5,2015,7550.129586686673,0,26.914285714285715,49.4,86.85714285714286,39.986539063362216
2015-05-19,45.006466465392,27.1,28.7,25.9,5.0,86.0,7.5,11.8,139,5,2015,7550.129586686673,0,26.942857142857147,47.0,86.71428571428571,40.823193630367186
2015-05-20,45.006466465392,27.0,28.0,25.5,12.1,85.0,7.8,11.2,140,5,2015,7550.129586686673,0,26.985714285714288,50.9,86.28571428571429,41.65984819737214
2015-05-21,45.006466465392,27.0,28.1,25.9,6.6,87.0,7.0,12.2,141,5,2015,7550.129586686673,0,27.042857142857144,48.2,86.14285714285714,42.49650276437711
2015-05-22,45.006466465392,27.0,28.3,25.9,8.6,86.0,7.9,11.6,142,5,2015,7550.129586686673,0,27.071428571428573,53.5,86.14285714285714,43.333157331382075
2015-05-23,45.006466465392,26.6,27.5,24.8,12.7,85.0,6.8,10.5,143,5,2015,7550.129586686673,0,27.0,58.4,85.85714285714286,44.16981189838704
2015-05-24,45.006466465392,27.3,29.4,25.3,1.8,84.0,5.6,13.5,144,5,2015,7550.129586686673,0,27.014285714285716,56.8,85.57142857142857,45.006466465392
2015-05-25,45.74280785727136,26.7,28.4,24.4,7.8,87.0,7.1,13.4,145,5,2015,7550.129586686673,0,26.95714285714286,54.6,85.71428571428571,45.11165809280334
2015-05-26,45.74280785727136,26.9,28.6,25.7,6.2,86.0,8.5,14.6,146,5,2015,7550.129586686673,0,26.928571428571427,55.8,85.71428571428571,45.216849720214675
2015-05-27,45.74280785727136,26.7,28.7,24.8,13.6,86.0,7.7,12.5,147,5,2015,7550.129586686673,0,26.885714285714283,57.3,85.85714285714286,45.32204134762601
2015-05-28,45.74280785727136,26.9,29.0,24.5,4.1,84.0,6.8,12.0,148,5,2015,7550.129586686673,0,26.87142857142857,54.8,85.42857142857143,45.42723297503734
2015-05-29,45.74280785727136,27.5,29.0,25.2,1.4,83.0,8.4,13.9,149,5,2015,7550.129586686673,0,26.942857142857143,47.6,85.0,45.53242460244868
2015-05-30,45.74280785727136,28.0,29.6,26.5,4.2,80.0,9.6,14.6,150,5,2015,7550.129586686673,0,27.142857142857142,39.099999999999994,84.28571428571429,45.63761622986002
2015-05-31,45.74280785727136,28.0,30.0,26.2,1.8,79.0,7.3,9.5,151,5,2015,7550.129586686673,0,27.24285714285714,39.1,83.57142857142857,45.74280785727136
2015-06-01,47.61460901865746,27.2,29.5,24.8,3.0,86.0,5.2,9.4,152,6,2015,7550.129586686673,0,27.314285714285713,34.3,83.42857142857143,46.010208023183665
2015-06-02,47.61460901865746,26.7,28.2,24.7,9.5,88.0,5.3,11.5,153,6,2015,7550.129586686673,0,27.285714285714285,37.599999999999994,83.71428571428571,46.277608189095965
2015-06-03,47.61460901865746,26.9,28.7,24.4,2.4,84.0,6.5,10.8,154,6,2015,7550.129586686673,0,27.314285714285713,26.4,83.42857142857143,46.54500835500826
2015-06-04,47.61460901865746,27.0,28.4,25.5,5.7,87.0,6.7,11.6,155,6,2015,7550.129586686673,0,27.328571428571426,28.0,83.85714285714286,46.81240852092056
2015-06-05,47.61460901865746,26.6,28.6,25.1,8.3,90.0,6.1,10.3,156,6,2015,7550.129586686673,0,27.199999999999996,34.9,84.85714285714286,47.07980868683286
2015-06-06,47.61460901865746,26.5,27.8,25.5,7.9,89.0,5.5,12.3,157,6,2015,7550.129586686673,0,26.985714285714284,38.6,86.14285714285714,47.34720885274516
2015-06-07,47.61460901865746,26.5,27.9,25.0,8.6,87.0,6.5,9.7,158,6,2015,7550.129586686673,0,26.77142857142857,45.400000000000006,87.28571428571429,47.61460901865746
2015-06-08,50.101095168047216,26.4,28.3,24.8,5.4,88.0,6.3,10.5,159,6,2015,7550.129586686673,0,26.657142857142855,47.800000000000004,87.57142857142857,47.96982132571314
2015-06-09,50.101095168047216,26.8,28.7,24.9,5.3,86.0,6.3,8.4,160,6,2015,7550.129586686673,0,26.67142857142857,43.599999999999994,87.28571428571429,48.325033632768815
2015-06-10,50.101095168047216,26.8,28.3,25.2,5.3,86.0,5.7,10.1,161,6,2015,7550.129586686673,0,26.657142857142862,46.5,87.57142857142857,48.680245939824495
2015-06-11,50.101095168047216,26.5,27.8,25.3,15.3,87.0,6.8,12.9,162,6,2015,7550.129586686673,0,26.58571428571429,56.1,87.57142857142857,49.035458246880175
2015-06-12,50.101095168047216,26.2,27.8,25.4,11.8,88.0,7.2,11.0,163,6,2015,7550.129586686673,0,26.52857142857143,59.6,87.28571428571429,49.390670553935855
2015-06-13,50.101095168047216,26.7,28.5,25.2,6.0,81.0,6.1,10.0,164,6,2015,7550.129586686673,0,26.557142857142853,57.7,86.14285714285714,49.74588286099153
2015-06-14,50.101095168047216,25.7,26.5,24.7,9.9,88.0,9.4,13.5,165,6,2015,7550.129586686673,0,26.442857142857143,59.0,86.28571428571429,50.101095168047216
2015-06-15,51.97716497518336,26.3,27.2,25.0,13.5,87.0,8.4,12.7,166,6,2015,7550.129586686673,0,26.428571428571427,67.1,86.14285714285714,50.36910514049524
2015-06-16,51.97716497518336,26.1,28.2,24.3,20.8,86.0,7.1,11.6,167,6,2015,7550.129586686673,0,26.32857142857143,82.60000000000001,86.14285714285714,50.637115112943256
2015-06-17,51.97716497518336,27.3,29.0,25.5,1.3,80.0,8.5,13.0,168,6,2015,7550.129586686673,0,26.4,78.60000000000001,85.28571428571429,50.905125085391276
2015-06-18,51.97716497518336,27.1,28.4,26.0,4.7,85.0,8.5,12.9,169,6,2015,7550.129586686673,0,26.485714285714288,68.0,85.0,51.1731350578393
2015-06-19,51.97716497518336,27.5,28.5,26.7,0.1,82.0,11.1,15.4,170,6,2015,7550.129586686673,0,26.67142857142857,56.3,84.14285714285714,51.44114503028732
2015-06-20,51.97716497518336,27.9,29.0,26.9,0.2,82.0,10.8,15.1,171,6,2015,7550.129586686673,0,26.842857142857145,50.5,84.28571428571429,51.709155002735336
2015-06-21,51.97716497518336,28.3,29.7,27.4,0.0,79.0,11.5,16.7,172,6,2015,7550.129586686673,0,27.214285714285715,40.6,83.0,51.97716497518336
2015-06-22,54.47432273894816,28.3,29.7,27.2,0.5,80.0,11.9,16.9,173,6,2015,7550.129586686673,0,27.5,27.6,82.0,52.33390179857834
2015-06-23,54.47432273894816,28.1,29.6,27.1,0.6,80.0,12.5,17.3,174,6,2015,7550.129586686673,0,27.785714285714285,7.4,81.14285714285714,52.690638621973314
2015-06-24,54.47432273894816,28.1,29.4,27.1,1.0,80.0,12.1,15.7,175,6,2015,7550.129586686673,0,27.900000000000002,7.1000000000000005,81.14285714285714,53.04737544536828
2015-06-25,54.47432273894816,28.1,29.4,27.0,0.8,78.0,11.4,15.3,176,6,2015,7550.129586686673,0,28.042857142857144,3.2,80.14285714285714,53.40411226876325
2015-06-26,54.47432273894816,28.0,29.4,26.8,1.1,75.0,10.9,13.7,177,6,2015,7550.129586686673,0,28.114285714285717,4.2,79.14285714285714,53.76084909215822
2015-06-27,54.47432273894816,28.2,29.6,27.0,0.0,74.0,12.8,18.4,178,6,2015,7550.129586686673,0,28.157142857142862,4.0,78.0,54.11758591555319
2015-06-28,54.47432273894816,28.1,29.6,26.9,2.2,78.0,11.8,17.7,179,6,2015,7550.129586686673,0,28.12857142857143,6.2,77.85714285714286,54.47432273894816
2015-06-29,54.86276950220047,28.2,30.0,26.6,0.9,77.0,9.7,12.4,180,6,2015,7550.129586686673,0,28.114285714285717,6.6000000000000005,77.42857142857143,54.52981513369849
2015-06-30,54.86276950220047,28.0,29.7,26.6,0.1,81.0,9.3,13.0,181,6,2015,7550.129586686673,0,28.099999999999998,6.1000000000000005,77.57142857142857,54.585307528448816
2015-07-01,54.86276950220047,26.8,28.0,25.4,2.7,85.0,7.8,13.8,182,7,2015,7550.129586686673,0,27.914285714285715,7.800000000000001,78.28571428571429,54.64079992319915
2015-07-02,54.86276950220047,27.6,29.2,25.8,0.7,82.0,10.2,16.3,183,7,2015,7550.129586686673,0,27.842857142857145,7.700000000000001,78.85714285714286,54.69629231794948
2015-07-03,54.86276950220047,27.9,29.2,26.9,1.5,77.0,11.3,17.7,184,7,2015,7550.129586686673,0,27.82857142857143,8.1,79.14285714285714,54.75178471269981
2015-07-04,54.86276950220047,26.6,27.6,25.1,3.3,83.0,9.5,16.3,185,7,2015,7550.129586686673,0,27.6,11.4,80.42857142857143,54.80727710745014
2015-07-05,54.86276950220047,27.8,29.5,26.6,0.0,76.0,11.2,16.7,186,7,2015,7550.129586686673,0,27.557142857142857,9.2,80.14285714285714,54.86276950220047
2015-07-06,54.867038147950495,27.9,29.2,26.7,0.4,79.0,12.3,17.3,187,7,2015,7550.129586686673,0,27.514285714285712,8.700000000000001,80.42857142857143,54.863379308736185
2015-07-07,54.867038147950495,27.5,28.4,26.7,9.3,81.0,10.4,16.3,188,7,2015,7550.129586686673,0,27.442857142857143,17.9,80.42857142857143,54.86398911527191
2015-07-08,54.867038147950495,27.3,29.1,25.9,7.8,84.0,9.2,16.0,189,7,2015,7550.129586686673,0,27.514285714285712,23.0,80.28571428571429,54.86459892180763
2015-07-09,54.867038147950495,27.2,29.0,25.5,3.5,86.0,7.3,14.2,190,7,2015,7550.129586686673,0,27.457142857142856,25.8,80.85714285714286,54.86520872834335
2015-07-10,54.867038147950495,26.9,28.5,24.7,10.0,87.0,9.8,15.5,191,7,2015,7550.129586686673,0,27.314285714285713,34.3,82.28571428571429,54.86581853487906
2015-07-11,54.867038147950495,27.3,28.6,25.5,5.1,84.0,10.8,15.3,192,7,2015,7550.129586686673,0,27.414285714285715,36.1,82.42857142857143,54.86642834141478
2015-07-12,54.867038147950495,27.3,28.6,26.4,0.9,85.0,10.6,14.6,193,7,2015,7550.129586686673,0,27.342857142857138,37.0,83.71428571428571,54.867038147950495
2015-07-13,57.64806085409198,27.2,28.5,26.5,9.0,84.0,11.7,17.2,194,7,2015,7550.129586686673,0,27.242857142857144,45.6,84.42857142857143,55.26432710597071
2015-07-14,57.64806085409198,27.2,28.4,26.2,3.3,84.0,11.9,17.2,195,7,2015,7550.129586686673,0,27.2,39.599999999999994,84.85714285714286,55.66161606399091
2015-07-15,57.64806085409198,27.6,28.9,26.6,0.1,80.0,10.2,13.5,196,7,2015,7550.129586686673,0,27.24285714285714,31.9,84.28571428571429,56.05890502201113
2015-07-16,57.64806085409198,27.3,28.6,26.1,5.1,85.0,10.4,16.1,197,7,2015,7550.129586686673,0,27.25714285714286,33.5,84.14285714285714,56.456193980031344
2015-07-17,57.64806085409198,27.1,28.5,25.4,6.9,85.0,8.8,14.6,198,7,2015,7550.129586686673,0,27.285714285714285,30.4,83.85714285714286,56.853482938051556
2015-07-18,57.64806085409198,27.1,28.7,25.4,1.7,83.0,12.5,17.8,199,7,2015,7550.129586686673,0,27.25714285714286,26.999999999999996,83.71428571428571,57.25077189607176
2015-07-19,57.64806085409198,26.8,28.4,25.6,2.6,87.0,8.8,12.3,200,7,2015,7550.129586686673,0,27.185714285714287,28.7,84.0,57.64806085409198
2015-07-20,57.11661445821384,27.4,29.2,25.5,0.0,82.0,11.6,19.0,201,7,2015,7550.129586686673,0,27.214285714285715,19.7,83.71428571428571,57.572139940395104
2015-07-21,57.11661445821384,27.3,28.9,26.3,3.9,83.0,10.2,16.1,202,7,2015,7550.129586686673,0,27.22857142857143,20.299999999999997,83.57142857142857,57.49621902669823
2015-07-22,57.11661445821384,27.6,29.4,26.2,0.8,80.0,10.9,15.9,203,7,2015,7550.129586686673,0,27.22857142857143,21.0,83.57142857142857,57.420298113001344
2015-07-23,57.11661445821384,27.4,29.5,25.0,7.3,81.0,7.9,12.0,204,7,2015,7550.129586686673,0,27.24285714285714,23.2,83.0,57.34437719930447
2015-07-24,57.11661445821384,27.1,28.4,25.6,4.6,84.0,8.3,13.0,205,7,2015,7550.129586686673,0,27.242857142857144,20.9,82.85714285714286,57.2684562856076
2015-07-25,57.11661445821384,27.0,29.0,24.8,0.8,85.0,7.7,13.2,206,7,2015,7550.129586686673,0,27.22857142857143,20.0,83.14285714285714,57.192535371910715
2015-07-26,57.11661445821384,26.8,27.8,26.2,5.3,85.0,9.1,13.9,207,7,2015,7550.129586686673,0,27.228571428571428,22.7,82.85714285714286,57.11661445821384
2015-07-27,49.20254523766689,27.3,29.3,25.7,0.3,77.0,7.5,13.5,208,7,2015,7550.129586686673,0,27.214285714285715,23.0,82.14285714285714,55.986033140992845
2015-07-28,49.20254523766689,27.3,28.8,26.1,0.7,80.0,9.1,13.8,209,7,2015,7550.129586686673,0,27.214285714285715,19.8,81.71428571428571,54.85545182377185
2015-07-29,49.20254523766689,26.9,28.7,26.1,7.3,83.0,10.5,15.3,210,7,2015,7550.129586686673,0,27.11428571428571,26.3,82.14285714285714,53.724870506550864
2015-07-30,49.20254523766689,26.8,28.4,25.4,3.0,83.0,8.1,13.4,211,7,2015,7550.129586686673,0,27.02857142857143,22.0,82.42857142857143,52.59428918932987
2015-07-31,49.20254523766689,26.4,27.7,25.2,10.0,86.0,7.0,13.9,212,7,2015,7550.129586686673,0,26.928571428571427,27.4,82.71428571428571,51.46370787210888
2015-08-01,49.20254523766689,25.8,27.2,24.5,11.8,87.0,7.6,14.4,213,8,2015,7550.129586686673,0,26.757142857142856,38.400000000000006,83.0,50.33312655488788
2015-08-02,49.20254523766689,26.8,28.7,24.9,5.4,82.0,8.1,14.8,214,8,2015,7550.129586686673,0,26.75714285714286,38.50000000000001,82.57142857142857,49.20254523766689
2015-08-03,50.57064620055,25.5,26.3,24.0,14.7,88.0,7.7,11.4,215,8,2015,7550.129586686673,0,26.5,52.9,84.14285714285714,49.397988232364476
2015-08-04,50.57064620055,26.0,27.8,24.3,5.5,85.0,7.2,10.8,216,8,2015,7550.129586686673,0,26.314285714285713,57.7,84.85714285714286,49.59343122706206
2015-08-05,50.57064620055,26.4,28.1,25.4,0.7,84.0,8.6,13.0,217,8,2015,7550.129586686673,0,26.242857142857144,51.1,85.0,49.788874221759656
2015-08-06,50.57064620055,25.9,27.2,24.3,5.9,87.0,5.9,10.5,218,8,2015,7550.129586686673,0,26.114285714285717,54.0,85.57142857142857,49.98431721645725
2015-08-07,50.57064620055,26.3,28.1,24.6,4.5,86.0,9.4,14.4,219,8,2015,7550.129586686673,0,26.099999999999998,48.5,85.57142857142857,50.17976021115482
2015-08-08,50.57064620055,26.6,28.2,25.1,3.0,85.0,8.4,12.8,220,8,2015,7550.129586686673,0,26.214285714285715,39.7,85.28571428571429,50.375203205852415
2015-08-09,50.57064620055,26.1,27.6,24.6,7.4,88.0,6.9,13.4,221,8,2015,7550.129586686673,0,26.114285714285717,41.699999999999996,86.14285714285714,50.57064620055
2015-08-10,43.467619672507865,27.1,28.4,25.9,4.0,84.0,10.9,18.1,222,8,2015,7550.129586686673,0,26.342857142857145,31.000000000000004,85.57142857142857,49.555928125115415
2015-08-11,43.467619672507865,27.1,28.5,25.8,6.9,85.0,10.1,15.9,223,8,2015,7550.129586686673,0,26.5,32.4,85.57142857142857,48.54121004968082
2015-08-12,43.467619672507865,26.0,27.9,24.5,11.6,88.0,6.6,10.2,224,8,2015,7550.129586686673,0,26.442857142857143,43.3,86.14285714285714,47.526491974246234
2015-08-13,43.467619672507865,26.6,28.8,25.1,2.1,86.0,8.0,14.0,225,8,2015,7550.129586686673,0,26.54285714285714,39.5,86.0,46.51177389881163
2015-08-14,43.467619672507865,26.7,28.7,24.7,7.0,84.0,6.9,10.7,226,8,2015,7550.129586686673,0,26.6,42.0,85.71428571428571,45.497055823377046
2015-08-15,43.467619672507865,27.2,28.7,26.2,4.2,82.0,9.3,15.5,227,8,2015,7550.129586686673,0,26.685714285714287,43.2,85.28571428571429,44.48233774794245
2015-08-16,43.467619672507865,26.3,27.5,25.4,6.7,87.0,9.5,15.8,228,8,2015,7550.129586686673,0,26.714285714285715,42.5,85.14285714285714,43.467619672507865
2015-08-17,42.33215990300113,26.5,28.1,24.4,6.9,85.0,8.7,15.2,229,8,2015,7550.129586686673,0,26.62857142857143,45.400000000000006,85.28571428571429,43.30541113400691
2015-08-18,42.33215990300113,27.2,29.0,25.4,0.1,78.0,9.5,13.2,230,8,2015,7550.129586686673,0,26.642857142857142,38.6,84.28571428571429,43.14320259550595
2015-08-19,42.33215990300113,27.2,29.1,25.0,0.3,79.0,9.7,14.2,231,8,2015,7550.129586686673,0,26.814285714285713,27.3,83.0,42.98099405700498
2015-08-20,42.33215990300113,27.2,28.9,25.7,1.5,83.0,8.6,13.5,232,8,2015,7550.129586686673,0,26.900000000000002,26.7,82.57142857142857,42.818785518504015
2015-08-21,42.33215990300113,26.2,28.2,24.4,2.7,87.0,7.7,12.1,233,8,2015,7550.129586686673,0,26.828571428571426,22.400000000000002,83.0,42.65657698000306
2015-08-22,42.33215990300113,26.3,27.8,24.6,3.7,86.0,8.7,14.5,234,8,2015,7550.129586686673,0,26.7,21.9,83.57142857142857,42.49436844150209
2015-08-23,42.33215990300113,27.0,28.8,25.6,4.2,80.0,11.1,16.4,235,8,2015,7550.129586686673,0,26.8,19.4,82.57142857142857,42.33215990300113
2015-08-24,38.28548373197712,27.0,28.2,26.1,2.3,80.0,10.9,15.0,236,8,2015,7550.129586686673,0,26.87142857142857,14.8,81.85714285714286,41.754063307140555
2015-08-25,38.28548373197712,27.2,28.9,26.2,0.9,81.0,9.5,13.2,237,8,2015,7550.129586686673,0,26.87142857142857,15.6,82.28571428571429,41.17596671127999
2015-08-26,38.28548373197712,26.9,28.3,25.0,10.3,84.0,8.9,12.3,238,8,2015,7550.129586686673,0,26.828571428571426,25.6,83.0,40.59787011541941
2015-08-27,38.28548373197712,27.2,28.9,25.2,0.0,81.0,9.0,15.1,239,8,2015,7550.129586686673,0,26.828571428571426,24.1,82.71428571428571,40.01977351955884
2015-08-28,38.28548373197712,27.3,29.0,26.2,2.8,83.0,9.5,14.2,240,8,2015,7550.129586686673,0,26.985714285714288,24.2,82.14285714285714,39.44167692369827
2015-08-29,38.28548373197712,27.4,29.2,25.5,2.2,83.0,11.5,16.1,241,8,2015,7550.129586686673,0,27.142857142857142,22.700000000000003,81.71428571428571,38.8635803278377
2015-08-30,38.28548373197712,27.6,29.3,26.2,0.1,80.0,10.7,17.4,242,8,2015,7550.129586686673,0,27.228571428571428,18.599999999999998,81.71428571428571,38.28548373197712
2015-08-31,32.99663164769574,27.6,29.0,26.5,0.4,76.0,13.5,19.2,243,8,2015,7550.129586686673,0,27.314285714285713,16.700000000000003,81.14285714285714,37.52993343422264
2015-09-01,32.99663164769574,27.6,29.4,26.3,0.0,75.0,11.2,15.3,244,9,2015,7550.129586686673,0,27.371428571428574,15.8,80.28571428571429,36.77438313646816
2015-09-02,32.99663164769574,27.5,29.1,26.2,0.2,78.0,11.9,16.1,245,9,2015,7550.129586686673,0,27.457142857142856,5.7,79.42857142857143,36.01883283871367
2015-09-03,32.99663164769574,27.5,29.5,26.2,0.1,80.0,12.4,16.3,246,9,2015,7550.129586686673,0,27.5,5.8,79.28571428571429,35.263282540959196
2015-09-04,32.99663164769574,26.8,27.9,26.1,6.4,84.0,9.2,13.1,247,9,2015,7550.129586686673,0,27.428571428571427,9.4,79.42857142857143,34.50773224320471
2015-09-05,32.99663164769574,26.7,28.6,24.7,2.9,86.0,8.0,12.2,248,9,2015,7550.129586686673,0,27.32857142857143,10.1,79.85714285714286,33.752181945450225
2015-09-06,32.99663164769574,26.9,28.9,25.2,2.8,84.0,6.1,10.1,249,9,2015,7550.129586686673,0,27.228571428571428,12.8,80.42857142857143,32.99663164769574
2015-09-07,28.73865751204549,27.0,29.0,25.2,0.0,81.0,7.6,14.0,250,9,2015,7550.129586686673,0,27.142857142857142,12.4,81.14285714285714,32.38834962831713
2015-09-08,28.73865751204549,27.1,28.5,26.2,1.9,82.0,9.5,15.1,251,9,2015,7550.129586686673,0,27.071428571428573,14.3,82.14285714285714,31.78006760893853
2015-09-09,28.73865751204549,26.4,27.8,25.1,3.0,85.0,7.1,13.1,252,9,2015,7550.129586686673,0,26.91428571428571,17.1,83.14285714285714,31.17178558955992
2015-09-10,28.73865751204549,26.5,28.3,24.5,0.3,83.0,8.3,13.4,253,9,2015,7550.129586686673,0,26.77142857142857,17.3,83.57142857142857,30.563503570181314
2015-09-11,28.73865751204549,26.9,29.2,24.1,0.1,79.0,10.2,16.9,254,9,2015,7550.129586686673,0,26.785714285714285,11.0,82.85714285714286,29.955221550802708
2015-09-12,28.73865751204549,27.2,28.9,25.8,0.0,81.0,11.6,18.2,255,9,2015,7550.129586686673,0,26.857142857142858,8.1,82.14285714285714,29.346939531424095
2015-09-13,28.73865751204549,27.5,29.2,26.1,0.3,80.0,9.1,14.4,256,9,2015,7550.129586686673,0,26.942857142857143,5.6,81.57142857142857,28.73865751204549
2015-09-14,27.093094575410728,27.0,28.5,26.2,5.2,84.0,8.6,13.8,257,9,2015,7550.129586686673,0,26.942857142857143,10.8,82.0,28.50357709252624
2015-09-15,27.093094575410728,26.1,27.1,24.6,22.5,87.0,7.2,12.5,258,9,2015,7550.129586686673,0,26.800000000000004,31.400000000000002,82.71428571428571,28.268496673006982
2015-09-16,27.093094575410728,26.8,28.1,25.6,5.6,85.0,9.7,15.8,259,9,2015,7550.129586686673,0,26.857142857142858,34.0,82.71428571428571,28.033416253487733
2015-09-17,27.093094575410728,27.5,29.0,26.5,0.2,81.0,10.4,16.2,260,9,2015,7550.129586686673,0,27.0,33.9,82.42857142857143,27.79833583396848
2015-09-18,27.093094575410728,27.4,29.4,26.3,1.5,83.0,10.5,17.9,261,9,2015,7550.129586686673,0,27.071428571428573,35.300000000000004,83.0,27.56325541444923
2015-09-19,27.093094575410728,27.2,29.5,25.8,4.4,85.0,9.4,13.1,262,9,2015,7550.129586686673,0,27.071428571428573,39.7,83.57142857142857,27.32817499492998
2015-09-20,27.093094575410728,27.1,29.2,25.1,3.3,86.0,6.2,10.1,263,9,2015,7550.129586686673,0,27.014285714285716,42.7,84.42857142857143,27.093094575410728
2015-09-21,23.861729742641558,26.6,28.4,24.8,6.9,87.0,5.3,11.5,264,9,2015,7550.129586686673,0,26.95714285714286,44.400000000000006,84.85714285714286,26.631471027872276
2015-09-22,23.861729742641558,26.9,28.6,25.5,5.1,85.0,7.9,13.1,265,9,2015,7550.129586686673,0,27.071428571428573,27.0,84.57142857142857,26.169847480333825
2015-09-23,23.861729742641558,27.1,28.9,25.4,0.4,83.0,8.7,14.5,266,9,2015,7550.129586686673,0,27.114285714285717,21.799999999999997,84.28571428571429,25.70822393279537
2015-09-24,23.861729742641558,27.1,29.3,25.3,0.0,84.0,8.1,12.6,267,9,2015,7550.129586686673,0,27.057142857142857,21.599999999999998,84.71428571428571,25.24660038525692
2015-09-25,23.861729742641558,26.9,28.9,24.6,0.4,82.0,7.4,12.6,268,9,2015,7550.129586686673,0,26.985714285714288,20.5,84.57142857142857,24.784976837718464
2015-09-26,23.861729742641558,27.0,29.2,24.9,0.0,80.0,8.4,13.7,269,9,2015,7550.129586686673,0,26.95714285714286,16.1,83.85714285714286,24.323353290180012
2015-09-27,23.861729742641558,27.2,28.8,25.9,1.2,82.0,8.4,12.9,270,9,2015,7550.129586686673,0,26.971428571428568,14.0,83.28571428571429,23.861729742641558
2015-09-28,23.25771636901297,26.3,28.3,24.7,9.8,88.0,5.2,11.6,271,9,2015,7550.129586686673,0,26.928571428571427,16.9,83.42857142857143,23.775442117837475
2015-09-29,23.25771636901297,26.9,29.1,25.2,0.6,84.0,7.1,14.3,272,9,2015,7550.129586686673,0,26.928571428571427,12.4,83.28571428571429,23.68915449303339
2015-09-30,23.25771636901297,27.0,29.2,25.3,0.8,86.0,7.1,14.6,273,9,2015,7550.129586686673,0,26.914285714285715,12.8,83.71428571428571,23.602866868229306
2015-10-01,23.25771636901297,26.7,28.8,25.9,7.9,87.0,7.9,15.1,274,10,2015,7550.129586686673,0,26.857142857142858,20.700000000000003,84.14285714285714,23.51657924342522
2015-10-02,23.25771636901297,26.3,28.2,24.3,3.3,86.0,5.9,10.7,275,10,2015,7550.129586686673,0,26.771428571428572,23.6,84.71428571428571,23.430291618621137
2015-10-03,23.25771636901297,27.1,29.2,24.7,0.0,83.0,8.7,15.3,276,10,2015,7550.129586686673,0,26.785714285714285,23.6,85.14285714285714,23.34400399381705
2015-10-04,23.25771636901297,27.4,29.2,26.0,0.1,80.0,10.6,16.8,277,10,2015,7550.129586686673,0,26.814285714285717,22.5,84.85714285714286,23.25771636901297
2015-10-05,21.37524359325181,26.6,28.4,25.3,2.8,86.0,7.3,12.0,278,10,2015,7550.129586686673,0,26.857142857142858,15.5,84.57142857142857,22.988791686761378
2015-10-06,21.37524359325181,26.6,28.7,25.5,6.5,86.0,7.1,11.3,279,10,2015,7550.129586686673,0,26.814285714285713,21.4,84.85714285714286,22.719867004509783
2015-10-07,21.37524359325181,26.4,29.3,24.4,17.8,86.0,5.5,9.8,280,10,2015,7550.129586686673,0,26.728571428571428,38.400000000000006,84.85714285714286,22.45094232225819
2015-10-08,21.37524359325181,26.8,29.4,24.9,4.5,85.0,4.3,10.2,281,10,2015,7550.129586686673,0,26.74285714285714,35.0,84.57142857142857,22.182017640006595
2015-10-09,21.37524359325181,27.3,29.5,25.7,0.8,82.0,6.6,11.8,282,10,2015,7550.129586686673,0,26.885714285714283,32.5,84.0,21.913092957755
2015-10-10,21.37524359325181,27.4,29.5,24.4,0.4,80.0,7.6,13.9,283,10,2015,7550.129586686673,0,26.928571428571427,32.900000000000006,83.57142857142857,21.644168275503407
2015-10-11,21.37524359325181,27.7,29.7,25.8,0.0,78.0,8.2,10.4,284,10,2015,7550.129586686673,0,26.971428571428568,32.800000000000004,83.28571428571429,21.37524359325181
2015-10-12,22.43813638500811,27.2,29.9,25.4,0.7,82.0,7.1,11.4,285,10,2015,7550.129586686673,0,27.057142857142857,30.7,82.71428571428571,21.527085420645566
2015-10-13,22.43813638500811,27.3,29.5,24.9,0.3,82.0,7.3,10.4,286,10,2015,7550.129586686673,0,27.157142857142855,24.500000000000004,82.14285714285714,21.678927248039322
2015-10-14,22.43813638500811,27.3,29.0,25.3,7.8,83.0,7.1,11.7,287,10,2015,7550.129586686673,0,27.285714285714285,14.5,81.71428571428571,21.83076907543308
2015-10-15,22.43813638500811,27.8,30.0,25.7,0.0,78.0,6.9,10.6,288,10,2015,7550.129586686673,0,27.428571428571427,10.0,80.71428571428571,21.98261090282684
2015-10-16,22.43813638500811,27.6,29.7,25.1,0.0,77.0,6.7,9.2,289,10,2015,7550.129586686673,0,27.47142857142857,9.2,80.0,22.134452730220595
2015-10-17,22.43813638500811,27.5,29.6,24.9,0.0,79.0,7.6,10.7,290,10,2015,7550.129586686673,0,27.485714285714288,8.8,79.85714285714286,22.28629455761435
2015-10-18,22.43813638500811,27.5,29.9,25.3,0.1,83.0,8.0,15.0,291,10,2015,7550.129586686673,0,27.45714285714286,8.9,80.57142857142857,22.43813638500811
2015-10-19,21.25358718937608,27.7,29.8,26.2,0.0,80.0,9.3,14.7,292,10,2015,7550.129586686673,0,27.52857142857143,8.2,80.28571428571429,22.26891507134639
2015-10-20,21.25358718937608,27.3,29.5,25.3,0.0,78.0,10.7,15.8,293,10,2015,7550.129586686673,0,27.528571428571432,7.8999999999999995,79.71428571428571,22.099693757684673
2015-10-21,21.25358718937608,27.6,29.8,25.6,0.0,76.0,10.5,16.6,294,10,2015,7550.129586686673,0,27.571428571428573,0.1,78.71428571428571,21.930472444022957
2015-10-22,21.25358718937608,27.7,30.1,25.9,0.0,77.0,9.2,12.0,295,10,2015,7550.129586686673,0,27.557142857142853,0.1,78.57142857142857,21.761251130361238
2015-10-23,21.25358718937608,27.9,30.0,26.1,0.0,79.0,10.6,14.8,296,10,2015,7550.129586686673,0,27.599999999999998,0.1,78.85714285714286,21.59202981669952
2015-10-24,21.25358718937608,27.0,28.3,25.8,6.1,85.0,8.4,13.3,297,10,2015,7550.129586686673,0,27.52857142857143,6.199999999999999,79.71428571428571,21.4228085030378
2015-10-25,21.25358718937608,26.6,29.5,25.3,7.5,86.0,7.5,12.1,298,10,2015,7550.129586686673,0,27.4,13.6,80.14285714285714,21.25358718937608
2015-10-26,19.962321849993423,26.5,28.8,24.8,19.7,85.0,6.5,13.4,299,10,2015,7550.129586686673,0,27.228571428571428,33.3,80.85714285714286,21.069120712321418
2015-10-27,19.962321849993423,26.8,29.5,25.1,24.7,84.0,6.5,8.4,300,10,2015,7550.129586686673,0,27.157142857142855,58.0,81.71428571428571,20.884654235266748
2015-10-28,19.962321849993423,25.9,27.6,24.4,4.9,87.0,6.9,9.4,301,10,2015,7550.129586686673,0,26.914285714285715,62.9,83.28571428571429,20.700187758212085
2015-10-29,19.962321849993423,26.1,28.8,24.6,11.2,85.0,6.4,9.3,302,10,2015,7550.129586686673,0,26.685714285714287,74.1,84.42857142857143,20.51572128115742
2015-10-30,19.962321849993423,25.8,28.2,24.5,18.3,88.0,6.9,10.2,303,10,2015,7550.129586686673,0,26.38571428571429,92.4,85.71428571428571,20.331254804102752
2015-10-31,19.962321849993423,25.7,28.6,24.6,32.5,88.0,6.4,13.4,304,10,2015,7550.129586686673,0,26.2,118.80000000000001,86.14285714285714,20.14678832704809
2015-11-01,19.962321849993423,25.9,28.0,24.2,12.1,88.0,8.0,11.3,305,11,2015,7550.129586686673,1,26.1,123.4,86.42857142857143,19.962321849993423
2015-11-02,18.971996035987548,26.3,28.5,24.5,2.7,87.0,7.3,10.4,306,11,2015,7550.129586686673,1,26.071428571428573,106.4,86.71428571428571,19.82084673370687
2015-11-03,18.971996035987548,26.6,29.8,24.7,7.4,85.0,6.5,9.7,307,11,2015,7550.129586686673,1,26.042857142857144,89.1,86.85714285714286,19.679371617420315
2015-11-04,18.971996035987548,26.6,29.3,24.5,1.2,85.0,6.6,10.1,308,11,2015,7550.129586686673,1,26.142857142857142,85.4,86.57142857142857,19.537896501133762
2015-11-05,18.971996035987548,26.9,29.0,25.1,5.5,85.0,6.0,8.2,309,11,2015,7550.129586686673,1,26.25714285714286,79.7,86.57142857142857,19.39642138484721
2015-11-06,18.971996035987548,26.5,28.5,24.6,7.9,87.0,6.2,10.7,310,11,2015,7550.129586686673,1,26.357142857142858,69.3,86.42857142857143,19.254946268560655
2015-11-07,18.971996035987548,26.8,28.9,25.0,8.5,85.0,4.9,6.6,311,11,2015,7550.129586686673,1,26.514285714285712,45.3,86.0,19.113471152274098
2015-11-08,18.971996035987548,25.7,26.7,24.5,15.6,90.0,4.6,10.0,312,11,2015,7550.129586686673,1,26.485714285714288,48.8,86.28571428571429,18.971996035987548
2015-11-09,19.010413847737777,26.5,28.8,24.5,2.0,86.0,4.6,7.4,313,11,2015,7550.129586686673,1,26.514285714285716,48.1,86.14285714285714,18.97748429480901
2015-11-10,19.010413847737777,26.9,29.3,25.0,3.1,84.0,4.8,8.2,314,11,2015,7550.129586686673,1,26.557142857142853,43.8,86.0,18.98297255363047
2015-11-11,19.010413847737777,26.0,28.2,24.8,37.9,88.0,5.3,7.1,315,11,2015,7550.129586686673,1,26.471428571428568,80.5,86.42857142857143,18.988460812451933
2015-11-12,19.010413847737777,26.1,28.5,24.5,15.3,87.0,5.2,9.3,316,11,2015,7550.129586686673,1,26.357142857142858,90.3,86.71428571428571,18.99394907127339
2015-11-13,19.010413847737777,26.2,27.9,24.5,14.8,88.0,4.2,8.1,317,11,2015,7550.129586686673,1,26.314285714285713,97.19999999999999,86.85714285714286,18.999437330094853
2015-11-14,19.010413847737777,26.6,28.4,25.2,8.3,86.0,6.3,9.4,318,11,2015,7550.129586686673,1,26.285714285714285,97.0,87.0,19.004925588916315
2015-11-15,19.010413847737777,26.0,28.8,24.6,23.4,89.0,4.6,8.1,319,11,2015,7550.129586686673,1,26.328571428571426,104.8,86.85714285714286,19.010413847737777
2015-11-16,16.59436035322344,25.6,27.5,24.3,15.2,90.0,6.6,8.4,320,11,2015,7550.129586686673,1,26.199999999999996,118.0,87.42857142857143,18.665263348521442
2015-11-17,16.59436035322344,25.8,27.6,24.6,8.1,87.0,5.6,8.7,321,11,2015,7550.129586686673,1,26.042857142857144,122.99999999999999,87.85714285714286,18.320112849305108
2015-11-18,16.59436035322344,26.7,28.9,24.9,2.4,84.0,7.5,10.9,322,11,2015,7550.129586686673,1,26.142857142857142,87.5,87.28571428571429,17.974962350088777
2015-11-19,16.59436035322344,26.7,28.6,24.5,5.6,85.0,4.1,7.3,323,11,2015,7550.129586686673,1,26.228571428571428,77.8,87.0,17.62981185087244
2015-11-20,16.59436035322344,25.9,28.0,24.8,14.3,88.0,5.6,7.9,324,11,2015,7550.129586686673,1,26.185714285714287,77.3,87.0,17.284661351656105
2015-11-21,16.59436035322344,25.7,27.3,24.5,11.2,90.0,5.1,7.5,325,11,2015,7550.129586686673,1,26.057142857142857,80.2,87.57142857142857,16.939510852439774
2015-11-22,16.59436035322344,26.1,27.9,24.4,7.5,87.0,5.8,8.3,326,11,2015,7550.129586686673,1,26.071428571428573,64.3,87.28571428571429,16.59436035322344
2015-11-23,16.415077231722382,26.6,29.2,24.8,8.4,86.0,5.8,9.4,327,11,2015,7550.129586686673,1,26.214285714285715,57.5,86.71428571428571,16.56874847872329
2015-11-24,16.415077231722382,25.9,27.9,24.5,9.2,89.0,4.3,8.2,328,11,2015,7550.129586686673,1,26.228571428571428,58.599999999999994,87.0,16.54313660422314
2015-11-25,16.415077231722382,26.0,28.5,24.7,9.9,88.0,5.7,9.3,329,11,2015,7550.129586686673,1,26.128571428571426,66.1,87.57142857142857,16.517524729722986
2015-11-26,16.415077231722382,25.3,26.2,24.4,10.8,90.0,8.0,11.2,330,11,2015,7550.129586686673,1,25.928571428571427,71.3,88.28571428571429,16.491912855222836
2015-11-27,16.415077231722382,25.3,26.8,24.5,16.8,90.0,6.3,8.5,331,11,2015,7550.129586686673,1,25.842857142857138,73.80000000000001,88.57142857142857,16.466300980722686
2015-11-28,16.415077231722382,26.0,28.9,24.2,7.4,89.0,6.3,10.5,332,11,2015,7550.129586686673,1,25.885714285714283,70.0,88.42857142857143,16.440689106222532
2015-11-29,16.415077231722382,25.8,28.6,24.5,20.8,90.0,5.7,8.7,333,11,2015,7550.129586686673,1,25.842857142857145,83.30000000000001,88.85714285714286,16.415077231722382
2015-11-30,16.472703949347725,26.1,29.0,24.4,10.2,87.0,5.3,9.7,334,11,2015,7550.129586686673,1,25.771428571428572,85.1,89.0,16.423309619954573
2015-12-01,16.472703949347725,25.8,27.5,24.7,13.8,89.0,5.8,13.0,335,12,2015,7550.129586686673,1,25.75714285714286,89.70000000000002,89.0,16.431542008186767
2015-12-02,16.472703949347725,26.1,28.4,24.7,16.4,88.0,6.2,8.7,336,12,2015,7550.129586686673,1,25.771428571428572,96.2,89.0,16.439774396418958
2015-12-03,16.472703949347725,26.5,29.7,24.7,11.1,88.0,5.6,9.4,337,12,2015,7550.129586686673,1,25.942857142857143,96.5,88.71428571428571,16.44800678465115
2015-12-04,16.472703949347725,26.4,28.9,24.6,17.9,87.0,4.4,9.2,338,12,2015,7550.129586686673,1,26.1,97.6,88.28571428571429,16.45623917288334
2015-12-05,16.472703949347725,26.5,29.3,24.8,21.8,87.0,5.4,9.6,339,12,2015,7550.129586686673,1,26.17142857142857,112.0,88.0,16.464471561115534
2015-12-06,16.472703949347725,26.3,28.5,25.0,14.9,88.0,9.1,13.2,340,12,2015,7550.129586686673,1,26.242857142857144,106.1,87.71428571428571,16.472703949347725
2015-12-07,15.868690575719135,26.4,28.4,24.8,3.8,87.0,10.4,14.0,341,12,2015,7550.129586686673,1,26.285714285714285,99.7,87.71428571428571,16.386416324543642
2015-12-08,15.868690575719135,26.2,28.2,25.1,17.2,88.0,5.0,8.5,342,12,2015,7550.129586686673,1,26.342857142857145,103.10000000000001,87.57142857142857,16.300128699739556
2015-12-09,15.868690575719135,26.5,28.8,24.9,19.0,87.0,5.4,9.0,343,12,2015,7550.129586686673,1,26.400000000000002,105.7,87.42857142857143,16.213841074935473
2015-12-10,15.868690575719135,26.5,28.9,25.2,9.4,87.0,6.8,8.7,344,12,2015,7550.129586686673,1,26.400000000000002,104.0,87.28571428571429,16.127553450131387
2015-12-11,15.868690575719135,26.5,28.1,24.8,8.8,86.0,5.2,8.2,345,12,2015,7550.129586686673,1,26.414285714285715,94.9,87.14285714285714,16.041265825327304
2015-12-12,15.868690575719135,26.4,28.6,25.1,24.9,87.0,6.9,9.0,346,12,2015,7550.129586686673,1,26.400000000000002,98.0,87.14285714285714,15.954978200523218
2015-12-13,15.868690575719135,25.5,27.0,24.7,19.8,91.0,7.3,10.4,347,12,2015,7550.129586686673,1,26.285714285714285,102.89999999999999,87.57142857142857,15.868690575719135
2015-12-14,16.30622676509673,26.2,28.5,24.5,0.7,87.0,7.1,10.2,348,12,2015,7550.129586686673,1,26.25714285714286,99.8,87.57142857142857,15.93119574563022
2015-12-15,16.30622676509673,26.0,28.2,24.3,3.2,86.0,8.1,10.9,349,12,2015,7550.129586686673,1,26.228571428571428,85.8,87.28571428571429,15.993700915541307
2015-12-16,16.30622676509673,26.3,28.7,24.8,1.5,83.0,9.9,12.7,350,12,2015,7550.129586686673,1,26.199999999999996,68.3,86.71428571428571,16.05620608545239
2015-12-17,16.30622676509673,25.8,28.5,24.7,7.3,87.0,11.6,15.6,351,12,2015,7550.129586686673,1,26.099999999999998,66.2,86.71428571428571,16.118711255363475
2015-12-18,16.30622676509673,25.9,28.0,24.5,2.9,86.0,14.1,19.2,352,12,2015,7550.129586686673,1,26.014285714285712,60.3,86.71428571428571,16.18121642527456
2015-12-19,16.30622676509673,26.4,29.1,24.7,0.0,82.0,11.1,16.9,353,12,2015,7550.129586686673,1,26.014285714285712,35.4,86.0,16.243721595185647
2015-12-20,16.30622676509673,26.6,29.3,24.4,0.0,79.0,9.8,14.0,354,12,2015,7550.129586686673,1,26.171428571428574,15.6,84.28571428571429,16.30622676509673
2015-12-21,18.72441458248608,26.6,29.6,24.8,4.2,83.0,7.0,12.2,355,12,2015,7550.129586686673,1,26.228571428571428,19.1,83.71428571428571,16.651682167580926
2015-12-22,18.72441458248608,26.8,29.1,25.1,1.6,85.0,5.5,8.0,356,12,2015,7550.129586686673,1,26.342857142857145,17.5,83.57142857142857,16.997137570065117
2015-12-23,18.72441458248608,26.9,29.4,25.2,7.1,84.0,7.1,11.2,357,12,2015,7550.129586686673,1,26.428571428571427,23.1,83.71428571428571,17.34259297254931
2015-12-24,18.72441458248608,26.0,28.1,24.8,19.5,88.0,6.5,11.3,358,12,2015,7550.129586686673,1,26.457142857142856,35.3,83.85714285714286,17.6880483750335
2015-12-25,18.72441458248608,26.3,28.7,24.9,4.9,89.0,10.0,15.7,359,12,2015,7550.129586686673,1,26.514285714285712,37.300000000000004,84.28571428571429,18.033503777517694
2015-12-26,18.72441458248608,26.8,29.1,24.7,3.3,84.0,11.7,18.1,360,12,2015,7550.129586686673,1,26.571428571428573,40.6,84.57142857142857,18.378959180001885
2015-12-27,18.72441458248608,26.2,28.2,24.7,1.2,87.0,11.8,16.3,361,12,2015,7550.129586686673,1,26.514285714285712,41.800000000000004,85.71428571428571,18.72441458248608
2015-12-28,18.72441458248608,26.0,27.9,24.8,4.2,87.0,12.2,14.6,362,12,2015,7550.129586686673,1,26.428571428571427,41.8,86.28571428571429,18.72441458248608
2015-12-29,18.72441458248608,26.1,27.9,24.5,3.4,87.0,12.8,16.7,363,12,2015,7550.129586686673,1,26.328571428571426,43.6,86.57142857142857,18.72441458248608
2015-12-30,18.72441458248608,26.4,28.5,25.3,1.9,84.0,15.9,20.6,364,12,2015,7550.129586686673,1,26.257142857142856,38.400000000000006,86.57142857142857,18.72441458248608
2015-12-31,18.72441458248608,25.9,28.0,24.6,3.6,86.0,14.5,19.0,365,12,2015,7550.129586686673,1,26.242857142857144,22.500000000000004,86.28571428571429,18.72441458248608
2016-01-01,38.625800197847866,25.833333333333332,27.833333333333332,24.6,3.1,87.0,13.0,17.03333333333333,1,1,2016,7648.75187559678,1,26.176190476190477,20.700000000000003,86.0,21.567469670394907
2016-01-02,58.527185813209655,25.766666666666666,27.666666666666668,24.6,2.6,88.0,11.5,15.066666666666666,2,1,2016,7648.75187559678,1,26.02857142857143,20.000000000000004,86.57142857142857,27.253579846212563
2016-01-03,78.42857142857143,25.7,27.5,24.6,2.1,89.0,10.0,13.1,3,1,2016,7648.75187559678,1,25.957142857142856,20.900000000000006,86.85714285714286,35.782745109939036
2016-01-04,78.42857142857143,26.7,28.9,25.1,2.2,87.0,8.9,10.8,4,1,2016,7648.75187559678,1,26.057142857142857,18.900000000000002,86.85714285714286,44.31191037366552
2016-01-05,78.42857142857143,26.8,29.0,25.4,3.1,86.0,9.4,12.2,5,1,2016,7648.75187559678,1,26.157142857142855,18.600000000000005,86.71428571428571,52.841075637391995
2016-01-06,78.42857142857143,26.7,28.7,25.4,7.1,87.0,9.3,13.3,6,1,2016,7648.75187559678,1,26.2,23.800000000000004,87.14285714285714,61.37024090111847
2016-01-07,78.42857142857143,26.7,28.8,25.0,1.1,85.0,10.2,14.7,7,1,2016,7648.75187559678,1,26.314285714285713,21.300000000000004,87.0,69.89940616484496
2016-01-08,78.42857142857143,26.9,29.5,24.9,1.8,83.0,11.3,15.5,8,1,2016,7648.75187559678,1,26.46666666666667,20.000000000000004,86.42857142857143,75.58551634066261
2016-01-09,78.42857142857143,26.4,28.2,25.4,8.1,87.0,11.6,15.0,9,1,2016,7648.75187559678,1,26.557142857142857,25.500000000000007,86.28571428571429,78.42857142857143
2016-01-10,89.71428571428571,26.6,28.6,25.1,4.7,85.0,9.1,11.9,10,1,2016,7648.75187559678,1,26.685714285714287,28.100000000000005,85.71428571428571,80.0408163265306
2016-01-11,89.71428571428571,26.8,29.4,25.2,7.8,84.0,7.2,10.1,11,1,2016,7648.75187559678,1,26.699999999999996,33.7,85.28571428571429,81.65306122448979
2016-01-12,89.71428571428571,27.0,29.2,25.1,1.6,84.0,10.5,13.5,12,1,2016,7648.75187559678,1,26.72857142857143,32.2,85.0,83.26530612244899
2016-01-13,89.71428571428571,26.8,29.1,25.3,5.5,85.0,9.8,12.3,13,1,2016,7648.75187559678,1,26.74285714285714,30.6,84.71428571428571,84.87755102040816
2016-01-14,89.71428571428571,26.6,28.8,25.3,15.9,88.0,8.8,12.5,14,1,2016,7648.75187559678,1,26.728571428571428,45.400000000000006,85.14285714285714,86.48979591836734
2016-01-15,89.71428571428571,26.1,27.8,24.8,18.9,89.0,5.7,11.0,15,1,2016,7648.75187559678,1,26.614285714285717,62.50000000000001,86.0,88.10204081632652
2016-01-16,89.71428571428571,26.3,28.7,24.5,14.7,87.0,4.1,8.2,16,1,2016,7648.75187559678,1,26.599999999999998,69.10000000000001,86.0,89.71428571428571
2016-01-17,90.85714285714286,26.4,28.4,25.5,29.5,88.0,4.4,7.9,17,1,2016,7648.75187559678,1,26.571428571428573,93.9,86.42857142857143,89.87755102040816
2016-01-18,90.85714285714286,26.6,29.5,24.9,9.4,88.0,5.5,11.9,18,1,2016,7648.75187559678,1,26.54285714285714,95.5,87.0,90.04081632653062
2016-01-19,90.85714285714286,26.5,29.0,25.1,13.8,87.0,6.0,10.2,19,1,2016,7648.75187559678,1,26.47142857142857,107.7,87.42857142857143,90.20408163265304
2016-01-20,90.85714285714286,26.6,28.9,25.1,4.9,86.0,7.8,12.3,20,1,2016,7648.75187559678,1,26.442857142857147,107.10000000000001,87.57142857142857,90.36734693877551
2016-01-21,90.85714285714286,27.3,28.9,26.2,0.1,81.0,11.4,17.3,21,1,2016,7648.75187559678,1,26.542857142857144,91.30000000000001,86.57142857142857,90.53061224489797
2016-01-22,90.85714285714286,26.6,29.0,25.2,4.2,87.0,10.0,15.2,22,1,2016,7648.75187559678,1,26.61428571428571,76.6,86.28571428571429,90.6938775510204
2016-01-23,90.85714285714286,27.0,29.2,25.2,0.5,84.0,12.4,18.5,23,1,2016,7648.75187559678,1,26.714285714285715,62.40000000000001,85.85714285714286,90.85714285714286
2016-01-24,90.0,26.8,28.9,25.5,5.1,85.0,13.4,18.5,24,1,2016,7648.75187559678,1,26.771428571428572,38.00000000000001,85.42857142857143,90.73469387755101
2016-01-25,90.0,26.2,28.0,25.2,2.2,86.0,16.0,22.3,25,1,2016,7648.75187559678,1,26.714285714285715,30.800000000000004,85.14285714285714,90.61224489795917
2016-01-26,90.0,26.0,27.7,24.7,5.8,88.0,13.5,16.1,26,1,2016,7648.75187559678,1,26.642857142857142,22.800000000000008,85.28571428571429,90.48979591836734
2016-01-27,90.0,26.2,28.7,24.6,3.4,86.0,9.8,14.0,27,1,2016,7648.75187559678,1,26.585714285714285,21.300000000000008,85.28571428571429,90.36734693877553
2016-01-28,90.0,26.4,29.1,24.7,6.7,86.0,8.4,16.1,28,1,2016,7648.75187559678,1,26.457142857142856,27.900000000000006,86.0,90.24489795918369
2016-01-29,90.0,26.4,28.7,25.1,5.6,88.0,11.1,15.4,29,1,2016,7648.75187559678,1,26.428571428571427,29.300000000000004,86.14285714285714,90.12244897959184
2016-01-30,90.0,26.7,29.3,25.0,1.7,87.0,8.6,13.1,30,1,2016,7648.75187559678,1,26.38571428571429,30.500000000000007,86.57142857142857,90.0
2016-01-31,75.71428571428571,26.5,29.0,25.2,3.1,88.0,10.8,13.0,31,1,2016,7648.75187559678,1,26.342857142857145,28.500000000000007,87.0,87.95918367346938
2016-02-01,75.71428571428571,26.7,29.2,25.0,0.1,83.0,13.6,19.5,32,2,2016,7648.75187559678,1,26.414285714285715,26.400000000000006,86.57142857142857,85.91836734693878
2016-02-02,75.71428571428571,26.8,29.3,25.0,0.7,83.0,12.8,16.1,33,2,2016,7648.75187559678,1,26.528571428571432,21.300000000000008,85.85714285714286,83.87755102040816
2016-02-03,75.71428571428571,26.5,28.9,24.5,1.4,84.0,10.8,13.0,34,2,2016,7648.75187559678,1,26.571428571428573,19.300000000000004,85.57142857142857,81.83673469387756
2016-02-04,75.71428571428571,25.8,27.8,24.8,10.0,90.0,11.6,14.6,35,2,2016,7648.75187559678,1,26.485714285714288,22.60000000000001,86.14285714285714,79.79591836734694
2016-02-05,75.71428571428571,26.2,28.5,24.8,8.0,88.0,10.1,13.4,36,2,2016,7648.75187559678,1,26.45714285714286,25.000000000000007,86.14285714285714,77.75510204081631
2016-02-06,75.71428571428571,26.0,27.8,24.8,19.2,90.0,14.3,19.1,37,2,2016,7648.75187559678,1,26.357142857142858,42.5,86.57142857142857,75.71428571428571
2016-02-07,60.0,25.6,27.3,24.8,8.0,87.0,20.0,23.9,38,2,2016,7648.75187559678,1,26.228571428571428,47.400000000000006,86.42857142857143,73.46938775510203
2016-02-08,60.0,25.3,26.1,24.7,5.4,84.0,19.1,24.3,39,2,2016,7648.75187559678,1,26.02857142857143,52.70000000000001,86.57142857142857,71.22448979591836
2016-02-09,60.0,25.0,26.6,24.0,14.9,85.0,11.9,15.5,40,2,2016,7648.75187559678,1,25.77142857142857,66.9,86.85714285714286,68.97959183673468
2016-02-10,60.0,25.6,27.7,24.5,8.5,88.0,13.4,16.7,41,2,2016,7648.75187559678,1,25.642857142857142,74.0,87.42857142857143,66.73469387755101
2016-02-11,60.0,26.3,28.1,24.9,3.5,88.0,11.4,15.8,42,2,2016,7648.75187559678,1,25.714285714285715,67.5,87.14285714285714,64.48979591836734
2016-02-12,60.0,26.9,29.5,25.4,3.4,87.0,10.1,14.0,43,2,2016,7648.75187559678,1,25.814285714285713,62.900000000000006,87.0,62.24489795918367
2016-02-13,60.0,27.1,29.3,25.8,2.2,88.0,10.3,13.5,44,2,2016,7648.75187559678,1,25.971428571428568,45.900000000000006,86.71428571428571,60.0
2016-02-14,84.71428571428571,26.7,29.3,25.1,11.6,87.0,8.5,11.5,45,2,2016,7648.75187559678,1,26.12857142857143,49.5,86.71428571428571,63.53061224489796
2016-02-15,84.71428571428571,27.1,29.5,25.5,1.8,87.0,9.8,13.5,46,2,2016,7648.75187559678,1,26.38571428571429,45.900000000000006,87.14285714285714,67.06122448979592
2016-02-16,84.71428571428571,26.8,28.9,25.4,1.1,84.0,16.9,22.8,47,2,2016,7648.75187559678,1,26.642857142857142,32.1,87.0,70.59183673469387
2016-02-17,84.71428571428571,26.6,28.7,25.2,0.0,75.0,15.3,21.0,48,2,2016,7648.75187559678,1,26.785714285714285,23.6,85.14285714285714,74.12244897959184
2016-02-18,84.71428571428571,25.8,28.0,24.1,3.0,84.0,10.3,13.9,49,2,2016,7648.75187559678,1,26.714285714285715,23.1,84.57142857142857,77.65306122448979
2016-02-19,84.71428571428571,25.0,26.2,24.4,13.0,91.0,8.8,13.6,50,2,2016,7648.75187559678,1,26.442857142857147,32.7,85.14285714285714,81.18367346938774
2016-02-20,84.71428571428571,25.4,27.3,24.3,7.4,89.0,13.9,18.3,51,2,2016,7648.75187559678,1,26.2,37.900000000000006,85.28571428571429,84.71428571428571
2016-02-21,73.14285714285714,26.0,27.9,24.7,0.9,83.0,15.2,20.3,52,2,2016,7648.75187559678,1,26.099999999999998,27.200000000000003,84.71428571428571,83.0612244897959
2016-02-22,73.14285714285714,26.5,28.8,24.9,0.7,79.0,13.6,17.1,53,2,2016,7648.75187559678,1,26.014285714285712,26.100000000000005,83.57142857142857,81.40816326530611
2016-02-23,73.14285714285714,26.4,29.2,25.0,2.2,84.0,13.1,16.9,54,2,2016,7648.75187559678,1,25.957142857142856,27.200000000000006,83.57142857142857,79.75510204081631
2016-02-24,73.14285714285714,25.7,27.3,24.9,7.0,89.0,14.4,16.9,55,2,2016,7648.75187559678,1,25.828571428571426,34.2,85.57142857142857,78.10204081632652
2016-02-25,73.14285714285714,26.4,28.8,25.0,1.0,81.0,18.6,25.4,56,2,2016,7648.75187559678,1,25.914285714285715,32.2,85.14285714285714,76.44897959183673
2016-02-26,73.14285714285714,26.5,28.7,24.9,0.6,80.0,15.9,20.0,57,2,2016,7648.75187559678,1,26.128571428571426,19.800000000000008,83.57142857142857,74.79591836734694
2016-02-27,73.14285714285714,26.5,28.8,24.8,1.2,83.0,13.8,19.0,58,2,2016,7648.75187559678,1,26.285714285714285,13.600000000000005,82.71428571428571,73.14285714285714
2016-02-28,58.85714285714285,26.3,28.9,24.7,7.8,86.0,15.2,20.1,59,2,2016,7648.75187559678,1,26.32857142857143,20.500000000000004,83.14285714285714,71.10204081632652
2016-02-29,58.85714285714285,26.4,28.7,24.8,0.6,85.0,17.2,22.2,60,2,2016,7648.75187559678,1,26.314285714285713,20.400000000000006,84.0,69.06122448979592
2016-03-01,58.85714285714285,26.6,29.0,25.2,1.6,82.0,16.0,20.2,61,3,2016,7648.75187559678,1,26.342857142857145,19.800000000000004,83.71428571428571,67.0204081632653
2016-03-02,58.85714285714285,26.5,28.7,25.0,1.2,85.0,17.2,21.9,62,3,2016,7648.75187559678,1,26.45714285714286,14.000000000000004,83.14285714285714,64.97959183673468
2016-03-03,58.85714285714285,26.4,28.4,25.3,4.5,86.0,15.1,19.2,63,3,2016,7648.75187559678,1,26.457142857142856,17.500000000000004,83.85714285714286,62.938775510204074
2016-03-04,58.85714285714285,26.6,28.9,25.6,0.5,86.0,13.1,16.1,64,3,2016,7648.75187559678,1,26.47142857142857,17.400000000000002,84.71428571428571,60.89795918367346
2016-03-05,58.85714285714285,26.6,28.0,25.6,7.8,86.0,11.5,14.4,65,3,2016,7648.75187559678,1,26.485714285714288,24.000000000000004,85.14285714285714,58.85714285714285
2016-03-06,56.71428571428572,26.6,29.0,25.0,9.5,87.0,10.3,14.6,66,3,2016,7648.75187559678,1,26.52857142857143,25.700000000000003,85.28571428571429,58.55102040816326
2016-03-07,56.71428571428572,27.1,29.2,25.3,3.1,85.0,11.5,15.4,67,3,2016,7648.75187559678,1,26.628571428571433,28.200000000000006,85.28571428571429,58.244897959183675
2016-03-08,56.71428571428572,27.2,29.3,25.8,17.4,85.0,7.1,11.3,68,3,2016,7648.75187559678,1,26.714285714285715,44.0,85.71428571428571,57.93877551020408
2016-03-09,56.71428571428572,27.7,30.1,26.0,0.6,83.0,9.5,13.0,69,3,2016,7648.75187559678,1,26.885714285714283,43.400000000000006,85.42857142857143,57.632653061224495
2016-03-10,56.71428571428572,27.6,29.6,26.2,4.5,84.0,8.3,12.5,70,3,2016,7648.75187559678,1,27.05714285714286,43.400000000000006,85.14285714285714,57.3265306122449
2016-03-11,56.71428571428572,27.5,29.5,26.0,2.6,86.0,9.7,13.2,71,3,2016,7648.75187559678,1,27.185714285714287,45.50000000000001,85.14285714285714,57.02040816326531
2016-03-12,56.71428571428572,26.9,29.8,25.3,12.5,86.0,10.2,14.4,72,3,2016,7648.75187559678,1,27.228571428571428,50.2,85.14285714285714,56.71428571428572
2016-03-13,53.42857142857143,26.9,28.5,25.7,12.3,87.0,8.8,11.5,73,3,2016,7648.75187559678,1,27.271428571428572,53.0,85.14285714285714,56.24489795918368
2016-03-14,53.42857142857143,27.4,29.6,25.9,8.1,85.0,7.5,9.8,74,3,2016,7648.75187559678,1,27.314285714285717,58.0,85.14285714285714,55.775510204081634
2016-03-15,53.42857142857143,27.1,29.1,25.9,4.4,85.0,9.7,13.0,75,3,2016,7648.75187559678,1,27.3,45.0,85.14285714285714,55.30612244897959
2016-03-16,53.42857142857143,27.2,30.3,24.9,0.0,78.0,8.6,11.7,76,3,2016,7648.75187559678,1,27.228571428571428,44.400000000000006,84.42857142857143,54.83673469387755
2016-03-17,53.42857142857143,27.2,30.7,24.7,0.0,79.0,10.6,14.5,77,3,2016,7648.75187559678,1,27.171428571428574,39.900000000000006,83.71428571428571,54.367346938775505
2016-03-18,53.42857142857143,27.1,30.0,25.1,0.4,81.0,8.6,11.6,78,3,2016,7648.75187559678,1,27.11428571428571,37.7,83.0,53.89795918367347
2016-03-19,53.42857142857143,27.3,29.9,25.3,0.7,79.0,10.8,16.9,79,3,2016,7648.75187559678,1,27.171428571428574,25.900000000000006,82.0,53.42857142857143
2016-03-20,44.0,27.5,30.0,25.8,1.8,81.0,8.2,10.5,80,3,2016,7648.75187559678,1,27.25714285714286,15.400000000000004,81.14285714285714,52.08163265306122
2016-03-21,44.0,27.4,29.9,26.1,6.6,84.0,6.5,10.7,81,3,2016,7648.75187559678,1,27.257142857142856,13.900000000000004,81.0,50.734693877551024
2016-03-22,44.0,26.9,28.8,25.8,5.8,87.0,5.8,12.3,82,3,2016,7648.75187559678,1,27.228571428571428,15.300000000000004,81.28571428571429,49.38775510204082
2016-03-23,44.0,27.4,30.5,25.9,3.5,85.0,6.9,11.7,83,3,2016,7648.75187559678,1,27.25714285714286,18.800000000000004,82.28571428571429,48.04081632653061
2016-03-24,44.0,27.2,29.5,25.8,3.3,86.0,8.0,12.0,84,3,2016,7648.75187559678,1,27.257142857142856,22.1,83.28571428571429,46.693877551020414
2016-03-25,44.0,27.5,30.2,25.6,4.2,82.0,6.0,10.1,85,3,2016,7648.75187559678,1,27.314285714285713,25.900000000000006,83.42857142857143,45.3469387755102
2016-03-26,44.0,27.5,29.6,25.7,0.1,77.0,12.3,18.6,86,3,2016,7648.75187559678,1,27.342857142857138,25.3,83.14285714285714,44.0
2016-03-27,53.85714285714285,27.0,28.9,25.7,3.9,84.0,13.3,19.4,87,3,2016,7648.75187559678,1,27.27142857142857,27.400000000000006,83.57142857142857,45.40816326530612
2016-03-28,53.85714285714285,27.3,29.2,26.1,0.5,81.0,14.3,19.4,88,3,2016,7648.75187559678,1,27.25714285714286,21.300000000000004,83.14285714285714,46.81632653061224
2016-03-29,53.85714285714285,27.1,29.3,25.6,2.0,82.0,14.4,17.8,89,3,2016,7648.75187559678,1,27.285714285714285,17.500000000000004,82.42857142857143,48.224489795918366
2016-03-30,53.85714285714285,27.4,29.7,25.7,0.8,78.0,12.9,15.9,90,3,2016,7648.75187559678,1,27.285714285714285,14.800000000000002,81.42857142857143,49.63265306122448
2016-03-31,53.85714285714285,27.5,29.6,25.8,1.1,79.0,12.2,15.6,91,3,2016,7648.75187559678,1,27.32857142857143,12.600000000000003,80.42857142857143,51.0408163265306
2016-04-01,53.85714285714285,27.6,30.0,25.9,0.3,78.0,12.1,16.0,92,4,2016,7648.75187559678,0,27.342857142857145,8.700000000000003,79.85714285714286,52.44897959183673
2016-04-02,53.85714285714285,27.8,30.8,25.4,0.0,79.0,11.2,16.9,93,4,2016,7648.75187559678,0,27.38571428571429,8.600000000000003,80.14285714285714,53.85714285714285
2016-04-03,41.71428571428572,27.0,28.8,25.6,5.5,86.0,8.9,11.2,94,4,2016,7648.75187559678,0,27.38571428571429,10.200000000000003,80.42857142857143,52.12244897959183
2016-04-04,41.71428571428572,27.5,30.1,25.5,4.6,85.0,8.3,12.5,95,4,2016,7648.75187559678,0,27.414285714285715,14.300000000000004,81.0,50.38775510204082
2016-04-05,41.71428571428572,27.2,28.7,25.7,1.7,85.0,6.2,9.5,96,4,2016,7648.75187559678,0,27.428571428571427,14.000000000000004,81.42857142857143,48.6530612244898
2016-04-06,41.71428571428572,27.6,29.9,25.2,0.6,83.0,6.4,10.5,97,4,2016,7648.75187559678,0,27.457142857142856,13.800000000000002,82.14285714285714,46.91836734693878
2016-04-07,41.71428571428572,27.7,30.4,25.4,0.1,79.0,7.0,10.7,98,4,2016,7648.75187559678,0,27.485714285714288,12.800000000000002,82.14285714285714,45.18367346938776
2016-04-08,41.71428571428572,27.9,30.3,26.0,1.0,80.0,7.3,9.4,99,4,2016,7648.75187559678,0,27.52857142857143,13.500000000000004,82.42857142857143,43.44897959183674
2016-04-09,41.71428571428572,27.7,29.2,26.8,24.3,85.0,5.8,10.0,100,4,2016,7648.75187559678,0,27.514285714285712,37.800000000000004,83.28571428571429,41.71428571428572
2016-04-10,32.142857142857146,27.8,30.5,26.1,3.7,85.0,7.4,11.7,101,4,2016,7648.75187559678,0,27.628571428571426,36.00000000000001,83.14285714285714,40.3469387755102
2016-04-11,32.142857142857146,27.5,29.4,25.6,12.5,86.0,5.0,10.2,102,4,2016,7648.75187559678,0,27.628571428571426,43.900000000000006,83.28571428571429,38.9795918367347
2016-04-12,32.142857142857146,27.9,30.1,25.6,5.5,85.0,6.7,12.0,103,4,2016,7648.75187559678,0,27.728571428571428,47.7,83.28571428571429,37.612244897959194
2016-04-13,32.142857142857146,27.8,29.6,26.3,5.6,86.0,8.2,11.6,104,4,2016,7648.75187559678,0,27.75714285714286,52.7,83.71428571428571,36.244897959183675
2016-04-14,32.142857142857146,27.8,29.8,25.7,3.8,85.0,6.8,9.2,105,4,2016,7648.75187559678,0,27.77142857142857,56.400000000000006,84.57142857142857,34.87755102040817
2016-04-15,32.142857142857146,28.2,29.8,26.9,1.7,84.0,6.0,9.7,106,4,2016,7648.75187559678,0,27.814285714285717,57.1,85.14285714285714,33.51020408163266
2016-04-16,32.142857142857146,28.0,30.5,25.8,6.1,85.0,4.7,8.6,107,4,2016,7648.75187559678,0,27.857142857142858,38.9,85.14285714285714,32.142857142857146
2016-04-17,33.0,27.8,30.3,25.5,23.4,85.0,5.8,9.9,108,4,2016,7648.75187559678,0,27.857142857142858,58.6,85.14285714285714,32.26530612244898
2016-04-18,33.0,28.0,30.5,25.7,1.0,84.0,5.1,8.5,109,4,2016,7648.75187559678,0,27.928571428571427,47.1,84.85714285714286,32.38775510204082
2016-04-19,33.0,28.3,30.3,27.1,7.0,82.0,10.2,14.4,110,4,2016,7648.75187559678,0,27.985714285714288,48.6,84.42857142857143,32.51020408163266
2016-04-20,33.0,27.9,30.0,26.2,3.0,84.0,7.7,9.8,111,4,2016,7648.75187559678,0,28.0,46.0,84.14285714285714,32.632653061224495
2016-04-21,33.0,28.1,30.1,26.8,3.7,82.0,8.6,12.0,112,4,2016,7648.75187559678,0,28.04285714285714,45.900000000000006,83.71428571428571,32.755102040816325
2016-04-22,33.0,27.8,30.1,26.5,6.0,84.0,6.2,8.1,113,4,2016,7648.75187559678,0,27.985714285714288,50.2,83.71428571428571,32.87755102040816
2016-04-23,33.0,27.2,29.5,25.7,15.7,87.0,5.0,9.5,114,4,2016,7648.75187559678,0,27.87142857142857,59.800000000000004,84.0,33.0
2016-04-24,34.857142857142854,27.0,28.6,25.5,9.8,88.0,4.1,7.9,115,4,2016,7648.75187559678,0,27.75714285714286,46.2,84.42857142857143,33.26530612244898
2016-04-25,34.857142857142854,26.9,29.1,25.5,16.4,89.0,3.2,6.2,116,4,2016,7648.75187559678,0,27.6,61.60000000000001,85.14285714285714,33.53061224489796
2016-04-26,34.857142857142854,27.2,29.7,25.2,13.0,86.0,4.4,10.2,117,4,2016,7648.75187559678,0,27.442857142857143,67.60000000000001,85.71428571428571,33.795918367346935
2016-04-27,34.857142857142854,27.6,30.0,25.5,4.9,86.0,4.1,6.3,118,4,2016,7648.75187559678,0,27.400000000000002,69.5,86.0,34.06122448979592
2016-04-28,34.857142857142854,27.4,29.2,25.4,8.8,86.0,4.3,7.4,119,4,2016,7648.75187559678,0,27.3,74.60000000000001,86.57142857142857,34.326530612244895
2016-04-29,34.857142857142854,27.3,29.1,25.5,6.7,87.0,5.3,8.5,120,4,2016,7648.75187559678,0,27.228571428571428,75.3,87.0,34.59183673469388
2016-04-30,34.857142857142854,27.2,30.0,25.5,36.9,88.0,4.4,7.9,121,4,2016,7648.75187559678,0,27.228571428571428,96.5,87.14285714285714,34.857142857142854
2016-05-01,25.857142857142858,27.3,29.5,25.7,9.4,86.0,3.8,7.1,122,5,2016,7648.75187559678,0,27.271428571428572,96.10000000000001,86.85714285714286,33.57142857142857
2016-05-02,25.857142857142858,27.3,29.2,25.7,8.1,86.0,5.6,9.1,123,5,2016,7648.75187559678,0,27.32857142857143,87.80000000000001,86.42857142857143,32.285714285714285
2016-05-03,25.857142857142858,27.7,30.0,25.3,6.7,84.0,5.8,9.7,124,5,2016,7648.75187559678,0,27.400000000000002,81.50000000000001,86.14285714285714,30.999999999999996
2016-05-04,25.857142857142858,28.1,30.3,26.2,2.7,85.0,5.6,7.5,125,5,2016,7648.75187559678,0,27.471428571428568,79.30000000000001,86.0,29.714285714285715
2016-05-05,25.857142857142858,27.8,30.0,26.0,13.2,85.0,4.1,8.9,126,5,2016,7648.75187559678,0,27.528571428571432,83.7,85.85714285714286,28.428571428571427
2016-05-06,25.857142857142858,27.4,30.3,25.5,15.5,86.0,5.2,8.0,127,5,2016,7648.75187559678,0,27.542857142857144,92.5,85.71428571428571,27.142857142857142
2016-05-07,25.857142857142858,27.2,29.4,25.5,13.4,88.0,4.9,10.8,128,5,2016,7648.75187559678,0,27.542857142857144,69.0,85.71428571428571,25.857142857142858
2016-05-08,31.0,27.3,29.2,25.2,7.2,88.0,4.6,8.6,129,5,2016,7648.75187559678,0,27.542857142857144,66.80000000000001,86.0,26.59183673469388
2016-05-09,31.0,27.3,29.2,25.5,11.0,88.0,5.1,10.7,130,5,2016,7648.75187559678,0,27.54285714285714,69.7,86.28571428571429,27.326530612244902
2016-05-10,31.0,28.4,30.6,26.4,4.2,84.0,5.7,10.1,131,5,2016,7648.75187559678,0,27.642857142857142,67.2,86.28571428571429,28.061224489795922
2016-05-11,31.0,27.4,30.7,25.8,13.1,88.0,2.2,5.2,132,5,2016,7648.75187559678,0,27.542857142857144,77.6,86.71428571428571,28.79591836734694
2016-05-12,31.0,27.0,28.9,25.9,15.4,89.0,5.6,10.5,133,5,2016,7648.75187559678,0,27.428571428571427,79.80000000000001,87.28571428571429,29.53061224489796
2016-05-13,31.0,27.0,27.9,26.2,21.2,89.0,4.9,10.5,134,5,2016,7648.75187559678,0,27.371428571428574,85.50000000000001,87.71428571428571,30.26530612244898
2016-05-14,31.0,26.8,28.5,25.4,17.0,90.0,4.8,10.3,135,5,2016,7648.75187559678,0,27.314285714285713,89.10000000000001,88.0,31.0
2016-05-15,30.285714285714285,27.9,29.7,26.6,1.9,84.0,3.8,7.0,136,5,2016,7648.75187559678,0,27.4,83.80000000000001,87.42857142857143,30.897959183673468
2016-05-16,30.285714285714285,27.3,29.8,26.0,15.2,88.0,6.5,11.2,137,5,2016,7648.75187559678,0,27.400000000000002,88.0,87.42857142857143,30.795918367346935
2016-05-17,30.285714285714285,28.3,30.3,26.2,0.0,80.0,5.1,7.2,138,5,2016,7648.75187559678,0,27.385714285714283,83.8,86.85714285714286,30.693877551020403
2016-05-18,30.285714285714285,27.4,28.7,26.6,13.2,87.0,6.5,11.4,139,5,2016,7648.75187559678,0,27.385714285714283,83.9,86.71428571428571,30.591836734693878
2016-05-19,30.285714285714285,27.4,29.7,25.8,7.5,88.0,5.5,9.5,140,5,2016,7648.75187559678,0,27.442857142857143,76.0,86.57142857142857,30.489795918367346
2016-05-20,30.285714285714285,27.5,29.1,25.5,14.7,87.0,5.9,9.4,141,5,2016,7648.75187559678,0,27.514285714285712,69.5,86.28571428571429,30.387755102040813
2016-05-21,30.285714285714285,26.9,28.5,25.4,24.9,88.0,10.3,15.4,142,5,2016,7648.75187559678,0,27.52857142857143,77.4,86.0,30.285714285714285
2016-05-22,28.285714285714285,27.3,29.2,25.7,3.7,82.0,7.3,13.1,143,5,2016,7648.75187559678,0,27.442857142857143,79.2,85.71428571428571,30.0
2016-05-23,28.285714285714285,28.2,30.6,25.8,1.7,84.0,6.1,10.7,144,5,2016,7648.75187559678,0,27.571428571428573,65.70000000000002,85.14285714285714,29.714285714285715
2016-05-24,28.285714285714285,28.4,29.9,27.2,3.8,83.0,7.4,14.3,145,5,2016,7648.75187559678,0,27.585714285714285,69.50000000000001,85.57142857142857,29.428571428571427
2016-05-25,28.285714285714285,27.9,30.0,26.2,2.0,87.0,5.7,11.5,146,5,2016,7648.75187559678,0,27.657142857142855,58.30000000000001,85.57142857142857,29.14285714285714
2016-05-26,28.285714285714285,27.1,28.5,25.8,18.1,87.0,8.8,15.8,147,5,2016,7648.75187559678,0,27.61428571428571,68.9,85.42857142857143,28.857142857142858
2016-05-27,28.285714285714285,27.9,29.6,26.4,8.2,85.0,10.6,19.1,148,5,2016,7648.75187559678,0,27.67142857142857,62.400000000000006,85.14285714285714,28.571428571428573
2016-05-28,28.285714285714285,27.6,29.1,25.7,8.0,85.0,7.5,12.0,149,5,2016,7648.75187559678,0,27.771428571428572,45.50000000000001,84.71428571428571,28.285714285714285
2016-05-29,31.428571428571427,27.4,29.6,26.1,11.0,88.0,4.5,9.0,150,5,2016,7648.75187559678,0,27.785714285714285,52.800000000000004,85.57142857142857,28.734693877551017
2016-05-30,31.428571428571427,26.9,29.3,25.1,17.3,87.0,5.5,11.1,151,5,2016,7648.75187559678,0,27.6,68.4,86.0,29.183673469387752
2016-05-31,31.428571428571427,27.6,29.8,25.0,1.4,83.0,5.6,8.7,152,5,2016,7648.75187559678,0,27.485714285714288,66.00000000000001,86.0,29.632653061224488
2016-06-01,31.428571428571427,27.4,29.5,25.9,8.7,86.0,5.8,11.4,153,6,2016,7648.75187559678,0,27.414285714285715,72.70000000000002,85.85714285714286,30.081632653061227
2016-06-02,31.428571428571427,27.1,29.2,25.5,5.5,88.0,4.3,9.7,154,6,2016,7648.75187559678,0,27.414285714285715,60.1,86.0,30.530612244897956
2016-06-03,31.428571428571427,27.9,30.0,26.6,3.6,84.0,5.9,11.6,155,6,2016,7648.75187559678,0,27.414285714285715,55.50000000000001,85.85714285714286,30.97959183673469
2016-06-04,31.428571428571427,27.0,29.2,25.8,5.5,87.0,5.4,10.8,156,6,2016,7648.75187559678,0,27.32857142857143,53.00000000000001,86.14285714285714,31.428571428571427
2016-06-05,22.857142857142858,27.7,29.4,26.1,1.9,84.0,6.7,9.5,157,6,2016,7648.75187559678,0,27.37142857142857,43.900000000000006,85.57142857142857,30.20408163265306
2016-06-06,22.857142857142858,28.1,30.2,25.9,0.9,79.0,7.6,12.0,158,6,2016,7648.75187559678,0,27.54285714285714,27.500000000000007,84.42857142857143,28.97959183673469
2016-06-07,22.857142857142858,28.1,29.3,27.3,5.2,83.0,7.8,11.6,159,6,2016,7648.75187559678,0,27.614285714285717,31.300000000000008,84.42857142857143,27.755102040816325
2016-06-08,22.857142857142858,27.7,29.7,26.3,4.4,84.0,7.6,11.8,160,6,2016,7648.75187559678,0,27.657142857142855,27.000000000000007,84.14285714285714,26.530612244897956
2016-06-09,22.857142857142858,27.7,29.1,25.9,2.9,85.0,6.0,9.4,161,6,2016,7648.75187559678,0,27.74285714285714,24.40000000000001,83.71428571428571,25.30612244897959
2016-06-10,22.857142857142858,27.3,28.9,25.2,8.4,85.0,6.3,14.3,162,6,2016,7648.75187559678,0,27.657142857142855,29.20000000000001,83.85714285714286,24.081632653061227
2016-06-11,22.857142857142858,27.1,28.0,26.3,6.3,85.0,9.3,15.1,163,6,2016,7648.75187559678,0,27.67142857142857,30.000000000000007,83.57142857142857,22.857142857142858
2016-06-12,27.571428571428573,26.8,28.6,24.9,6.8,87.0,7.1,10.7,164,6,2016,7648.75187559678,0,27.542857142857144,34.900000000000006,84.0,23.53061224489796
2016-06-13,27.571428571428573,26.9,28.9,25.2,8.4,87.0,5.8,11.5,165,6,2016,7648.75187559678,0,27.371428571428574,42.40000000000001,85.14285714285714,24.204081632653065
2016-06-14,27.571428571428573,27.2,28.7,26.0,2.1,85.0,5.7,9.7,166,6,2016,7648.75187559678,0,27.24285714285714,39.30000000000001,85.42857142857143,24.877551020408166
2016-06-15,27.571428571428573,26.8,28.3,25.1,12.2,87.0,6.4,10.0,167,6,2016,7648.75187559678,0,27.114285714285717,47.10000000000001,85.85714285714286,25.551020408163264
2016-06-16,27.571428571428573,26.8,28.4,25.7,5.7,87.0,8.3,13.4,168,6,2016,7648.75187559678,0,26.985714285714288,49.90000000000001,86.14285714285714,26.22448979591837
2016-06-17,27.571428571428573,25.9,27.9,24.8,22.4,89.0,9.2,16.7,169,6,2016,7648.75187559678,0,26.785714285714285,63.900000000000006,86.71428571428571,26.89795918367347
2016-06-18,27.571428571428573,26.2,27.4,25.1,5.0,84.0,5.8,11.9,170,6,2016,7648.75187559678,0,26.657142857142855,62.60000000000001,86.57142857142857,27.571428571428573
2016-06-19,30.714285714285715,26.5,28.2,25.1,1.9,83.0,5.5,7.7,171,6,2016,7648.75187559678,0,26.61428571428571,57.70000000000001,86.0,28.02040816326531
2016-06-20,30.714285714285715,26.6,28.4,24.7,1.6,83.0,7.8,15.0,172,6,2016,7648.75187559678,0,26.571428571428573,50.900000000000006,85.42857142857143,28.469387755102044
2016-06-21,30.714285714285715,27.2,29.5,25.1,0.3,83.0,6.4,10.4,173,6,2016,7648.75187559678,0,26.571428571428573,49.1,85.14285714285714,28.918367346938776
2016-06-22,30.714285714285715,26.9,27.7,26.2,8.2,87.0,6.6,9.3,174,6,2016,7648.75187559678,0,26.585714285714285,45.10000000000001,85.14285714285714,29.367346938775512
2016-06-23,30.714285714285715,27.9,29.7,26.5,2.2,78.0,9.4,14.2,175,6,2016,7648.75187559678,0,26.74285714285714,41.6,83.85714285714286,29.816326530612248
2016-06-24,30.714285714285715,27.7,28.9,26.8,5.7,83.0,8.8,13.6,176,6,2016,7648.75187559678,0,27.0,24.900000000000006,83.0,30.26530612244898
2016-06-25,30.714285714285715,27.5,28.8,26.3,1.0,81.0,9.4,15.0,177,6,2016,7648.75187559678,0,27.185714285714287,20.900000000000006,82.57142857142857,30.714285714285715
2016-06-26,33.42857142857143,27.8,29.5,26.3,1.4,82.0,10.4,14.5,178,6,2016,7648.75187559678,0,27.371428571428574,20.40000000000001,82.42857142857143,31.102040816326532
2016-06-27,33.42857142857143,27.8,29.1,26.6,0.9,83.0,9.7,15.3,179,6,2016,7648.75187559678,0,27.54285714285714,19.700000000000006,82.42857142857143,31.48979591836735
2016-06-28,33.42857142857143,28.1,29.7,26.9,0.1,80.0,8.1,11.4,180,6,2016,7648.75187559678,0,27.67142857142857,19.500000000000007,82.0,31.877551020408163
2016-06-29,33.42857142857143,28.4,30.2,27.0,0.0,78.0,8.0,10.2,181,6,2016,7648.75187559678,0,27.885714285714283,11.300000000000008,80.71428571428571,32.26530612244898
2016-06-30,33.42857142857143,28.5,30.3,26.8,0.5,80.0,6.6,8.9,182,6,2016,7648.75187559678,0,27.97142857142857,9.600000000000009,81.0,32.6530612244898
2016-07-01,33.42857142857143,28.2,30.1,26.5,0.9,82.0,8.0,10.2,183,7,2016,7648.75187559678,0,28.042857142857144,4.800000000000007,80.85714285714286,33.04081632653061
2016-07-02,33.42857142857143,28.6,30.1,27.5,0.0,80.0,10.5,15.8,184,7,2016,7648.75187559678,0,28.2,3.800000000000007,80.71428571428571,33.42857142857143
2016-07-03,35.285714285714285,28.6,30.2,27.2,0.0,81.0,9.0,13.2,185,7,2016,7648.75187559678,0,28.314285714285717,2.400000000000007,80.57142857142857,33.69387755102041
2016-07-04,35.285714285714285,28.6,30.2,27.4,3.4,80.0,8.7,12.2,186,7,2016,7648.75187559678,0,28.428571428571427,4.9000000000000075,80.14285714285714,33.95918367346939
2016-07-05,35.285714285714285,28.6,30.3,27.2,0.0,79.0,10.7,15.8,187,7,2016,7648.75187559678,0,28.5,4.800000000000006,80.0,34.224489795918366
2016-07-06,35.285714285714285,27.9,29.1,27.3,5.8,83.0,8.0,12.9,188,7,2016,7648.75187559678,0,28.428571428571427,10.600000000000007,80.71428571428571,34.48979591836735
2016-07-07,35.285714285714285,27.7,29.6,25.6,1.9,82.0,11.4,18.9,189,7,2016,7648.75187559678,0,28.314285714285717,12.000000000000007,81.0,34.755102040816325
2016-07-08,35.285714285714285,28.5,29.8,27.4,0.0,76.0,9.6,13.3,190,7,2016,7648.75187559678,0,28.357142857142858,11.100000000000007,80.14285714285714,35.0204081632653
2016-07-09,35.285714285714285,28.5,30.0,27.2,0.0,76.0,11.7,17.0,191,7,2016,7648.75187559678,0,28.342857142857145,11.100000000000007,79.57142857142857,35.285714285714285
2016-07-10,31.857142857142858,28.1,29.7,26.6,2.6,80.0,8.2,13.5,192,7,2016,7648.75187559678,0,28.271428571428572,13.700000000000006,79.42857142857143,34.79591836734694
2016-07-11,31.857142857142858,27.5,29.3,25.5,2.3,83.0,9.1,15.1,193,7,2016,7648.75187559678,0,28.114285714285717,12.600000000000009,79.85714285714286,34.306122448979586
2016-07-12,31.857142857142858,28.2,30.0,26.3,3.9,82.0,8.3,12.6,194,7,2016,7648.75187559678,0,28.057142857142853,16.500000000000007,80.28571428571429,33.816326530612244
2016-07-13,31.857142857142858,27.5,29.1,26.6,6.7,85.0,7.1,12.4,195,7,2016,7648.75187559678,0,28.0,17.400000000000006,80.57142857142857,33.326530612244895
2016-07-14,31.857142857142858,26.7,27.9,25.6,5.1,87.0,6.7,9.9,196,7,2016,7648.75187559678,0,27.857142857142858,20.60000000000001,81.28571428571429,32.83673469387755
2016-07-15,31.857142857142858,26.2,27.3,25.1,11.7,88.0,4.4,11.9,197,7,2016,7648.75187559678,0,27.52857142857143,32.300000000000004,83.0,32.3469387755102
2016-07-16,31.857142857142858,26.8,29.1,25.1,5.4,86.0,5.5,9.5,198,7,2016,7648.75187559678,0,27.285714285714285,37.7,84.42857142857143,31.857142857142858
2016-07-17,38.0,26.4,29.2,24.4,10.4,86.0,4.5,8.6,199,7,2016,7648.75187559678,0,27.04285714285714,45.50000000000001,85.28571428571429,32.73469387755102
2016-07-18,38.0,26.3,28.5,24.6,6.6,88.0,8.2,14.5,200,7,2016,7648.75187559678,0,26.87142857142857,49.80000000000001,86.0,33.61224489795918
2016-07-19,38.0,26.5,29.1,24.4,13.2,86.0,12.3,16.2,201,7,2016,7648.75187559678,0,26.62857142857143,59.10000000000001,86.57142857142857,34.48979591836735
2016-07-20,38.0,25.9,26.9,24.8,14.7,88.0,7.1,10.5,202,7,2016,7648.75187559678,0,26.400000000000002,67.10000000000001,87.0,35.36734693877551
2016-07-21,38.0,26.8,29.1,24.6,7.4,82.0,5.9,13.1,203,7,2016,7648.75187559678,0,26.41428571428571,69.4,86.28571428571429,36.244897959183675
2016-07-22,38.0,26.1,27.6,24.4,3.8,87.0,5.0,9.6,204,7,2016,7648.75187559678,0,26.400000000000002,61.50000000000001,86.14285714285714,37.122448979591844
2016-07-23,38.0,26.7,28.5,25.3,2.9,82.0,6.7,11.8,205,7,2016,7648.75187559678,0,26.385714285714283,59.00000000000001,85.57142857142857,38.0
2016-07-24,31.714285714285715,26.4,27.6,24.9,7.0,86.0,7.1,12.9,206,7,2016,7648.75187559678,0,26.38571428571429,55.6,85.57142857142857,37.10204081632653
2016-07-25,31.714285714285715,26.0,27.4,24.9,6.4,86.0,7.0,10.8,207,7,2016,7648.75187559678,0,26.342857142857145,55.400000000000006,85.28571428571429,36.204081632653065
2016-07-26,31.714285714285715,26.0,27.2,24.2,9.2,87.0,6.0,9.3,208,7,2016,7648.75187559678,0,26.271428571428572,51.400000000000006,85.42857142857143,35.30612244897959
2016-07-27,31.714285714285715,27.1,29.1,25.5,1.4,83.0,7.1,12.8,209,7,2016,7648.75187559678,0,26.442857142857143,38.1,84.71428571428571,34.40816326530612
2016-07-28,31.714285714285715,26.4,27.9,24.9,3.5,86.0,8.0,13.6,210,7,2016,7648.75187559678,0,26.38571428571429,34.2,85.28571428571429,33.51020408163266
2016-07-29,31.714285714285715,26.8,28.3,25.2,3.5,84.0,8.3,14.3,211,7,2016,7648.75187559678,0,26.485714285714284,33.900000000000006,84.85714285714286,32.61224489795918
2016-07-30,31.714285714285715,27.0,28.8,25.8,1.1,83.0,7.2,13.0,212,7,2016,7648.75187559678,0,26.52857142857143,32.10000000000001,85.0,31.714285714285715
2016-07-31,30.142857142857142,26.8,28.8,25.4,6.6,85.0,4.6,10.8,213,7,2016,7648.75187559678,0,26.585714285714285,31.700000000000003,84.85714285714286,31.489795918367346
2016-08-01,30.142857142857142,26.2,27.4,25.0,4.1,87.0,7.6,13.5,214,8,2016,7648.75187559678,0,26.61428571428571,29.400000000000006,85.0,31.265306122448983
2016-08-02,30.142857142857142,27.1,28.9,25.5,3.4,84.0,10.8,15.9,215,8,2016,7648.75187559678,0,26.771428571428572,23.600000000000005,84.57142857142857,31.040816326530614
2016-08-03,30.142857142857142,27.1,28.0,26.2,3.5,84.0,9.8,13.7,216,8,2016,7648.75187559678,0,26.771428571428572,25.700000000000006,84.71428571428571,30.816326530612248
2016-08-04,30.142857142857142,27.4,28.7,26.6,0.8,80.0,11.6,17.6,217,8,2016,7648.75187559678,0,26.914285714285715,23.000000000000007,83.85714285714286,30.591836734693878
2016-08-05,30.142857142857142,27.9,29.4,27.0,0.0,76.0,9.4,12.7,218,8,2016,7648.75187559678,0,27.071428571428573,19.500000000000007,82.71428571428571,30.367346938775512
2016-08-06,30.142857142857142,27.8,29.5,26.7,0.5,81.0,7.2,10.5,219,8,2016,7648.75187559678,0,27.185714285714287,18.900000000000006,82.42857142857143,30.142857142857142
2016-08-07,28.285714285714285,28.0,29.9,26.7,0.1,82.0,8.0,11.9,220,8,2016,7648.75187559678,0,27.357142857142858,12.400000000000007,82.0,29.877551020408163
2016-08-08,28.285714285714285,28.2,30.1,26.7,0.0,82.0,7.9,10.8,221,8,2016,7648.75187559678,0,27.642857142857142,8.300000000000008,81.28571428571429,29.612244897959187
2016-08-09,28.285714285714285,28.0,29.6,26.7,0.6,82.0,7.7,12.5,222,8,2016,7648.75187559678,0,27.77142857142857,5.500000000000007,81.0,29.346938775510203
2016-08-10,28.285714285714285,27.4,29.6,24.9,4.0,83.0,8.0,12.4,223,8,2016,7648.75187559678,0,27.814285714285713,6.000000000000007,80.85714285714286,29.081632653061224
2016-08-11,28.285714285714285,27.0,28.3,25.1,7.1,86.0,8.8,17.0,224,8,2016,7648.75187559678,0,27.757142857142856,12.300000000000008,81.71428571428571,28.81632653061224
2016-08-12,28.285714285714285,27.2,29.2,24.8,8.8,83.0,8.5,12.9,225,8,2016,7648.75187559678,0,27.657142857142862,21.10000000000001,82.71428571428571,28.551020408163264
2016-08-13,28.285714285714285,27.3,28.7,25.8,6.0,84.0,8.7,15.0,226,8,2016,7648.75187559678,0,27.585714285714285,26.60000000000001,83.14285714285714,28.285714285714285
2016-08-14,31.714285714285715,27.0,28.9,25.0,5.0,84.0,10.0,16.3,227,8,2016,7648.75187559678,0,27.442857142857143,31.500000000000007,83.42857142857143,28.775510204081634
2016-08-15,31.714285714285715,27.6,29.2,26.3,1.2,82.0,11.2,15.9,228,8,2016,7648.75187559678,0,27.357142857142858,32.70000000000001,83.42857142857143,29.265306122448976
2016-08-16,31.714285714285715,27.8,29.2,26.9,3.9,81.0,10.5,15.9,229,8,2016,7648.75187559678,0,27.32857142857143,36.00000000000001,83.28571428571429,29.755102040816325
2016-08-17,31.714285714285715,27.7,28.9,26.2,5.2,84.0,10.5,15.6,230,8,2016,7648.75187559678,0,27.37142857142857,37.2,83.42857142857143,30.244897959183675
2016-08-18,31.714285714285715,28.0,29.1,27.0,1.7,81.0,9.9,16.0,231,8,2016,7648.75187559678,0,27.514285714285712,31.800000000000008,82.71428571428571,30.734693877551024
2016-08-19,31.714285714285715,27.4,28.6,25.6,4.9,82.0,10.0,15.5,232,8,2016,7648.75187559678,0,27.54285714285714,27.900000000000006,82.57142857142857,31.224489795918366
2016-08-20,31.714285714285715,27.5,29.3,25.3,4.4,83.0,10.6,14.3,233,8,2016,7648.75187559678,0,27.571428571428573,26.300000000000008,82.42857142857143,31.714285714285715
2016-08-21,39.142857142857146,26.7,28.3,25.2,17.4,85.0,9.2,14.1,234,8,2016,7648.75187559678,0,27.52857142857143,38.7,82.57142857142857,32.775510204081634
2016-08-22,39.142857142857146,27.7,29.2,26.6,1.3,81.0,7.9,11.7,235,8,2016,7648.75187559678,0,27.542857142857144,38.800000000000004,82.42857142857143,33.83673469387755
2016-08-23,39.142857142857146,27.3,28.4,26.6,13.4,83.0,7.3,11.2,236,8,2016,7648.75187559678,0,27.47142857142857,48.300000000000004,82.71428571428571,34.89795918367347
2016-08-24,39.142857142857146,26.3,27.3,24.8,41.0,84.0,11.1,15.7,237,8,2016,7648.75187559678,0,27.271428571428572,84.10000000000001,82.71428571428571,35.95918367346939
2016-08-25,39.142857142857146,27.2,28.8,25.6,3.3,82.0,11.9,15.1,238,8,2016,7648.75187559678,0,27.157142857142862,85.7,82.85714285714286,37.02040816326531
2016-08-26,39.142857142857146,27.0,29.2,25.9,11.0,84.0,9.2,14.4,239,8,2016,7648.75187559678,0,27.099999999999998,91.8,83.14285714285714,38.08163265306123
2016-08-27,39.142857142857146,27.6,29.6,25.7,0.8,83.0,5.7,10.6,240,8,2016,7648.75187559678,0,27.114285714285717,88.2,83.14285714285714,39.142857142857146
2016-08-28,44.42857142857143,27.5,29.3,25.4,2.0,83.0,6.3,11.0,241,8,2016,7648.75187559678,0,27.22857142857143,72.8,82.85714285714286,39.89795918367347
2016-08-29,44.42857142857143,27.2,29.3,25.5,8.7,86.0,7.3,11.7,242,8,2016,7648.75187559678,0,27.157142857142855,80.2,83.57142857142857,40.6530612244898
2016-08-30,44.42857142857143,26.2,27.0,24.8,15.4,87.0,6.9,11.0,243,8,2016,7648.75187559678,0,27.0,82.2,84.14285714285714,41.40816326530613
2016-08-31,44.42857142857143,26.5,28.2,25.3,6.4,87.0,7.6,12.7,244,8,2016,7648.75187559678,0,27.02857142857143,47.60000000000001,84.57142857142857,42.163265306122454
2016-09-01,44.42857142857143,25.9,27.4,24.1,19.3,88.0,6.2,13.0,245,9,2016,7648.75187559678,0,26.842857142857145,63.60000000000001,85.42857142857143,42.91836734693878
2016-09-02,44.42857142857143,26.8,29.3,24.7,0.3,83.0,5.8,10.2,246,9,2016,7648.75187559678,0,26.814285714285713,52.90000000000001,85.28571428571429,43.67346938775511
2016-09-03,44.42857142857143,27.5,29.6,25.4,1.0,82.0,5.8,10.0,247,9,2016,7648.75187559678,0,26.8,53.10000000000001,85.14285714285714,44.42857142857143
2016-09-04,34.57142857142857,27.1,28.7,25.0,6.1,85.0,4.4,12.6,248,9,2016,7648.75187559678,0,26.74285714285714,57.20000000000001,85.42857142857143,43.0204081632653
2016-09-05,34.57142857142857,26.5,28.3,24.8,5.7,86.0,7.2,14.3,249,9,2016,7648.75187559678,0,26.642857142857142,54.20000000000001,85.42857142857143,41.61224489795918
2016-09-06,34.57142857142857,26.9,28.9,25.6,2.1,85.0,8.9,13.9,250,9,2016,7648.75187559678,0,26.742857142857144,40.900000000000006,85.14285714285714,40.204081632653065
2016-09-07,34.57142857142857,26.9,28.7,24.9,6.7,83.0,11.1,14.8,251,9,2016,7648.75187559678,0,26.8,41.20000000000001,84.57142857142857,38.795918367346935
2016-09-08,34.57142857142857,27.5,28.6,26.8,3.5,80.0,8.2,15.3,252,9,2016,7648.75187559678,0,27.028571428571432,25.400000000000006,83.42857142857143,37.387755102040806
2016-09-09,34.57142857142857,27.7,29.6,26.3,1.7,81.0,7.0,11.4,253,9,2016,7648.75187559678,0,27.157142857142855,26.800000000000008,83.14285714285714,35.97959183673469
2016-09-10,34.57142857142857,27.2,29.1,24.9,4.4,83.0,8.0,11.5,254,9,2016,7648.75187559678,0,27.11428571428571,30.200000000000006,83.28571428571429,34.57142857142857
2016-09-11,24.857142857142858,26.7,27.2,26.1,12.7,86.0,8.8,15.0,255,9,2016,7648.75187559678,0,27.057142857142857,36.80000000000001,83.42857142857143,33.183673469387756
2016-09-12,24.857142857142858,26.5,28.2,25.0,6.4,86.0,8.6,14.3,256,9,2016,7648.75187559678,0,27.057142857142857,37.50000000000001,83.42857142857143,31.79591836734694
2016-09-13,24.857142857142858,27.6,29.3,24.9,2.2,81.0,10.8,17.4,257,9,2016,7648.75187559678,0,27.157142857142855,37.6,82.85714285714286,30.408163265306122
2016-09-14,24.857142857142858,26.9,28.1,25.8,6.4,85.0,7.3,12.3,258,9,2016,7648.75187559678,0,27.157142857142855,37.30000000000001,83.14285714285714,29.0204081632653
2016-09-15,24.857142857142858,27.4,29.3,25.7,1.7,83.0,8.1,14.5,259,9,2016,7648.75187559678,0,27.142857142857142,35.50000000000001,83.57142857142857,27.632653061224488
2016-09-16,24.857142857142858,27.3,29.5,26.1,10.0,85.0,7.2,12.0,260,9,2016,7648.75187559678,0,27.085714285714285,43.800000000000004,84.14285714285714,26.24489795918367
2016-09-17,24.857142857142858,27.0,29.4,24.3,18.0,85.0,7.4,11.8,261,9,2016,7648.75187559678,0,27.057142857142857,57.400000000000006,84.42857142857143,24.857142857142858
2016-09-18,24.714285714285715,27.1,29.0,25.5,6.8,86.0,8.1,14.6,262,9,2016,7648.75187559678,0,27.11428571428571,51.5,84.42857142857143,24.836734693877553
2016-09-19,24.714285714285715,27.1,29.1,25.1,6.9,85.0,10.8,16.3,263,9,2016,7648.75187559678,0,27.2,52.00000000000001,84.28571428571429,24.816326530612248
2016-09-20,24.714285714285715,27.2,29.1,25.3,4.4,81.0,13.9,22.4,264,9,2016,7648.75187559678,0,27.142857142857142,54.20000000000001,84.28571428571429,24.795918367346935
2016-09-21,24.714285714285715,27.1,29.1,25.4,12.1,82.0,9.0,16.3,265,9,2016,7648.75187559678,0,27.17142857142857,59.900000000000006,83.85714285714286,24.775510204081634
2016-09-22,24.714285714285715,26.9,28.9,25.2,1.6,85.0,6.5,13.4,266,9,2016,7648.75187559678,0,27.1,59.800000000000004,84.14285714285714,24.75510204081633
2016-09-23,24.714285714285715,27.0,29.6,24.8,7.6,84.0,6.0,9.3,267,9,2016,7648.75187559678,0,27.057142857142857,57.400000000000006,84.0,24.734693877551024
2016-09-24,24.714285714285715,26.7,29.3,24.5,4.9,86.0,6.3,10.9,268,9,2016,7648.75187559678,0,27.014285714285712,44.300000000000004,84.14285714285714,24.714285714285715
2016-09-25,19.714285714285715,26.8,28.5,24.9,9.5,86.0,5.2,8.9,269,9,2016,7648.75187559678,0,26.97142857142857,47.00000000000001,84.14285714285714,24.0
2016-09-26,19.714285714285715,27.1,29.3,25.4,4.0,86.0,5.8,11.4,270,9,2016,7648.75187559678,0,26.971428571428568,44.1,84.28571428571429,23.285714285714285
2016-09-27,19.714285714285715,26.7,28.2,25.2,6.4,87.0,4.9,8.4,271,9,2016,7648.75187559678,0,26.900000000000002,46.10000000000001,85.14285714285714,22.571428571428577
2016-09-28,19.714285714285715,27.7,30.3,25.8,0.0,83.0,9.0,14.1,272,9,2016,7648.75187559678,0,26.985714285714288,34.000000000000014,85.28571428571429,21.857142857142858
2016-09-29,19.714285714285715,27.2,30.0,25.9,13.6,85.0,7.2,12.2,273,9,2016,7648.75187559678,0,27.02857142857143,46.00000000000001,85.28571428571429,21.142857142857142
2016-09-30,19.714285714285715,27.3,30.4,25.5,4.8,83.0,5.6,8.8,274,9,2016,7648.75187559678,0,27.071428571428573,43.20000000000001,85.14285714285714,20.428571428571427
2016-10-01,19.714285714285715,27.2,29.5,25.0,4.9,85.0,5.8,10.2,275,10,2016,7648.75187559678,0,27.142857142857142,43.20000000000001,85.0,19.714285714285715
2016-10-02,17.857142857142858,28.1,30.1,26.5,1.9,80.0,7.0,12.2,276,10,2016,7648.75187559678,0,27.32857142857143,35.60000000000001,84.14285714285714,19.44897959183674
2016-10-03,17.857142857142858,27.2,29.1,25.4,0.9,82.0,9.9,16.0,277,10,2016,7648.75187559678,0,27.342857142857145,32.50000000000001,83.57142857142857,19.183673469387752
2016-10-04,17.857142857142858,27.7,29.8,26.0,0.3,82.0,7.7,11.7,278,10,2016,7648.75187559678,0,27.485714285714284,26.400000000000006,82.85714285714286,18.918367346938776
2016-10-05,17.857142857142858,26.7,28.7,24.7,1.9,87.0,7.8,14.2,279,10,2016,7648.75187559678,0,27.342857142857145,28.300000000000008,83.42857142857143,18.653061224489797
2016-10-06,17.857142857142858,26.9,28.9,25.6,4.1,87.0,7.6,11.9,280,10,2016,7648.75187559678,0,27.300000000000004,18.800000000000008,83.71428571428571,18.387755102040817
2016-10-07,17.857142857142858,25.8,28.0,24.5,18.6,88.0,8.3,13.8,281,10,2016,7648.75187559678,0,27.085714285714285,32.60000000000001,84.42857142857143,18.122448979591837
2016-10-08,17.857142857142858,26.8,29.0,25.0,3.6,83.0,6.6,10.7,282,10,2016,7648.75187559678,0,27.028571428571432,31.30000000000001,84.14285714285714,17.857142857142858
2016-10-09,13.428571428571429,27.5,29.0,25.9,5.0,81.0,6.8,11.2,283,10,2016,7648.75187559678,0,26.942857142857143,34.400000000000006,84.28571428571429,17.224489795918366
2016-10-10,13.428571428571429,27.3,30.0,25.2,1.8,84.0,8.0,13.3,284,10,2016,7648.75187559678,0,26.957142857142856,35.30000000000001,84.57142857142857,16.591836734693878
2016-10-11,13.428571428571429,27.7,30.5,25.3,3.4,83.0,11.8,16.9,285,10,2016,7648.75187559678,0,26.95714285714286,38.40000000000001,84.71428571428571,15.959183673469386
2016-10-12,13.428571428571429,27.6,29.2,26.6,12.1,84.0,12.6,18.7,286,10,2016,7648.75187559678,0,27.085714285714285,48.60000000000001,84.28571428571429,15.326530612244898
2016-10-13,13.428571428571429,27.4,29.2,25.8,3.6,83.0,12.1,18.7,287,10,2016,7648.75187559678,0,27.157142857142855,48.10000000000001,83.71428571428571,14.693877551020408
2016-10-14,13.428571428571429,27.5,29.0,26.4,3.3,82.0,14.0,20.5,288,10,2016,7648.75187559678,0,27.400000000000002,32.800000000000004,82.85714285714286,14.061224489795919
2016-10-15,13.428571428571429,27.3,29.2,25.4,3.3,83.0,10.6,15.2,289,10,2016,7648.75187559678,0,27.471428571428568,32.50000000000001,82.85714285714286,13.428571428571429
2016-10-16,15.428571428571429,26.8,28.6,25.3,13.1,83.0,12.0,15.7,290,10,2016,7648.75187559678,0,27.37142857142857,40.6,83.14285714285714,13.714285714285714
2016-10-17,15.428571428571429,26.8,28.7,25.1,1.6,85.0,11.8,17.9,291,10,2016,7648.75187559678,0,27.300000000000004,40.400000000000006,83.28571428571429,14.0
2016-10-18,15.428571428571429,27.1,29.3,24.7,21.3,84.0,7.7,12.9,292,10,2016,7648.75187559678,0,27.214285714285715,58.30000000000001,83.42857142857143,14.285714285714286
2016-10-19,15.428571428571429,27.1,28.4,25.7,5.2,85.0,7.7,11.7,293,10,2016,7648.75187559678,0,27.142857142857142,51.400000000000006,83.57142857142857,14.571428571428571
2016-10-20,15.428571428571429,27.1,29.5,25.0,4.3,86.0,6.7,13.2,294,10,2016,7648.75187559678,0,27.099999999999998,52.10000000000001,84.0,14.857142857142858
2016-10-21,15.428571428571429,27.6,29.2,25.0,6.4,85.0,6.1,10.6,295,10,2016,7648.75187559678,0,27.114285714285717,55.20000000000001,84.42857142857143,15.142857142857142
2016-10-22,15.428571428571429,26.6,28.3,25.5,6.5,88.0,5.8,10.9,296,10,2016,7648.75187559678,0,27.014285714285716,58.400000000000006,85.14285714285714,15.428571428571429
2016-10-23,12.0,27.0,29.4,25.6,3.8,84.0,5.2,8.5,297,10,2016,7648.75187559678,0,27.042857142857144,49.10000000000001,85.28571428571429,14.938775510204083
2016-10-24,12.0,26.6,27.9,25.2,2.3,88.0,6.5,12.7,298,10,2016,7648.75187559678,0,27.014285714285712,49.80000000000001,85.71428571428571,14.448979591836736
2016-10-25,12.0,26.1,28.5,24.2,23.5,87.0,2.3,5.9,299,10,2016,7648.75187559678,0,26.87142857142857,52.00000000000001,86.14285714285714,13.959183673469388
2016-10-26,12.0,26.0,28.1,23.7,8.0,86.0,5.6,12.2,300,10,2016,7648.75187559678,0,26.714285714285715,54.800000000000004,86.28571428571429,13.469387755102042
2016-10-27,12.0,26.1,28.3,24.8,8.2,86.0,5.9,9.7,301,10,2016,7648.75187559678,0,26.571428571428577,58.7,86.28571428571429,12.979591836734695
2016-10-28,12.0,26.1,28.3,24.6,3.0,84.0,5.1,7.3,302,10,2016,7648.75187559678,0,26.357142857142858,55.30000000000001,86.14285714285714,12.489795918367347
2016-10-29,12.0,26.2,28.0,24.6,8.3,87.0,8.3,13.4,303,10,2016,7648.75187559678,0,26.3,57.10000000000001,86.0,12.0
2016-10-30,12.285714285714286,25.9,27.5,24.4,7.0,87.0,7.6,12.5,304,10,2016,7648.75187559678,0,26.142857142857142,60.300000000000004,86.42857142857143,12.040816326530612
2016-10-31,12.285714285714286,26.1,28.6,24.5,14.4,89.0,6.2,11.0,305,10,2016,7648.75187559678,0,26.071428571428573,72.4,86.57142857142857,12.081632653061224
2016-11-01,12.285714285714286,25.8,27.9,24.2,22.8,89.0,7.3,11.5,306,11,2016,7648.75187559678,1,26.028571428571432,71.70000000000002,86.85714285714286,12.122448979591837
2016-11-02,12.285714285714286,26.2,28.8,24.1,11.8,86.0,7.2,10.7,307,11,2016,7648.75187559678,1,26.057142857142857,75.50000000000001,86.85714285714286,12.16326530612245
2016-11-03,12.285714285714286,26.1,28.1,24.8,13.2,87.0,9.5,13.9,308,11,2016,7648.75187559678,1,26.057142857142853,80.5,87.0,12.204081632653061
2016-11-04,12.285714285714286,26.4,28.4,24.6,3.6,86.0,7.8,12.3,309,11,2016,7648.75187559678,1,26.099999999999998,81.10000000000001,87.28571428571429,12.244897959183675
2016-11-05,12.285714285714286,25.9,27.1,24.9,11.1,88.0,12.0,15.7,310,11,2016,7648.75187559678,1,26.057142857142857,83.9,87.42857142857143,12.285714285714286
2016-11-06,12.0,27.1,29.4,25.6,4.1,84.0,10.3,13.6,311,11,2016,7648.75187559678,1,26.228571428571428,81.00000000000001,87.0,12.244897959183675
2016-11-07,12.0,26.4,27.9,25.8,19.2,89.0,4.4,9.3,312,11,2016,7648.75187559678,1,26.271428571428572,85.80000000000001,87.0,12.204081632653061
2016-11-08,12.0,26.8,28.9,25.2,4.2,87.0,5.8,9.4,313,11,2016,7648.75187559678,1,26.414285714285715,67.2,86.71428571428571,12.16326530612245
2016-11-09,12.0,26.0,28.0,24.3,11.0,88.0,4.0,8.1,314,11,2016,7648.75187559678,1,26.38571428571429,66.4,87.0,12.122448979591837
2016-11-10,12.0,25.9,28.0,24.6,9.1,87.0,5.6,8.1,315,11,2016,7648.75187559678,1,26.357142857142858,62.300000000000004,87.0,12.081632653061224
2016-11-11,12.0,25.6,27.5,24.1,16.5,88.0,4.5,7.6,316,11,2016,7648.75187559678,1,26.242857142857144,75.2,87.28571428571429,12.040816326530612
2016-11-12,12.0,25.9,28.5,24.2,24.2,88.0,4.5,7.0,317,11,2016,7648.75187559678,1,26.24285714285714,88.30000000000001,87.28571428571429,12.0
2016-11-13,10.285714285714286,26.1,28.9,24.5,26.6,88.0,5.1,8.7,318,11,2016,7648.75187559678,1,26.1,110.8,87.85714285714286,11.755102040816327
2016-11-14,10.285714285714286,25.3,26.8,24.5,54.0,91.0,5.0,8.8,319,11,2016,7648.75187559678,1,25.942857142857143,145.6,88.14285714285714,11.510204081632653
2016-11-15,10.285714285714286,26.0,28.4,24.6,12.3,86.0,6.6,8.6,320,11,2016,7648.75187559678,1,25.828571428571426,153.70000000000002,88.0,11.26530612244898
2016-11-16,10.285714285714286,25.4,26.5,24.6,17.9,90.0,6.8,11.4,321,11,2016,7648.75187559678,1,25.74285714285714,160.6,88.28571428571429,11.020408163265307
2016-11-17,10.285714285714286,26.7,29.7,24.8,3.9,84.0,5.7,8.5,322,11,2016,7648.75187559678,1,25.857142857142858,155.4,87.85714285714286,10.775510204081632
2016-11-18,10.285714285714286,26.2,28.4,25.0,24.6,87.0,4.5,7.8,323,11,2016,7648.75187559678,1,25.942857142857143,163.5,87.71428571428571,10.530612244897961
2016-11-19,10.285714285714286,26.3,28.3,24.8,5.0,88.0,3.7,6.8,324,11,2016,7648.75187559678,1,26.0,144.29999999999998,87.71428571428571,10.285714285714286
2016-11-20,10.714285714285714,26.1,28.3,24.6,7.4,89.0,4.8,7.7,325,11,2016,7648.75187559678,1,26.0,125.1,87.85714285714286,10.346938775510205
2016-11-21,10.714285714285714,26.6,28.1,24.9,7.6,86.0,8.9,14.4,326,11,2016,7648.75187559678,1,26.185714285714287,78.7,87.14285714285714,10.408163265306124
2016-11-22,10.714285714285714,26.3,27.9,24.9,7.7,88.0,6.8,10.6,327,11,2016,7648.75187559678,1,26.22857142857143,74.10000000000001,87.42857142857143,10.469387755102042
2016-11-23,10.714285714285714,26.5,28.5,24.5,6.7,86.0,5.7,9.1,328,11,2016,7648.75187559678,1,26.385714285714283,62.9,86.85714285714286,10.530612244897961
2016-11-24,10.714285714285714,26.0,28.0,24.6,20.7,88.0,4.9,7.4,329,11,2016,7648.75187559678,1,26.285714285714285,79.69999999999999,87.42857142857143,10.591836734693876
2016-11-25,10.714285714285714,26.1,28.5,24.5,9.1,86.0,3.5,5.3,330,11,2016,7648.75187559678,1,26.271428571428572,64.2,87.28571428571429,10.653061224489795
2016-11-26,10.714285714285714,26.0,28.2,24.6,13.6,89.0,6.0,10.3,331,11,2016,7648.75187559678,1,26.22857142857143,72.8,87.42857142857143,10.714285714285714
2016-11-27,12.285714285714286,25.6,27.2,24.7,19.3,91.0,9.1,13.7,332,11,2016,7648.75187559678,1,26.157142857142855,84.69999999999999,87.71428571428571,10.938775510204081
2016-11-28,12.285714285714286,25.7,27.0,24.7,9.6,89.0,9.2,12.1,333,11,2016,7648.75187559678,1,26.02857142857143,86.7,88.14285714285714,11.16326530612245
2016-11-29,12.285714285714286,25.8,29.0,24.7,5.6,88.0,10.1,14.0,334,11,2016,7648.75187559678,1,25.957142857142856,84.6,88.14285714285714,11.387755102040815
2016-11-30,12.285714285714286,26.2,28.3,24.6,1.2,82.0,9.1,14.0,335,11,2016,7648.75187559678,1,25.91428571428571,79.1,87.57142857142857,11.612244897959185
2016-12-01,12.285714285714286,25.1,26.6,24.5,32.4,90.0,7.4,11.6,336,12,2016,7648.75187559678,1,25.785714285714285,90.8,87.85714285714286,11.83673469387755
2016-12-02,12.285714285714286,25.6,28.3,24.1,18.2,86.0,9.3,13.8,337,12,2016,7648.75187559678,1,25.714285714285715,99.9,87.85714285714286,12.061224489795919
2016-12-03,12.285714285714286,26.4,29.1,24.3,7.5,86.0,7.3,11.6,338,12,2016,7648.75187559678,1,25.771428571428572,93.8,87.42857142857143,12.285714285714286
2016-12-04,8.428571428571429,26.8,29.1,24.5,1.7,86.0,4.7,9.7,339,12,2016,7648.75187559678,1,25.942857142857143,76.2,86.71428571428571,11.73469387755102
2016-12-05,8.428571428571429,27.2,29.6,25.1,1.8,84.0,6.7,9.0,340,12,2016,7648.75187559678,1,26.157142857142862,68.4,86.0,11.183673469387756
2016-12-06,8.428571428571429,27.3,30.3,25.3,0.9,84.0,7.9,11.5,341,12,2016,7648.75187559678,1,26.37142857142857,63.699999999999996,85.42857142857143,10.63265306122449
2016-12-07,8.428571428571429,27.2,30.1,25.5,4.3,85.0,8.8,12.8,342,12,2016,7648.75187559678,1,26.514285714285716,66.8,85.85714285714286,10.081632653061225
2016-12-08,8.428571428571429,26.6,28.9,24.9,6.5,85.0,9.7,14.5,343,12,2016,7648.75187559678,1,26.728571428571428,40.9,85.14285714285714,9.530612244897958
2016-12-09,8.428571428571429,26.1,28.3,24.8,7.9,87.0,8.8,12.4,344,12,2016,7648.75187559678,1,26.8,30.6,85.28571428571429,8.979591836734695
2016-12-10,8.428571428571429,26.6,29.0,25.3,3.2,84.0,7.5,9.4,345,12,2016,7648.75187559678,1,26.828571428571426,26.3,85.0,8.428571428571429
2016-12-11,11.571428571428571,25.7,27.1,24.6,11.0,88.0,10.6,14.4,346,12,2016,7648.75187559678,1,26.671428571428574,35.6,85.28571428571429,8.877551020408163
2016-12-12,11.571428571428571,26.7,29.0,24.7,1.1,80.0,15.2,18.9,347,12,2016,7648.75187559678,1,26.599999999999998,34.9,84.71428571428571,9.326530612244897
2016-12-13,11.571428571428571,26.8,29.5,25.0,6.7,83.0,8.5,12.9,348,12,2016,7648.75187559678,1,26.528571428571432,40.7,84.57142857142857,9.775510204081632
2016-12-14,11.571428571428571,26.9,29.5,25.3,1.0,84.0,8.9,13.8,349,12,2016,7648.75187559678,1,26.485714285714284,37.400000000000006,84.42857142857143,10.224489795918368
2016-12-15,11.571428571428571,27.3,29.8,25.6,0.5,82.0,7.9,13.3,350,12,2016,7648.75187559678,1,26.585714285714285,31.400000000000002,84.0,10.673469387755102
2016-12-16,11.571428571428571,27.0,29.7,25.0,1.3,84.0,5.5,9.1,351,12,2016,7648.75187559678,1,26.714285714285715,24.8,83.57142857142857,11.122448979591836
2016-12-17,11.571428571428571,26.4,29.1,24.9,9.6,85.0,9.4,13.4,352,12,2016,7648.75187559678,1,26.685714285714287,31.200000000000003,83.71428571428571,11.571428571428571
2016-12-18,10.285714285714286,26.6,29.7,24.8,5.5,84.0,11.2,17.1,353,12,2016,7648.75187559678,1,26.814285714285713,25.700000000000003,83.14285714285714,11.387755102040815
2016-12-19,10.285714285714286,26.5,28.9,25.1,6.7,85.0,11.8,16.1,354,12,2016,7648.75187559678,1,26.785714285714285,31.3,83.85714285714286,11.204081632653061
2016-12-20,10.285714285714286,26.6,29.0,24.7,5.1,84.0,13.3,21.3,355,12,2016,7648.75187559678,1,26.757142857142856,29.7,84.0,11.020408163265305
2016-12-21,10.285714285714286,27.1,29.5,25.6,1.4,81.0,12.0,16.9,356,12,2016,7648.75187559678,1,26.785714285714285,30.1,83.57142857142857,10.83673469387755
2016-12-22,10.285714285714286,26.2,28.2,25.3,38.6,87.0,7.1,11.6,357,12,2016,7648.75187559678,1,26.62857142857143,68.2,84.28571428571429,10.653061224489798
2016-12-23,10.285714285714286,25.9,28.1,24.6,13.4,88.0,6.4,8.9,358,12,2016,7648.75187559678,1,26.47142857142857,80.30000000000001,84.85714285714286,10.469387755102042
2016-12-24,10.285714285714286,26.1,28.2,24.9,3.3,88.0,10.6,13.8,359,12,2016,7648.75187559678,1,26.428571428571427,74.0,85.28571428571429,10.285714285714286
2016-12-25,9.142857142857142,26.3,29.2,24.9,18.0,86.0,10.4,13.4,360,12,2016,7648.75187559678,1,26.38571428571429,86.5,85.57142857142857,10.122448979591837
2016-12-26,9.142857142857142,25.7,27.9,24.6,4.2,87.0,11.7,14.8,361,12,2016,7648.75187559678,1,26.271428571428572,84.00000000000001,85.85714285714286,9.959183673469386
2016-12-27,9.142857142857142,25.1,26.9,24.1,16.5,89.0,11.2,13.7,362,12,2016,7648.75187559678,1,26.057142857142857,95.4,86.57142857142857,9.795918367346939
2016-12-28,9.142857142857142,25.1,26.5,24.3,6.7,85.0,12.3,16.6,363,12,2016,7648.75187559678,1,25.77142857142857,100.7,87.14285714285714,9.63265306122449
2016-12-29,9.142857142857142,26.3,28.9,24.6,1.2,82.0,9.6,15.5,364,12,2016,7648.75187559678,1,25.785714285714285,63.3,86.42857142857143,9.469387755102042
2016-12-30,9.142857142857142,25.8,27.9,24.7,6.4,84.0,11.7,17.2,365,12,2016,7648.75187559678,1,25.771428571428572,56.3,85.85714285714286,9.306122448979592
2016-12-31,9.142857142857142,25.4,26.8,24.3,6.3,88.0,10.7,13.4,366,12,2016,7648.75187559678,1,25.67142857142857,59.3,85.85714285714286,9.142857142857142
2017-01-01,10.0,25.9,29.0,24.3,4.3,87.0,11.0,16.9,1,1,2017,7655.57222752694,1,25.61428571428571,45.599999999999994,86.0,9.26530612244898
2017-01-02,10.0,25.5,28.6,23.9,7.4,91.0,5.6,10.2,2,1,2017,7655.57222752694,1,25.585714285714285,48.8,86.57142857142857,9.387755102040815
2017-01-03,10.0,25.4,28.0,23.9,8.4,92.0,8.0,12.9,3,1,2017,7655.57222752694,1,25.62857142857143,40.7,87.0,9.510204081632653
2017-01-04,10.0,26.4,30.4,23.9,1.7,85.0,9.9,14.8,4,1,2017,7655.57222752694,1,25.814285714285717,35.699999999999996,87.0,9.63265306122449
2017-01-05,10.0,26.4,30.0,23.5,0.0,86.0,6.2,8.0,5,1,2017,7655.57222752694,1,25.82857142857143,34.5,87.57142857142857,9.755102040816327
2017-01-06,10.0,27.2,30.2,24.5,1.0,85.0,5.6,9.8,6,1,2017,7655.57222752694,1,26.02857142857143,29.1,87.71428571428571,9.877551020408163
2017-01-07,10.0,27.7,30.6,24.6,1.4,83.0,5.8,11.1,7,1,2017,7655.57222752694,1,26.357142857142858,24.2,87.0,10.0
2017-01-08,13.0,27.5,30.4,24.6,2.2,82.0,6.2,9.8,8,1,2017,7655.57222752694,1,26.585714285714285,22.099999999999998,86.28571428571429,10.428571428571429
2017-01-09,13.0,27.8,31.2,25.5,0.5,84.0,8.6,12.1,9,1,2017,7655.57222752694,1,26.914285714285715,15.2,85.28571428571429,10.857142857142858
2017-01-10,13.0,27.2,30.2,25.1,1.2,85.0,9.9,15.4,10,1,2017,7655.57222752694,1,27.17142857142857,8.0,84.28571428571429,11.285714285714286
2017-01-11,13.0,27.1,31.1,24.9,9.5,85.0,9.0,13.6,11,1,2017,7655.57222752694,1,27.27142857142857,15.8,84.28571428571429,11.714285714285714
2017-01-12,13.0,26.9,30.1,24.4,1.0,84.0,6.7,10.9,12,1,2017,7655.57222752694,1,27.342857142857145,16.8,84.0,12.142857142857142
2017-01-13,13.0,26.5,29.2,24.5,9.3,87.0,5.7,10.7,13,1,2017,7655.57222752694,1,27.24285714285714,25.1,84.28571428571429,12.571428571428571
2017-01-14,13.0,26.6,29.0,23.8,7.3,88.0,5.1,8.9,14,1,2017,7655.57222752694,1,27.08571428571429,31.000000000000004,85.0,13.0
2017-01-15,10.714285714285714,26.7,29.0,23.8,12.2,88.0,5.8,11.6,15,1,2017,7655.57222752694,1,26.97142857142857,41.0,85.85714285714286,12.673469387755103
2017-01-16,10.714285714285714,26.4,30.0,24.1,6.1,87.0,7.4,10.7,16,1,2017,7655.57222752694,1,26.771428571428572,46.6,86.28571428571429,12.346938775510205
2017-01-17,10.714285714285714,26.5,29.6,23.9,1.9,86.0,7.7,14.1,17,1,2017,7655.57222752694,1,26.671428571428574,47.3,86.42857142857143,12.020408163265305
2017-01-18,10.714285714285714,26.1,29.6,23.9,11.7,88.0,8.9,12.5,18,1,2017,7655.57222752694,1,26.528571428571432,49.5,86.85714285714286,11.693877551020408
2017-01-19,10.714285714285714,26.2,29.3,24.3,20.0,87.0,5.8,9.9,19,1,2017,7655.57222752694,1,26.428571428571427,68.5,87.28571428571429,11.36734693877551
2017-01-20,10.714285714285714,26.1,28.6,24.1,14.8,89.0,5.6,9.0,20,1,2017,7655.57222752694,1,26.371428571428574,74.0,87.57142857142857,11.040816326530612
2017-01-21,10.714285714285714,25.7,28.1,24.2,25.9,88.0,10.6,15.9,21,1,2017,7655.57222752694,1,26.24285714285714,92.60000000000001,87.57142857142857,10.714285714285714
2017-01-22,9.428571428571429,25.5,28.1,23.6,9.6,89.0,13.1,22.5,22,1,2017,7655.57222752694,1,26.071428571428573,90.0,87.71428571428571,10.530612244897958
2017-01-23,9.428571428571429,24.3,25.4,23.2,32.9,94.0,8.7,16.6,23,1,2017,7655.57222752694,1,25.77142857142857,116.80000000000001,88.71428571428571,10.346938775510202
2017-01-24,9.428571428571429,23.5,24.4,22.9,152.9,95.0,11.3,18.5,24,1,2017,7655.57222752694,1,25.342857142857138,267.8,90.0,10.16326530612245
2017-01-25,9.428571428571429,24.9,29.1,22.3,7.3,86.0,11.1,18.7,25,1,2017,7655.57222752694,1,25.17142857142857,263.40000000000003,89.71428571428571,9.979591836734695
2017-01-26,9.428571428571429,25.5,28.3,23.0,12.2,89.0,9.0,14.5,26,1,2017,7655.57222752694,1,25.071428571428573,255.60000000000002,90.0,9.795918367346939
2017-01-27,9.428571428571429,25.5,28.5,23.8,6.1,87.0,13.0,17.5,27,1,2017,7655.57222752694,1,24.985714285714284,246.9,89.71428571428571,9.612244897959183
2017-01-28,9.428571428571429,25.2,27.2,23.9,9.5,86.0,12.2,16.9,28,1,2017,7655.57222752694,1,24.914285714285715,230.5,89.42857142857143,9.428571428571429
2017-01-29,8.857142857142858,24.9,27.1,23.6,16.9,90.0,9.7,13.4,29,1,2017,7655.57222752694,1,24.828571428571426,237.8,89.57142857142857,9.346938775510205
2017-01-30,8.857142857142858,25.3,28.7,23.4,8.9,90.0,9.1,12.7,30,1,2017,7655.57222752694,1,24.97142857142857,213.8,89.0,9.26530612244898
2017-01-31,8.857142857142858,25.7,29.8,23.2,1.4,85.0,9.8,17.0,31,1,2017,7655.57222752694,1,25.285714285714285,62.3,87.57142857142857,9.183673469387756
2017-02-01,8.857142857142858,26.2,29.9,23.3,0.0,81.0,8.5,15.8,32,2,2017,7655.57222752694,1,25.47142857142857,55.0,86.85714285714286,9.10204081632653
2017-02-02,8.857142857142858,25.8,28.1,23.9,3.6,86.0,5.5,11.9,33,2,2017,7655.57222752694,1,25.514285714285712,46.4,86.42857142857143,9.020408163265307
2017-02-03,8.857142857142858,26.1,30.1,23.7,1.6,85.0,9.4,16.2,34,2,2017,7655.57222752694,1,25.6,41.9,86.14285714285714,8.938775510204083
2017-02-04,8.857142857142858,26.2,30.0,23.8,5.6,86.0,8.5,12.0,35,2,2017,7655.57222752694,1,25.74285714285714,38.0,86.14285714285714,8.857142857142858
2017-02-05,11.0,26.4,30.4,24.3,6.6,86.0,10.1,12.1,36,2,2017,7655.57222752694,1,25.95714285714286,27.7,85.57142857142857,9.163265306122451
2017-02-06,11.0,26.6,30.6,24.3,2.0,85.0,10.5,15.0,37,2,2017,7655.57222752694,1,26.142857142857142,20.799999999999997,84.85714285714286,9.469387755102042
2017-02-07,11.0,25.7,28.6,24.1,17.7,89.0,8.8,15.2,38,2,2017,7655.57222752694,1,26.142857142857142,37.099999999999994,85.42857142857143,9.775510204081632
2017-02-08,11.0,25.8,30.0,23.5,2.0,86.0,8.5,13.6,39,2,2017,7655.57222752694,1,26.085714285714285,39.099999999999994,86.14285714285714,10.081632653061224
2017-02-09,11.0,26.3,30.1,24.0,0.9,82.0,8.7,14.9,40,2,2017,7655.57222752694,1,26.157142857142862,36.4,85.57142857142857,10.387755102040817
2017-02-10,11.0,26.5,29.9,23.5,0.8,81.0,11.7,17.1,41,2,2017,7655.57222752694,1,26.214285714285715,35.599999999999994,85.0,10.693877551020408
2017-02-11,11.0,26.5,30.1,24.5,0.9,77.0,17.5,21.8,42,2,2017,7655.57222752694,1,26.25714285714286,30.900000000000002,83.71428571428571,11.0
2017-02-12,7.571428571428571,26.0,28.2,24.5,2.9,79.0,18.0,24.8,43,2,2017,7655.57222752694,1,26.2,27.2,82.71428571428571,10.510204081632653
2017-02-13,7.571428571428571,25.5,27.8,23.4,3.0,84.0,17.1,22.7,44,2,2017,7655.57222752694,1,26.042857142857144,28.2,82.57142857142857,10.020408163265305
2017-02-14,7.571428571428571,25.3,27.3,24.0,9.2,86.0,16.4,21.7,45,2,2017,7655.57222752694,1,25.985714285714288,19.7,82.14285714285714,9.530612244897961
2017-02-15,7.571428571428571,24.7,27.1,23.4,6.8,88.0,14.6,19.2,46,2,2017,7655.57222752694,1,25.82857142857143,24.5,82.42857142857143,9.040816326530612
2017-02-16,7.571428571428571,25.7,28.5,23.8,0.2,80.0,15.8,23.5,47,2,2017,7655.57222752694,1,25.74285714285714,23.8,82.14285714285714,8.551020408163266
2017-02-17,7.571428571428571,26.0,28.8,23.5,0.4,82.0,12.8,20.1,48,2,2017,7655.57222752694,1,25.67142857142857,23.4,82.28571428571429,8.061224489795919
2017-02-18,7.571428571428571,25.9,28.8,23.9,3.4,84.0,13.7,20.0,49,2,2017,7655.57222752694,1,25.585714285714285,25.9,83.28571428571429,7.571428571428571
2017-02-19,7.714285714285714,26.2,28.8,24.0,2.2,85.0,12.2,19.8,50,2,2017,7655.57222752694,1,25.61428571428571,25.2,84.14285714285714,7.591836734693878
2017-02-20,7.714285714285714,26.5,29.5,24.0,2.3,86.0,11.2,18.4,51,2,2017,7655.57222752694,1,25.757142857142856,24.5,84.42857142857143,7.612244897959184
2017-02-21,7.714285714285714,26.1,28.9,24.0,17.2,88.0,5.9,9.8,52,2,2017,7655.57222752694,1,25.87142857142857,32.5,84.71428571428571,7.63265306122449
2017-02-22,7.714285714285714,26.4,29.8,23.4,3.1,85.0,7.8,16.2,53,2,2017,7655.57222752694,1,26.11428571428571,28.8,84.28571428571429,7.653061224489796
2017-02-23,7.714285714285714,26.2,29.9,23.5,5.8,87.0,5.7,10.6,54,2,2017,7655.57222752694,1,26.185714285714287,34.4,85.28571428571429,7.673469387755103
2017-02-24,7.714285714285714,25.4,28.8,23.5,9.7,87.0,6.0,12.0,55,2,2017,7655.57222752694,1,26.099999999999998,43.7,86.0,7.693877551020408
2017-02-25,7.714285714285714,25.6,28.8,23.0,9.9,88.0,6.6,13.6,56,2,2017,7655.57222752694,1,26.057142857142853,50.2,86.57142857142857,7.714285714285714
2017-02-26,5.857142857142857,26.0,28.8,23.5,3.4,86.0,9.1,15.6,57,2,2017,7655.57222752694,1,26.02857142857143,51.4,86.71428571428571,7.448979591836734
2017-02-27,5.857142857142857,25.8,29.0,23.3,5.5,87.0,10.2,20.0,58,2,2017,7655.57222752694,1,25.928571428571427,54.6,86.85714285714286,7.183673469387755
2017-02-28,5.857142857142857,25.6,27.6,24.4,33.4,88.0,10.0,16.3,59,2,2017,7655.57222752694,1,25.857142857142858,70.8,86.85714285714286,6.9183673469387745
2017-03-01,5.857142857142857,24.6,26.0,23.7,19.9,94.0,7.7,11.8,60,3,2017,7655.57222752694,1,25.6,87.6,88.14285714285714,6.653061224489796
2017-03-02,5.857142857142857,25.5,28.1,23.5,11.7,88.0,10.3,20.1,61,3,2017,7655.57222752694,1,25.5,93.49999999999999,88.28571428571429,6.387755102040816
2017-03-03,5.857142857142857,25.4,28.2,23.5,3.9,89.0,10.9,17.1,62,3,2017,7655.57222752694,1,25.5,87.7,88.57142857142857,6.122448979591836
2017-03-04,5.857142857142857,25.8,28.4,23.5,8.7,87.0,8.9,15.4,63,3,2017,7655.57222752694,1,25.52857142857143,86.5,88.42857142857143,5.857142857142857
2017-03-05,4.571428571428571,26.3,29.5,23.5,0.8,85.0,9.3,15.0,64,3,2017,7655.57222752694,1,25.571428571428573,83.89999999999999,88.28571428571429,5.673469387755101
2017-03-06,4.571428571428571,26.0,29.2,23.2,2.2,87.0,7.5,14.0,65,3,2017,7655.57222752694,1,25.6,80.6,88.28571428571429,5.489795918367347
2017-03-07,4.571428571428571,25.6,28.5,23.1,6.1,87.0,7.5,11.6,66,3,2017,7655.57222752694,1,25.6,53.3,88.14285714285714,5.3061224489795915
2017-03-08,4.571428571428571,26.5,30.6,23.8,1.4,82.0,9.7,13.6,67,3,2017,7655.57222752694,1,25.87142857142857,34.8,86.42857142857143,5.122448979591836
2017-03-09,4.571428571428571,26.2,30.0,23.4,1.0,80.0,11.8,18.9,68,3,2017,7655.57222752694,1,25.971428571428568,24.099999999999998,85.28571428571429,4.938775510204081
2017-03-10,4.571428571428571,26.3,29.9,23.2,0.0,81.0,11.4,19.6,69,3,2017,7655.57222752694,1,26.1,20.2,84.14285714285714,4.755102040816326
2017-03-11,4.571428571428571,26.8,30.6,23.7,2.5,84.0,8.5,13.2,70,3,2017,7655.57222752694,1,26.24285714285714,14.0,83.71428571428571,4.571428571428571
2017-03-12,5.0,26.4,30.2,24.0,11.8,87.0,4.6,7.7,71,3,2017,7655.57222752694,1,26.257142857142856,25.0,84.0,4.63265306122449
2017-03-13,5.0,26.3,29.4,24.4,11.6,87.0,5.2,10.9,72,3,2017,7655.57222752694,1,26.3,34.4,84.0,4.6938775510204085
2017-03-14,5.0,26.2,29.1,24.0,16.0,87.0,5.7,9.6,73,3,2017,7655.57222752694,1,26.385714285714283,44.3,84.0,4.755102040816326
2017-03-15,5.0,27.8,31.4,24.5,0.0,81.0,5.4,11.7,74,3,2017,7655.57222752694,1,26.571428571428573,42.9,83.85714285714286,4.816326530612245
2017-03-16,5.0,27.2,30.2,25.4,13.0,85.0,7.3,12.6,75,3,2017,7655.57222752694,1,26.714285714285715,54.9,84.57142857142857,4.877551020408163
2017-03-17,5.0,26.6,29.2,24.2,13.3,87.0,5.6,10.5,76,3,2017,7655.57222752694,1,26.75714285714286,68.2,85.42857142857143,4.938775510204081
2017-03-18,5.0,26.9,30.4,24.3,9.8,86.0,6.6,14.0,77,3,2017,7655.57222752694,1,26.77142857142857,75.5,85.71428571428571,5.0
2017-03-19,4.571428571428571,27.0,30.9,24.5,15.1,86.0,5.1,9.3,78,3,2017,7655.57222752694,1,26.857142857142858,78.8,85.57142857142857,4.938775510204081
2017-03-20,4.571428571428571,25.5,28.3,23.7,19.1,88.0,6.3,9.0,79,3,2017,7655.57222752694,1,26.74285714285714,86.3,85.71428571428571,4.877551020408163
2017-03-21,4.571428571428571,26.8,30.5,24.2,9.4,85.0,6.8,11.7,80,3,2017,7655.57222752694,1,26.82857142857143,79.7,85.42857142857143,4.816326530612245
2017-03-22,4.571428571428571,27.2,30.5,24.5,1.8,85.0,8.9,15.5,81,3,2017,7655.57222752694,1,26.74285714285714,81.5,86.0,4.755102040816326
2017-03-23,4.571428571428571,27.6,31.4,24.1,0.9,83.0,7.1,10.9,82,3,2017,7655.57222752694,1,26.800000000000004,69.39999999999999,85.71428571428571,4.693877551020408
2017-03-24,4.571428571428571,27.3,30.5,25.0,3.0,84.0,5.5,10.0,83,3,2017,7655.57222752694,1,26.9,59.1,85.28571428571429,4.63265306122449
2017-03-25,4.571428571428571,27.3,30.7,24.8,1.7,85.0,6.7,13.2,84,3,2017,7655.57222752694,1,26.95714285714286,51.0,85.14285714285714,4.571428571428571
2017-03-26,7.142857142857143,27.5,30.5,25.0,6.6,86.0,5.6,11.1,85,3,2017,7655.57222752694,1,27.028571428571432,42.5,85.14285714285714,4.938775510204081
2017-03-27,7.142857142857143,27.5,30.5,24.4,2.5,84.0,7.1,12.5,86,3,2017,7655.57222752694,1,27.314285714285717,25.9,84.57142857142857,5.3061224489795915
2017-03-28,7.142857142857143,26.3,29.0,24.6,13.9,88.0,7.7,13.5,87,3,2017,7655.57222752694,1,27.24285714285714,30.400000000000002,85.0,5.673469387755103
2017-03-29,7.142857142857143,26.4,30.2,23.7,14.4,88.0,5.0,8.2,88,3,2017,7655.57222752694,1,27.12857142857143,43.0,85.42857142857143,6.040816326530612
2017-03-30,7.142857142857143,26.1,28.8,24.1,21.2,89.0,4.7,10.0,89,3,2017,7655.57222752694,1,26.914285714285715,63.300000000000004,86.28571428571429,6.408163265306122
2017-03-31,7.142857142857143,26.8,30.0,24.2,3.7,86.0,4.1,7.4,90,3,2017,7655.57222752694,1,26.842857142857145,64.0,86.57142857142857,6.775510204081633
2017-04-01,7.142857142857143,26.3,28.9,24.4,11.9,90.0,5.9,11.2,91,4,2017,7655.57222752694,0,26.7,74.2,87.28571428571429,7.142857142857143
2017-04-02,5.285714285714286,26.0,29.0,23.9,14.1,90.0,8.3,12.3,92,4,2017,7655.57222752694,0,26.485714285714288,81.7,87.85714285714286,6.877551020408164
2017-04-03,5.285714285714286,26.5,29.2,24.5,7.1,88.0,7.7,12.2,93,4,2017,7655.57222752694,0,26.342857142857145,86.30000000000001,88.42857142857143,6.612244897959184
2017-04-04,5.285714285714286,27.3,30.0,25.2,6.5,86.0,9.5,14.5,94,4,2017,7655.57222752694,0,26.485714285714288,78.9,88.14285714285714,6.346938775510204
2017-04-05,5.285714285714286,27.7,30.3,25.4,1.9,85.0,9.9,14.6,95,4,2017,7655.57222752694,0,26.671428571428574,66.39999999999999,87.71428571428571,6.081632653061225
2017-04-06,5.285714285714286,27.5,30.0,25.4,13.4,87.0,8.1,14.3,96,4,2017,7655.57222752694,0,26.871428571428574,58.6,87.42857142857143,5.816326530612245
2017-04-07,5.285714285714286,26.7,29.3,24.3,12.4,89.0,7.3,14.1,97,4,2017,7655.57222752694,0,26.857142857142858,67.3,87.85714285714286,5.551020408163265
2017-04-08,5.285714285714286,26.6,28.5,24.5,11.9,90.0,5.4,10.4,98,4,2017,7655.57222752694,0,26.9,67.3,87.85714285714286,5.285714285714286
2017-04-09,4.571428571428571,27.0,30.9,24.5,17.6,88.0,3.8,9.0,99,4,2017,7655.57222752694,0,27.04285714285714,70.8,87.57142857142857,5.183673469387755
2017-04-10,4.571428571428571,27.1,29.6,25.0,3.4,88.0,4.9,9.5,100,4,2017,7655.57222752694,0,27.128571428571426,67.10000000000001,87.57142857142857,5.081632653061225
2017-04-11,4.571428571428571,27.6,30.4,25.5,14.3,86.0,5.0,9.8,101,4,2017,7655.57222752694,0,27.171428571428574,74.9,87.57142857142857,4.979591836734693
2017-04-12,4.571428571428571,27.4,30.1,25.5,12.4,86.0,4.9,8.4,102,4,2017,7655.57222752694,0,27.128571428571426,85.4,87.71428571428571,4.877551020408163
2017-04-13,4.571428571428571,26.8,29.2,25.5,15.3,89.0,6.0,10.7,103,4,2017,7655.57222752694,0,27.02857142857143,87.3,88.0,4.775510204081633
2017-04-14,4.571428571428571,27.4,30.6,24.9,4.6,84.0,6.7,13.6,104,4,2017,7655.57222752694,0,27.12857142857143,79.5,87.28571428571429,4.673469387755101
2017-04-15,4.571428571428571,26.8,29.8,25.0,17.1,88.0,4.7,12.0,105,4,2017,7655.57222752694,0,27.157142857142862,84.7,87.0,4.571428571428571
2017-04-16,7.285714285714286,27.4,30.8,25.0,5.8,85.0,4.8,9.7,106,4,2017,7655.57222752694,0,27.214285714285715,72.9,86.57142857142857,4.959183673469388
2017-04-17,7.285714285714286,27.6,30.4,25.6,7.1,88.0,5.9,10.4,107,4,2017,7655.57222752694,0,27.285714285714285,76.60000000000001,86.57142857142857,5.346938775510204
2017-04-18,7.285714285714286,27.0,29.5,25.0,37.0,88.0,4.5,8.0,108,4,2017,7655.57222752694,0,27.199999999999996,99.30000000000001,86.85714285714286,5.734693877551021
2017-04-19,7.285714285714286,27.0,31.0,23.6,4.0,86.0,3.7,6.6,109,4,2017,7655.57222752694,0,27.142857142857142,90.9,86.85714285714286,6.122448979591836
2017-04-20,7.285714285714286,26.9,30.2,24.8,14.3,88.0,5.3,9.7,110,4,2017,7655.57222752694,0,27.157142857142855,89.9,86.71428571428571,6.5102040816326525
2017-04-21,7.285714285714286,27.1,30.0,24.5,13.7,87.0,7.0,10.8,111,4,2017,7655.57222752694,0,27.114285714285717,99.0,87.14285714285714,6.8979591836734695
2017-04-22,7.285714285714286,27.2,28.6,24.6,18.4,89.0,5.9,11.6,112,4,2017,7655.57222752694,0,27.17142857142857,100.3,87.28571428571429,7.285714285714286
2017-04-23,5.285714285714286,27.8,30.3,25.6,6.3,87.0,6.4,9.6,113,4,2017,7655.57222752694,0,27.22857142857143,100.8,87.57142857142857,7.0
2017-04-24,5.285714285714286,27.1,28.9,25.4,13.6,88.0,5.0,10.0,114,4,2017,7655.57222752694,0,27.157142857142855,107.29999999999998,87.57142857142857,6.7142857142857135
2017-04-25,5.285714285714286,26.5,29.8,24.5,20.4,89.0,4.4,11.7,115,4,2017,7655.57222752694,0,27.08571428571429,90.69999999999999,87.71428571428571,6.428571428571429
2017-04-26,5.285714285714286,26.1,29.0,24.3,11.1,91.0,6.1,10.6,116,4,2017,7655.57222752694,0,26.95714285714286,97.79999999999998,88.42857142857143,6.142857142857143
2017-04-27,5.285714285714286,27.0,29.9,25.0,8.0,88.0,7.3,12.3,117,4,2017,7655.57222752694,0,26.97142857142857,91.49999999999999,88.42857142857143,5.857142857142857
2017-04-28,5.285714285714286,26.3,28.1,25.0,11.7,89.0,6.5,11.6,118,4,2017,7655.57222752694,0,26.857142857142858,89.49999999999999,88.71428571428571,5.571428571428571
2017-04-29,5.285714285714286,26.9,30.3,24.1,12.9,88.0,4.5,9.7,119,4,2017,7655.57222752694,0,26.814285714285713,84.0,88.57142857142857,5.285714285714286
2017-04-30,6.0,27.1,29.5,24.5,4.2,87.0,6.4,10.7,120,4,2017,7655.57222752694,0,26.714285714285715,81.9,88.57142857142857,5.387755102040816
2017-05-01,6.0,27.3,29.5,25.5,8.9,88.0,5.4,11.5,121,5,2017,7655.57222752694,0,26.74285714285714,77.2,88.57142857142857,5.4897959183673475
2017-05-02,6.0,27.3,29.6,25.1,13.2,88.0,6.6,12.2,122,5,2017,7655.57222752694,0,26.857142857142858,70.0,88.42857142857143,5.591836734693877
2017-05-03,6.0,27.7,29.8,26.2,5.4,86.0,5.3,8.4,123,5,2017,7655.57222752694,0,27.085714285714285,64.3,87.71428571428571,5.693877551020408
2017-05-04,6.0,27.3,29.1,25.0,16.0,89.0,5.7,7.9,124,5,2017,7655.57222752694,0,27.12857142857143,72.3,87.85714285714286,5.795918367346938
2017-05-05,6.0,27.8,30.8,25.4,11.0,86.0,5.9,10.8,125,5,2017,7655.57222752694,0,27.342857142857138,71.6,87.42857142857143,5.8979591836734695
2017-05-06,6.0,27.2,29.1,25.8,10.9,87.0,5.7,11.8,126,5,2017,7655.57222752694,0,27.38571428571429,69.6,87.28571428571429,6.0
2017-05-07,6.857142857142857,27.2,29.1,24.5,6.6,86.0,5.7,10.9,127,5,2017,7655.57222752694,0,27.4,72.0,87.14285714285714,6.122448979591836
2017-05-08,6.857142857142857,26.7,28.9,24.4,10.9,88.0,6.8,12.9,128,5,2017,7655.57222752694,0,27.314285714285717,74.0,87.14285714285714,6.244897959183674
2017-05-09,6.857142857142857,27.3,29.5,25.1,7.3,86.0,8.3,15.2,129,5,2017,7655.57222752694,0,27.314285714285713,68.1,86.85714285714286,6.36734693877551
2017-05-10,6.857142857142857,26.6,27.8,25.5,12.3,90.0,4.7,10.4,130,5,2017,7655.57222752694,0,27.157142857142862,75.0,87.42857142857143,6.4897959183673475
2017-05-11,6.857142857142857,27.0,29.4,24.5,9.7,88.0,7.5,12.5,131,5,2017,7655.57222752694,0,27.114285714285717,68.7,87.28571428571429,6.612244897959184
2017-05-12,6.857142857142857,27.3,29.5,25.6,8.5,87.0,6.2,10.5,132,5,2017,7655.57222752694,0,27.04285714285714,66.2,87.42857142857143,6.7346938775510194
2017-05-13,6.857142857142857,27.4,29.4,25.7,9.0,88.0,6.5,11.2,133,5,2017,7655.57222752694,0,27.071428571428573,64.3,87.57142857142857,6.857142857142857
2017-05-14,7.142857142857143,27.9,30.5,26.0,7.4,87.0,8.5,13.9,134,5,2017,7655.57222752694,0,27.171428571428574,65.1,87.71428571428571,6.8979591836734695
2017-05-15,7.142857142857143,27.7,29.4,26.4,7.3,87.0,10.3,13.8,135,5,2017,7655.57222752694,0,27.314285714285713,61.5,87.57142857142857,6.938775510204081
2017-05-16,7.142857142857143,27.9,29.8,26.6,12.3,87.0,11.1,17.3,136,5,2017,7655.57222752694,0,27.400000000000002,66.5,87.71428571428571,6.979591836734694
2017-05-17,7.142857142857143,28.5,30.7,26.5,4.2,85.0,10.8,17.4,137,5,2017,7655.57222752694,0,27.67142857142857,58.4,87.0,7.020408163265306
2017-05-18,7.142857142857143,27.8,29.1,26.3,10.2,87.0,10.0,14.5,138,5,2017,7655.57222752694,0,27.78571428571428,58.900000000000006,86.85714285714286,7.061224489795919
2017-05-19,7.142857142857143,27.7,30.0,25.5,2.3,85.0,9.3,16.0,139,5,2017,7655.57222752694,0,27.842857142857145,52.7,86.57142857142857,7.1020408163265305
2017-05-20,7.142857142857143,27.8,29.2,26.1,10.6,86.0,7.5,11.5,140,5,2017,7655.57222752694,0,27.9,54.3,86.28571428571429,7.142857142857143
2017-05-21,7.142857142857143,27.4,29.5,26.5,27.0,88.0,10.3,15.5,141,5,2017,7655.57222752694,0,27.828571428571426,73.89999999999999,86.42857142857143,7.142857142857143
2017-05-22,7.142857142857143,28.0,29.9,26.7,3.1,86.0,9.3,14.1,142,5,2017,7655.57222752694,0,27.87142857142857,69.7,86.28571428571429,7.142857142857143
2017-05-23,7.142857142857143,28.3,30.4,26.9,0.3,84.0,11.4,19.4,143,5,2017,7655.57222752694,0,27.928571428571427,57.7,85.85714285714286,7.142857142857143
2017-05-24,7.142857142857143,27.4,29.0,25.5,17.9,88.0,7.6,9.8,144,5,2017,7655.57222752694,0,27.77142857142857,71.39999999999999,86.28571428571429,7.142857142857143
2017-05-25,7.142857142857143,27.9,30.4,25.0,13.4,86.0,8.8,14.7,145,5,2017,7655.57222752694,0,27.785714285714285,74.6,86.14285714285714,7.142857142857143
2017-05-26,7.142857142857143,27.6,28.8,26.1,10.8,87.0,8.6,14.8,146,5,2017,7655.57222752694,0,27.77142857142857,83.1,86.42857142857143,7.142857142857143
2017-05-27,7.142857142857143,27.7,29.5,26.2,14.9,89.0,5.9,10.5,147,5,2017,7655.57222752694,0,27.75714285714286,87.4,86.85714285714286,7.142857142857143
2017-05-28,9.428571428571429,27.9,30.2,25.8,9.6,86.0,8.2,12.6,148,5,2017,7655.57222752694,0,27.82857142857143,70.0,86.57142857142857,7.469387755102041
2017-05-29,9.428571428571429,28.1,30.3,26.6,9.3,87.0,9.2,14.5,149,5,2017,7655.57222752694,0,27.842857142857145,76.19999999999999,86.71428571428571,7.79591836734694
2017-05-30,9.428571428571429,27.6,30.1,25.5,2.4,86.0,7.0,12.2,150,5,2017,7655.57222752694,0,27.74285714285714,78.3,87.0,8.122448979591837
2017-05-31,9.428571428571429,27.2,30.5,25.0,40.2,88.0,5.4,10.8,151,5,2017,7655.57222752694,0,27.714285714285715,100.60000000000001,87.0,8.448979591836736
2017-06-01,9.428571428571429,26.5,28.5,25.5,5.3,87.0,8.0,12.7,152,6,2017,7655.57222752694,0,27.514285714285716,92.5,87.14285714285714,8.775510204081632
2017-06-02,9.428571428571429,27.7,29.5,26.5,0.5,83.0,9.3,12.2,153,6,2017,7655.57222752694,0,27.52857142857143,82.2,86.57142857142857,9.10204081632653
2017-06-03,9.428571428571429,28.2,30.9,25.9,0.0,82.0,8.9,13.8,154,6,2017,7655.57222752694,0,27.599999999999998,67.3,85.57142857142857,9.428571428571429
2017-06-04,8.857142857142858,28.6,30.9,27.0,0.5,83.0,11.3,16.9,155,6,2017,7655.57222752694,0,27.699999999999996,58.2,85.14285714285714,9.346938775510205
2017-06-05,8.857142857142858,28.3,30.4,26.5,0.6,86.0,9.1,16.7,156,6,2017,7655.57222752694,0,27.728571428571428,49.5,85.0,9.26530612244898
2017-06-06,8.857142857142858,28.3,30.4,26.9,0.6,85.0,10.1,14.6,157,6,2017,7655.57222752694,0,27.82857142857143,47.7,84.85714285714286,9.183673469387754
2017-06-07,8.857142857142858,28.2,30.8,26.1,0.5,84.0,8.7,13.7,158,6,2017,7655.57222752694,0,27.97142857142857,8.0,84.28571428571429,9.102040816326532
2017-06-08,8.857142857142858,27.8,30.4,25.5,2.2,86.0,7.2,10.1,159,6,2017,7655.57222752694,0,28.157142857142862,4.9,84.14285714285714,9.020408163265307
2017-06-09,8.857142857142858,28.2,30.4,26.3,1.8,85.0,8.0,11.3,160,6,2017,7655.57222752694,0,28.228571428571428,6.2,84.42857142857143,8.938775510204081
2017-06-10,8.857142857142858,27.7,30.0,25.6,7.1,86.0,8.3,12.8,161,6,2017,7655.57222752694,0,28.157142857142862,13.3,85.0,8.857142857142858
2017-06-11,11.428571428571429,27.3,29.6,25.2,4.4,87.0,6.5,13.0,162,6,2017,7655.57222752694,0,27.971428571428568,17.2,85.57142857142857,9.224489795918368
2017-06-12,11.428571428571429,27.8,29.7,25.5,10.5,84.0,6.7,9.5,163,6,2017,7655.57222752694,0,27.900000000000002,27.099999999999998,85.28571428571429,9.591836734693876
2017-06-13,11.428571428571429,27.7,30.2,25.7,3.9,85.0,8.4,16.0,164,6,2017,7655.57222752694,0,27.814285714285713,30.4,85.28571428571429,9.959183673469388
2017-06-14,11.428571428571429,27.0,29.0,25.5,8.9,85.0,8.0,13.8,165,6,2017,7655.57222752694,0,27.642857142857142,38.8,85.42857142857143,10.326530612244897
2017-06-15,11.428571428571429,27.9,30.5,26.0,1.8,83.0,6.4,9.2,166,6,2017,7655.57222752694,0,27.657142857142855,38.4,85.0,10.693877551020408
2017-06-16,11.428571428571429,27.6,30.5,24.9,2.0,86.0,5.2,10.1,167,6,2017,7655.57222752694,0,27.571428571428573,38.6,85.14285714285714,11.061224489795919
2017-06-17,11.428571428571429,27.3,29.5,25.4,5.7,87.0,6.2,13.0,168,6,2017,7655.57222752694,0,27.514285714285716,37.2,85.28571428571429,11.428571428571429
2017-06-18,10.428571428571429,26.4,28.0,24.9,17.3,89.0,8.4,14.4,169,6,2017,7655.57222752694,0,27.385714285714283,50.1,85.57142857142857,11.285714285714286
2017-06-19,10.428571428571429,26.9,29.6,24.9,6.8,87.0,6.9,14.8,170,6,2017,7655.57222752694,0,27.257142857142856,46.4,86.0,11.142857142857142
2017-06-20,10.428571428571429,27.4,30.0,25.2,1.7,85.0,5.8,9.9,171,6,2017,7655.57222752694,0,27.214285714285715,44.2,86.0,11.0
2017-06-21,10.428571428571429,27.4,29.5,26.1,6.6,85.0,8.2,14.4,172,6,2017,7655.57222752694,0,27.271428571428572,41.9,86.0,10.857142857142858
2017-06-22,10.428571428571429,27.3,29.5,25.4,7.2,87.0,8.0,16.3,173,6,2017,7655.57222752694,0,27.185714285714283,47.3,86.57142857142857,10.714285714285714
2017-06-23,10.428571428571429,26.2,27.9,24.1,24.9,89.0,7.5,11.5,174,6,2017,7655.57222752694,0,26.985714285714288,70.2,87.0,10.571428571428571
2017-06-24,10.428571428571429,27.5,30.1,24.7,2.6,83.0,7.3,13.4,175,6,2017,7655.57222752694,0,27.014285714285712,67.1,86.42857142857143,10.428571428571429
2017-06-25,10.714285714285714,26.7,28.8,25.0,6.4,87.0,6.3,9.9,176,6,2017,7655.57222752694,0,27.057142857142853,56.2,86.14285714285714,10.469387755102042
2017-06-26,10.714285714285714,26.7,29.9,23.9,16.4,87.0,4.8,10.4,177,6,2017,7655.57222752694,0,27.02857142857143,65.8,86.14285714285714,10.510204081632653
2017-06-27,10.714285714285714,26.9,29.6,24.0,12.4,86.0,6.6,11.5,178,6,2017,7655.57222752694,0,26.957142857142856,76.5,86.28571428571429,10.551020408163264
2017-06-28,10.714285714285714,27.4,30.0,25.0,2.5,85.0,6.1,8.4,179,6,2017,7655.57222752694,0,26.957142857142856,72.4,86.28571428571429,10.591836734693876
2017-06-29,10.714285714285714,26.8,28.8,24.7,7.6,86.0,7.3,11.7,180,6,2017,7655.57222752694,0,26.88571428571429,72.8,86.14285714285714,10.63265306122449
2017-06-30,10.714285714285714,27.2,29.4,25.0,0.1,85.0,8.2,15.9,181,6,2017,7655.57222752694,0,27.02857142857143,47.99999999999999,85.57142857142857,10.673469387755102
2017-07-01,10.714285714285714,27.6,30.1,26.0,11.4,85.0,9.5,16.1,182,7,2017,7655.57222752694,0,27.04285714285714,56.8,85.85714285714286,10.714285714285714
2017-07-02,9.0,27.5,30.0,25.4,5.5,85.0,8.9,17.9,183,7,2017,7655.57222752694,0,27.157142857142855,55.89999999999999,85.57142857142857,10.469387755102039
2017-07-03,9.0,26.4,28.8,24.6,9.1,87.0,7.6,16.5,184,7,2017,7655.57222752694,0,27.11428571428571,48.6,85.57142857142857,10.224489795918368
2017-07-04,9.0,27.2,29.3,25.0,8.1,85.0,9.3,14.5,185,7,2017,7655.57222752694,0,27.157142857142855,44.3,85.42857142857143,9.979591836734693
2017-07-05,9.0,26.3,27.6,24.8,21.8,90.0,8.3,13.1,186,7,2017,7655.57222752694,0,27.0,63.599999999999994,86.14285714285714,9.73469387755102
2017-07-06,9.0,27.0,29.0,25.5,5.1,85.0,10.8,16.6,187,7,2017,7655.57222752694,0,27.02857142857143,61.1,86.0,9.489795918367347
2017-07-07,9.0,26.9,29.0,25.0,2.1,84.0,10.1,18.3,188,7,2017,7655.57222752694,0,26.985714285714288,63.1,85.85714285714286,9.244897959183673
2017-07-08,9.0,27.1,29.0,25.8,9.2,83.0,9.5,14.7,189,7,2017,7655.57222752694,0,26.914285714285715,60.900000000000006,85.57142857142857,9.0
2017-07-09,7.571428571428571,26.5,28.0,24.1,21.9,87.0,7.7,12.6,190,7,2017,7655.57222752694,0,26.771428571428572,77.3,85.85714285714286,8.795918367346939
2017-07-10,7.571428571428571,27.2,29.5,25.0,1.2,85.0,6.8,12.7,191,7,2017,7655.57222752694,0,26.885714285714283,69.39999999999999,85.57142857142857,8.591836734693876
2017-07-11,7.571428571428571,26.3,27.8,25.0,14.4,88.0,8.1,13.0,192,7,2017,7655.57222752694,0,26.75714285714286,75.7,86.0,8.387755102040815
2017-07-12,7.571428571428571,26.1,27.9,24.1,11.1,89.0,9.8,16.1,193,7,2017,7655.57222752694,0,26.728571428571428,65.0,85.85714285714286,8.183673469387754
2017-07-13,7.571428571428571,26.6,28.1,25.5,2.2,85.0,11.3,18.1,194,7,2017,7655.57222752694,0,26.67142857142857,62.1,85.85714285714286,7.979591836734693
2017-07-14,7.571428571428571,26.2,27.9,24.9,5.5,88.0,8.1,12.0,195,7,2017,7655.57222752694,0,26.571428571428573,65.5,86.42857142857143,7.775510204081632
2017-07-15,7.571428571428571,26.8,28.8,24.9,0.1,81.0,11.1,14.6,196,7,2017,7655.57222752694,0,26.52857142857143,56.39999999999999,86.14285714285714,7.571428571428571
2017-07-16,7.285714285714286,27.1,28.6,25.8,4.6,80.0,16.5,22.3,197,7,2017,7655.57222752694,0,26.614285714285717,39.1,85.14285714285714,7.530612244897959
2017-07-17,7.285714285714286,27.5,29.5,26.0,1.3,80.0,14.1,19.8,198,7,2017,7655.57222752694,0,26.657142857142862,39.2,84.42857142857143,7.4897959183673475
2017-07-18,7.285714285714286,27.3,29.3,25.7,2.6,84.0,12.9,21.8,199,7,2017,7655.57222752694,0,26.8,27.400000000000002,83.85714285714286,7.448979591836735
2017-07-19,7.285714285714286,27.5,29.9,25.9,0.2,82.0,9.9,13.1,200,7,2017,7655.57222752694,0,27.0,16.5,82.85714285714286,7.408163265306122
2017-07-20,7.285714285714286,27.2,29.5,25.0,1.0,85.0,9.8,15.3,201,7,2017,7655.57222752694,0,27.085714285714285,15.3,82.85714285714286,7.36734693877551
2017-07-21,7.285714285714286,27.7,30.1,25.5,0.8,84.0,10.5,15.9,202,7,2017,7655.57222752694,0,27.3,10.600000000000001,82.28571428571429,7.326530612244897
2017-07-22,7.285714285714286,27.9,30.4,26.1,0.3,84.0,12.0,17.2,203,7,2017,7655.57222752694,0,27.45714285714286,10.799999999999999,82.71428571428571,7.285714285714286
2017-07-23,9.571428571428571,27.8,29.9,25.6,0.3,84.0,11.1,16.4,204,7,2017,7655.57222752694,0,27.557142857142853,6.5,83.28571428571429,7.612244897959182
2017-07-24,9.571428571428571,28.0,30.0,26.6,2.5,82.0,13.2,20.7,205,7,2017,7655.57222752694,0,27.628571428571426,7.700000000000001,83.57142857142857,7.938775510204081
2017-07-25,9.571428571428571,27.8,30.2,25.5,0.9,82.0,12.5,20.3,206,7,2017,7655.57222752694,0,27.7,6.0,83.28571428571429,8.26530612244898
2017-07-26,9.571428571428571,27.1,28.5,26.0,6.1,85.0,13.9,19.6,207,7,2017,7655.57222752694,0,27.642857142857142,11.899999999999999,83.71428571428571,8.591836734693876
2017-07-27,9.571428571428571,27.8,29.5,26.5,1.1,80.0,14.2,21.8,208,7,2017,7655.57222752694,0,27.728571428571428,12.0,83.0,8.918367346938776
2017-07-28,9.571428571428571,27.9,30.2,26.0,0.8,81.0,10.5,15.5,209,7,2017,7655.57222752694,0,27.75714285714286,11.999999999999998,82.57142857142857,9.244897959183673
2017-07-29,9.571428571428571,27.9,30.1,25.6,0.6,84.0,12.3,19.5,210,7,2017,7655.57222752694,0,27.75714285714286,12.3,82.57142857142857,9.571428571428571
2017-07-30,8.571428571428571,27.5,29.5,26.5,5.9,86.0,10.4,15.9,211,7,2017,7655.57222752694,0,27.714285714285715,17.9,82.85714285714286,9.428571428571429
2017-07-31,8.571428571428571,27.7,29.5,26.0,5.5,85.0,11.2,19.1,212,7,2017,7655.57222752694,0,27.67142857142857,20.9,83.28571428571429,9.285714285714286
2017-08-01,8.571428571428571,27.4,29.4,25.9,4.7,86.0,10.5,15.2,213,8,2017,7655.57222752694,0,27.614285714285717,24.700000000000003,83.85714285714286,9.142857142857142
2017-08-02,8.571428571428571,27.0,29.0,25.0,6.6,83.0,11.9,19.1,214,8,2017,7655.57222752694,0,27.6,25.2,83.57142857142857,9.0
2017-08-03,8.571428571428571,27.6,29.5,26.0,0.9,78.0,14.5,22.0,215,8,2017,7655.57222752694,0,27.571428571428573,25.0,83.28571428571429,8.857142857142858
2017-08-04,8.571428571428571,27.7,30.0,25.6,5.3,79.0,13.5,18.8,216,8,2017,7655.57222752694,0,27.54285714285714,29.5,83.0,8.714285714285714
2017-08-05,8.571428571428571,27.8,29.5,26.3,4.3,82.0,13.3,18.9,217,8,2017,7655.57222752694,0,27.52857142857143,33.2,82.71428571428571,8.571428571428571
2017-08-06,8.0,27.2,29.6,25.8,10.2,85.0,10.8,17.1,218,8,2017,7655.57222752694,0,27.485714285714284,37.5,82.57142857142857,8.489795918367347
2017-08-07,8.0,26.9,28.8,25.0,11.5,87.0,9.5,15.3,219,8,2017,7655.57222752694,0,27.37142857142857,43.5,82.85714285714286,8.408163265306124
2017-08-08,8.0,26.5,28.8,24.6,20.0,89.0,8.1,13.4,220,8,2017,7655.57222752694,0,27.24285714285714,58.8,83.28571428571429,8.326530612244898
2017-08-09,8.0,26.0,28.0,24.6,3.9,88.0,8.0,13.3,221,8,2017,7655.57222752694,0,27.099999999999998,56.1,84.0,8.244897959183673
2017-08-10,8.0,26.7,29.1,24.0,4.1,87.0,6.7,13.1,222,8,2017,7655.57222752694,0,26.971428571428568,59.3,85.28571428571429,8.16326530612245
2017-08-11,8.0,26.1,28.4,24.5,19.4,89.0,5.4,11.1,223,8,2017,7655.57222752694,0,26.742857142857144,73.4,86.71428571428571,8.081632653061224
2017-08-12,8.0,26.0,28.1,24.4,9.3,88.0,5.5,9.8,224,8,2017,7655.57222752694,0,26.485714285714288,78.4,87.57142857142857,8.0
2017-08-13,7.571428571428571,25.8,27.9,24.1,16.0,89.0,7.2,11.8,225,8,2017,7655.57222752694,0,26.285714285714285,84.2,88.14285714285714,7.938775510204081
2017-08-14,7.571428571428571,26.6,28.9,24.2,4.0,85.0,9.8,17.0,226,8,2017,7655.57222752694,0,26.24285714285714,76.7,87.85714285714286,7.877551020408163
2017-08-15,7.571428571428571,25.9,27.8,24.2,15.8,90.0,7.2,14.2,227,8,2017,7655.57222752694,0,26.157142857142855,72.5,88.0,7.816326530612244
2017-08-16,7.571428571428571,26.1,27.8,24.4,1.3,88.0,5.6,9.8,228,8,2017,7655.57222752694,0,26.17142857142857,69.89999999999999,88.0,7.755102040816326
2017-08-17,7.571428571428571,26.0,28.5,24.5,19.3,88.0,7.0,13.1,229,8,2017,7655.57222752694,0,26.071428571428573,85.1,88.14285714285714,7.693877551020408
2017-08-18,7.571428571428571,26.9,29.3,24.6,4.2,85.0,7.3,13.4,230,8,2017,7655.57222752694,0,26.185714285714283,69.89999999999999,87.57142857142857,7.632653061224489
2017-08-19,7.571428571428571,27.2,29.9,24.5,3.8,84.0,10.3,16.9,231,8,2017,7655.57222752694,0,26.357142857142858,64.4,87.0,7.571428571428571
2017-08-20,7.428571428571429,27.2,29.5,25.1,6.6,86.0,9.1,17.0,232,8,2017,7655.57222752694,0,26.557142857142857,55.0,86.57142857142857,7.551020408163265
2017-08-21,7.428571428571429,26.7,29.1,24.9,9.4,88.0,8.5,13.2,233,8,2017,7655.57222752694,0,26.571428571428573,60.4,87.0,7.530612244897959
2017-08-22,7.428571428571429,26.3,28.5,24.1,12.8,85.0,11.9,21.5,234,8,2017,7655.57222752694,0,26.62857142857143,57.400000000000006,86.28571428571429,7.5102040816326525
2017-08-23,7.428571428571429,27.4,29.7,25.8,4.0,82.0,11.2,20.5,235,8,2017,7655.57222752694,0,26.814285714285717,60.10000000000001,85.42857142857143,7.4897959183673475
2017-08-24,7.428571428571429,27.3,29.4,24.7,0.6,86.0,10.5,16.9,236,8,2017,7655.57222752694,0,26.999999999999996,41.4,85.14285714285714,7.469387755102041
2017-08-25,7.428571428571429,26.8,29.0,24.5,6.7,86.0,10.9,16.0,237,8,2017,7655.57222752694,0,26.985714285714288,43.9,85.28571428571429,7.448979591836735
2017-08-26,7.428571428571429,27.0,28.9,26.0,11.7,86.0,9.9,17.4,238,8,2017,7655.57222752694,0,26.957142857142856,51.8,85.57142857142857,7.428571428571429
2017-08-27,4.714285714285714,26.8,29.4,24.8,6.1,85.0,10.6,17.9,239,8,2017,7655.57222752694,0,26.900000000000002,51.3,85.42857142857143,7.040816326530613
2017-08-28,4.714285714285714,26.9,28.7,25.1,8.8,86.0,7.6,12.0,240,8,2017,7655.57222752694,0,26.928571428571427,50.7,85.14285714285714,6.653061224489796
2017-08-29,4.714285714285714,26.2,28.3,24.2,17.8,89.0,6.8,11.6,241,8,2017,7655.57222752694,0,26.914285714285715,55.7,85.71428571428571,6.265306122448979
2017-08-30,4.714285714285714,27.0,29.1,24.6,1.3,85.0,8.3,14.1,242,8,2017,7655.57222752694,0,26.857142857142858,53.0,86.14285714285714,5.877551020408164
2017-08-31,4.714285714285714,27.0,29.6,24.5,1.9,87.0,7.7,15.3,243,8,2017,7655.57222752694,0,26.814285714285717,54.300000000000004,86.28571428571429,5.4897959183673475
2017-09-01,4.714285714285714,26.8,29.0,25.0,10.9,88.0,7.8,14.2,244,9,2017,7655.57222752694,0,26.814285714285713,58.5,86.57142857142857,5.1020408163265305
2017-09-02,4.714285714285714,27.2,30.0,24.8,0.8,84.0,8.6,13.2,245,9,2017,7655.57222752694,0,26.842857142857145,47.599999999999994,86.28571428571429,4.714285714285714
2017-09-03,5.714285714285714,27.4,29.6,26.0,3.2,84.0,9.0,15.4,246,9,2017,7655.57222752694,0,26.928571428571427,44.7,86.14285714285714,4.857142857142857
2017-09-04,5.714285714285714,26.9,29.0,24.9,1.4,86.0,8.5,14.6,247,9,2017,7655.57222752694,0,26.928571428571427,37.3,86.14285714285714,5.0
2017-09-05,5.714285714285714,26.8,28.7,24.8,19.9,87.0,8.0,14.5,248,9,2017,7655.57222752694,0,27.014285714285712,39.4,85.85714285714286,5.142857142857143
2017-09-06,5.714285714285714,26.4,28.4,24.8,7.5,89.0,7.6,13.4,249,9,2017,7655.57222752694,0,26.928571428571427,45.6,86.42857142857143,5.285714285714286
2017-09-07,5.714285714285714,26.7,29.2,24.5,3.9,87.0,7.5,12.2,250,9,2017,7655.57222752694,0,26.885714285714283,47.599999999999994,86.42857142857143,5.428571428571429
2017-09-08,5.714285714285714,26.7,29.3,24.5,7.5,88.0,7.8,12.7,251,9,2017,7655.57222752694,0,26.87142857142857,44.199999999999996,86.42857142857143,5.571428571428572
2017-09-09,5.714285714285714,26.9,29.2,24.7,9.0,87.0,6.1,11.3,252,9,2017,7655.57222752694,0,26.828571428571426,52.4,86.85714285714286,5.714285714285714
2017-09-10,7.571428571428571,27.2,29.1,25.4,4.8,84.0,8.5,15.5,253,9,2017,7655.57222752694,0,26.799999999999994,54.0,86.85714285714286,5.979591836734694
2017-09-11,7.571428571428571,26.1,27.9,24.4,8.6,90.0,6.0,11.2,254,9,2017,7655.57222752694,0,26.685714285714287,61.2,87.42857142857143,6.244897959183674
2017-09-12,7.571428571428571,27.3,30.1,24.5,3.0,85.0,6.4,9.2,255,9,2017,7655.57222752694,0,26.757142857142856,44.3,87.14285714285714,6.5102040816326525
2017-09-13,7.571428571428571,27.7,30.5,24.6,0.8,83.0,6.5,10.0,256,9,2017,7655.57222752694,0,26.942857142857143,37.6,86.28571428571429,6.775510204081633
2017-09-14,7.571428571428571,26.8,28.3,25.4,3.1,87.0,7.0,13.0,257,9,2017,7655.57222752694,0,26.957142857142856,36.800000000000004,86.28571428571429,7.040816326530612
2017-09-15,7.571428571428571,26.8,28.8,24.8,15.4,88.0,8.6,16.7,258,9,2017,7655.57222752694,0,26.97142857142857,44.7,86.28571428571429,7.3061224489795915
2017-09-16,7.571428571428571,26.7,29.4,24.1,12.7,86.0,8.5,13.0,259,9,2017,7655.57222752694,0,26.942857142857143,48.400000000000006,86.14285714285714,7.571428571428571
2017-09-17,8.428571428571429,27.0,29.4,25.5,20.4,87.0,10.4,18.1,260,9,2017,7655.57222752694,0,26.91428571428571,64.0,86.57142857142857,7.693877551020408
2017-09-18,8.428571428571429,26.7,29.4,24.5,2.4,86.0,6.7,12.6,261,9,2017,7655.57222752694,0,27.0,57.800000000000004,86.0,7.816326530612245
2017-09-19,8.428571428571429,26.1,28.5,24.6,12.5,90.0,4.3,10.4,262,9,2017,7655.57222752694,0,26.82857142857143,67.3,86.71428571428571,7.938775510204081
2017-09-20,8.428571428571429,26.4,28.8,24.9,0.7,85.0,8.5,14.0,263,9,2017,7655.57222752694,0,26.642857142857142,67.2,87.0,8.061224489795919
2017-09-21,8.428571428571429,26.8,29.1,25.1,2.1,82.0,9.9,13.9,264,9,2017,7655.57222752694,0,26.642857142857142,66.2,86.28571428571429,8.183673469387754
2017-09-22,8.428571428571429,27.1,29.5,25.1,1.2,84.0,9.4,15.5,265,9,2017,7655.57222752694,0,26.685714285714287,52.0,85.71428571428571,8.306122448979592
2017-09-23,8.428571428571429,27.2,28.9,24.9,1.9,86.0,8.4,11.8,266,9,2017,7655.57222752694,0,26.75714285714286,41.199999999999996,85.71428571428571,8.428571428571429
2017-09-24,5.571428571428571,27.7,30.4,25.6,0.2,79.0,8.9,14.4,267,9,2017,7655.57222752694,0,26.857142857142858,21.0,84.57142857142857,8.020408163265307
2017-09-25,5.571428571428571,27.3,29.9,25.4,10.7,88.0,6.8,11.1,268,9,2017,7655.57222752694,0,26.942857142857143,29.3,84.85714285714286,7.612244897959184
2017-09-26,5.571428571428571,26.9,29.1,24.9,10.2,89.0,4.5,9.4,269,9,2017,7655.57222752694,0,27.057142857142857,26.999999999999996,84.71428571428571,7.204081632653062
2017-09-27,5.571428571428571,26.7,28.7,24.7,12.3,89.0,4.8,13.6,270,9,2017,7655.57222752694,0,27.099999999999998,38.599999999999994,85.28571428571429,6.795918367346938
2017-09-28,5.571428571428571,27.0,29.1,25.0,11.0,88.0,4.1,8.9,271,9,2017,7655.57222752694,0,27.12857142857143,47.5,86.14285714285714,6.387755102040816
2017-09-29,5.571428571428571,26.7,28.7,24.4,22.4,88.0,5.2,10.7,272,9,2017,7655.57222752694,0,27.071428571428573,68.7,86.71428571428571,5.979591836734693
2017-09-30,5.571428571428571,26.8,29.2,24.5,11.8,86.0,6.4,12.6,273,9,2017,7655.57222752694,0,27.014285714285712,78.6,86.71428571428571,5.571428571428571
2017-10-01,7.428571428571429,26.7,28.8,25.3,14.8,88.0,5.8,10.6,274,10,2017,7655.57222752694,0,26.871428571428574,93.19999999999999,88.0,5.836734693877551
2017-10-02,7.428571428571429,26.7,29.4,24.5,2.9,88.0,6.2,12.5,275,10,2017,7655.57222752694,0,26.785714285714285,85.4,88.0,6.1020408163265305
2017-10-03,7.428571428571429,26.8,29.5,24.5,11.3,86.0,5.8,9.4,276,10,2017,7655.57222752694,0,26.77142857142857,86.5,87.57142857142857,6.36734693877551
2017-10-04,7.428571428571429,26.0,28.2,24.2,11.0,89.0,7.7,14.7,277,10,2017,7655.57222752694,0,26.67142857142857,85.2,87.57142857142857,6.63265306122449
2017-10-05,7.428571428571429,26.2,28.9,24.3,1.2,89.0,6.1,9.6,278,10,2017,7655.57222752694,0,26.557142857142857,75.4,87.71428571428571,6.8979591836734695
2017-10-06,7.428571428571429,26.8,30.2,24.5,8.9,88.0,5.1,7.1,279,10,2017,7655.57222752694,0,26.571428571428573,61.9,87.71428571428571,7.163265306122449
2017-10-07,7.428571428571429,26.8,29.9,24.7,4.2,89.0,5.5,8.9,280,10,2017,7655.57222752694,0,26.571428571428573,54.300000000000004,88.14285714285714,7.428571428571429
2017-10-08,7.857142857142857,26.5,29.2,24.5,8.9,88.0,5.2,10.8,281,10,2017,7655.57222752694,0,26.542857142857144,48.4,88.14285714285714,7.4897959183673475
2017-10-09,7.857142857142857,26.6,28.7,24.8,20.1,88.0,8.8,13.7,282,10,2017,7655.57222752694,0,26.52857142857143,65.6,88.14285714285714,7.551020408163265
2017-10-10,7.857142857142857,26.6,29.0,24.5,9.4,86.0,8.5,13.1,283,10,2017,7655.57222752694,0,26.5,63.7,88.14285714285714,7.612244897959185
2017-10-11,7.857142857142857,27.2,30.1,24.6,14.6,87.0,7.1,11.9,284,10,2017,7655.57222752694,0,26.67142857142857,67.30000000000001,87.85714285714286,7.673469387755103
2017-10-12,7.857142857142857,27.0,29.9,25.5,18.7,89.0,4.5,8.0,285,10,2017,7655.57222752694,0,26.785714285714285,84.8,87.85714285714286,7.7346938775510194
2017-10-13,7.857142857142857,26.1,28.3,24.1,27.7,85.0,5.5,10.9,286,10,2017,7655.57222752694,0,26.685714285714283,103.60000000000001,87.42857142857143,7.795918367346938
2017-10-14,7.857142857142857,27.5,30.1,24.9,0.0,82.0,7.2,12.2,287,10,2017,7655.57222752694,0,26.785714285714285,99.4,86.42857142857143,7.857142857142857
2017-10-15,9.0,27.2,30.3,24.2,5.9,88.0,5.1,12.6,288,10,2017,7655.57222752694,0,26.88571428571429,96.4,86.42857142857143,8.020408163265305
2017-10-16,9.0,27.4,29.5,25.4,0.6,87.0,7.9,13.8,289,10,2017,7655.57222752694,0,27.0,76.9,86.28571428571429,8.183673469387754
2017-10-17,9.0,28.2,30.9,25.8,0.1,84.0,7.8,11.3,290,10,2017,7655.57222752694,0,27.228571428571428,67.6,86.0,8.346938775510203
2017-10-18,9.0,28.0,31.5,25.0,0.9,85.0,5.1,9.8,291,10,2017,7655.57222752694,0,27.342857142857145,53.9,85.71428571428571,8.510204081632653
2017-10-19,9.0,28.1,30.9,24.9,0.7,83.0,5.8,10.3,292,10,2017,7655.57222752694,0,27.5,35.900000000000006,84.85714285714286,8.673469387755102
2017-10-20,9.0,28.4,31.5,25.1,1.1,84.0,5.1,11.2,293,10,2017,7655.57222752694,0,27.82857142857143,9.3,84.71428571428571,8.83673469387755
2017-10-21,9.0,28.0,30.5,25.5,7.3,86.0,4.5,10.5,294,10,2017,7655.57222752694,0,27.900000000000002,16.6,85.28571428571429,9.0
2017-10-22,11.0,26.8,29.4,24.3,10.6,90.0,6.9,11.7,295,10,2017,7655.57222752694,0,27.842857142857138,21.299999999999997,85.57142857142857,9.285714285714286
2017-10-23,11.0,26.7,29.5,24.2,3.6,89.0,7.1,12.6,296,10,2017,7655.57222752694,0,27.742857142857144,24.299999999999997,85.85714285714286,9.571428571428571
2017-10-24,11.0,27.0,29.6,24.6,2.9,89.0,4.9,10.1,297,10,2017,7655.57222752694,0,27.571428571428573,27.1,86.57142857142857,9.857142857142858
2017-10-25,11.0,26.9,30.6,24.1,6.0,88.0,4.9,8.6,298,10,2017,7655.57222752694,0,27.41428571428571,32.199999999999996,87.0,10.142857142857142
2017-10-26,11.0,26.7,28.9,24.1,6.2,88.0,6.4,12.4,299,10,2017,7655.57222752694,0,27.214285714285715,37.699999999999996,87.71428571428571,10.428571428571429
2017-10-27,11.0,26.2,29.4,24.0,6.6,89.0,6.0,10.5,300,10,2017,7655.57222752694,0,26.9,43.199999999999996,88.42857142857143,10.714285714285714
2017-10-28,11.0,27.0,30.5,24.5,2.9,87.0,7.4,11.6,301,10,2017,7655.57222752694,0,26.757142857142856,38.8,88.57142857142857,11.0
2017-10-29,8.857142857142858,26.3,28.8,24.4,11.1,89.0,4.9,8.1,302,10,2017,7655.57222752694,0,26.685714285714287,39.3,88.42857142857143,10.693877551020408
2017-10-30,8.857142857142858,25.7,28.0,23.7,8.5,89.0,5.6,11.3,303,10,2017,7655.57222752694,0,26.54285714285714,44.199999999999996,88.42857142857143,10.387755102040817
2017-10-31,8.857142857142858,25.1,26.6,23.7,12.2,93.0,5.5,9.0,304,10,2017,7655.57222752694,0,26.27142857142857,53.5,89.0,10.081632653061224
2017-11-01,8.857142857142858,26.7,30.0,24.8,10.7,88.0,4.5,8.4,305,11,2017,7655.57222752694,1,26.242857142857144,58.199999999999996,89.0,9.775510204081632
2017-11-02,8.857142857142858,26.9,29.8,24.2,2.6,85.0,6.8,13.8,306,11,2017,7655.57222752694,1,26.271428571428572,54.6,88.57142857142857,9.469387755102042
2017-11-03,8.857142857142858,26.4,28.4,24.7,16.2,90.0,7.4,12.3,307,11,2017,7655.57222752694,1,26.3,64.2,88.71428571428571,9.16326530612245
2017-11-04,8.857142857142858,27.0,29.5,25.4,8.1,86.0,9.0,18.0,308,11,2017,7655.57222752694,1,26.3,69.4,88.57142857142857,8.857142857142858
2017-11-05,6.285714285714286,26.9,30.0,24.9,11.3,86.0,7.7,14.8,309,11,2017,7655.57222752694,1,26.385714285714283,69.6,88.14285714285714,8.489795918367347
2017-11-06,6.285714285714286,26.5,29.4,24.5,19.0,89.0,4.9,7.2,310,11,2017,7655.57222752694,1,26.5,80.1,88.14285714285714,8.122448979591837
2017-11-07,6.285714285714286,26.5,29.9,24.6,13.0,88.0,4.4,8.1,311,11,2017,7655.57222752694,1,26.699999999999996,80.9,87.42857142857143,7.755102040816326
2017-11-08,6.285714285714286,26.4,29.4,24.2,11.6,87.0,6.7,14.1,312,11,2017,7655.57222752694,1,26.657142857142855,81.80000000000001,87.28571428571429,7.387755102040816
2017-11-09,6.285714285714286,26.6,30.0,24.6,10.8,87.0,6.5,15.1,313,11,2017,7655.57222752694,1,26.61428571428571,90.0,87.57142857142857,7.020408163265307
2017-11-10,6.285714285714286,26.2,29.8,24.0,9.0,89.0,4.8,8.7,314,11,2017,7655.57222752694,1,26.58571428571429,82.8,87.42857142857143,6.653061224489796
2017-11-11,6.285714285714286,26.2,28.5,24.4,18.9,91.0,6.0,13.4,315,11,2017,7655.57222752694,1,26.47142857142857,93.6,88.14285714285714,6.285714285714286
2017-11-12,7.142857142857143,26.4,28.2,24.6,9.4,90.0,7.4,12.2,316,11,2017,7655.57222752694,1,26.400000000000002,91.7,88.71428571428571,6.408163265306122
2017-11-13,7.142857142857143,26.8,29.8,24.5,11.1,88.0,5.2,10.3,317,11,2017,7655.57222752694,1,26.442857142857143,83.79999999999998,88.57142857142857,6.530612244897959
2017-11-14,7.142857142857143,25.1,27.3,23.6,26.4,93.0,5.2,11.8,318,11,2017,7655.57222752694,1,26.24285714285714,97.19999999999999,89.28571428571429,6.653061224489796
2017-11-15,7.142857142857143,26.4,29.7,23.8,11.2,88.0,5.2,8.0,319,11,2017,7655.57222752694,1,26.24285714285714,96.8,89.42857142857143,6.775510204081633
2017-11-16,7.142857142857143,26.9,30.3,24.4,6.5,87.0,4.9,8.3,320,11,2017,7655.57222752694,1,26.285714285714285,92.5,89.42857142857143,6.89795918367347
2017-11-17,7.142857142857143,26.6,29.4,24.4,6.0,88.0,4.9,8.9,321,11,2017,7655.57222752694,1,26.342857142857145,89.5,89.28571428571429,7.020408163265307
2017-11-18,7.142857142857143,26.7,31.0,23.6,9.9,86.0,4.2,11.2,322,11,2017,7655.57222752694,1,26.414285714285715,80.49999999999999,88.57142857142857,7.142857142857143
2017-11-19,3.4285714285714284,26.8,28.9,24.4,0.8,87.0,6.0,11.7,323,11,2017,7655.57222752694,1,26.471428571428568,71.9,88.14285714285714,6.612244897959184
2017-11-20,3.4285714285714284,26.7,30.0,24.7,6.1,89.0,7.0,11.7,324,11,2017,7655.57222752694,1,26.45714285714286,66.89999999999999,88.28571428571429,6.081632653061225
2017-11-21,3.4285714285714284,26.1,28.1,24.1,12.2,90.0,5.4,10.4,325,11,2017,7655.57222752694,1,26.6,52.7,87.85714285714286,5.551020408163266
2017-11-22,3.4285714285714284,26.9,30.5,23.8,3.4,84.0,4.9,7.1,326,11,2017,7655.57222752694,1,26.671428571428574,44.9,87.28571428571429,5.020408163265306
2017-11-23,3.4285714285714284,26.0,28.5,24.2,19.8,89.0,6.4,10.8,327,11,2017,7655.57222752694,1,26.542857142857144,58.2,87.57142857142857,4.489795918367347
2017-11-24,3.4285714285714284,25.5,28.0,24.2,9.8,91.0,8.3,12.6,328,11,2017,7655.57222752694,1,26.38571428571429,62.0,88.0,3.9591836734693877
2017-11-25,3.4285714285714284,26.6,30.2,24.1,9.1,87.0,7.3,11.2,329,11,2017,7655.57222752694,1,26.37142857142857,61.199999999999996,88.14285714285714,3.4285714285714284
2017-11-26,5.428571428571429,25.3,28.4,23.9,19.4,93.0,7.2,11.5,330,11,2017,7655.57222752694,1,26.157142857142862,79.8,89.0,3.7142857142857144
2017-11-27,5.428571428571429,24.9,26.2,23.4,8.4,94.0,8.5,14.3,331,11,2017,7655.57222752694,1,25.9,82.10000000000001,89.71428571428571,4.0
2017-11-28,5.428571428571429,25.8,29.0,23.8,4.6,89.0,10.6,15.3,332,11,2017,7655.57222752694,1,25.857142857142858,74.5,89.57142857142857,4.285714285714286
2017-11-29,5.428571428571429,25.7,27.8,24.5,18.0,91.0,10.5,16.6,333,11,2017,7655.57222752694,1,25.685714285714283,89.1,90.57142857142857,4.571428571428571
2017-11-30,5.428571428571429,26.6,29.4,24.6,1.1,86.0,14.4,21.2,334,11,2017,7655.57222752694,1,25.77142857142857,70.39999999999999,90.14285714285714,4.857142857142857
2017-12-01,5.428571428571429,26.5,30.6,24.0,1.5,88.0,7.8,16.2,335,12,2017,7655.57222752694,1,25.91428571428571,62.1,89.71428571428571,5.142857142857143
2017-12-02,5.428571428571429,27.1,31.2,24.0,0.8,87.0,8.0,10.8,336,12,2017,7655.57222752694,1,25.985714285714288,53.8,89.71428571428571,5.428571428571429
2017-12-03,4.857142857142857,27.1,30.5,24.7,7.6,88.0,5.6,8.3,337,12,2017,7655.57222752694,1,26.242857142857144,42.0,89.0,5.346938775510204
2017-12-04,4.857142857142857,26.8,29.9,24.6,16.9,88.0,4.1,6.8,338,12,2017,7655.57222752694,1,26.514285714285716,50.5,88.14285714285714,5.2653061224489806
2017-12-05,4.857142857142857,27.0,29.9,24.5,12.0,88.0,6.0,9.7,339,12,2017,7655.57222752694,1,26.685714285714287,57.9,88.0,5.183673469387755
2017-12-06,4.857142857142857,27.0,29.7,25.0,7.9,88.0,5.4,8.0,340,12,2017,7655.57222752694,1,26.871428571428574,47.8,87.57142857142857,5.1020408163265305
2017-12-07,4.857142857142857,26.2,28.5,24.8,7.6,90.0,7.0,10.6,341,12,2017,7655.57222752694,1,26.814285714285713,54.3,88.14285714285714,5.020408163265306
2017-12-08,4.857142857142857,26.1,29.9,24.5,4.6,88.0,10.5,14.6,342,12,2017,7655.57222752694,1,26.757142857142856,57.4,88.14285714285714,4.938775510204081
2017-12-09,4.857142857142857,25.1,27.0,23.8,5.9,89.0,8.9,14.8,343,12,2017,7655.57222752694,1,26.47142857142857,62.5,88.42857142857143,4.857142857142857
2017-12-10,5.714285714285714,26.3,30.5,22.8,4.8,84.0,7.0,13.1,344,12,2017,7655.57222752694,1,26.357142857142858,59.699999999999996,87.85714285714286,4.979591836734693
2017-12-11,5.714285714285714,26.1,29.8,23.5,6.6,86.0,6.5,11.7,345,12,2017,7655.57222752694,1,26.257142857142856,49.4,87.57142857142857,5.1020408163265305
2017-12-12,5.714285714285714,25.4,27.5,23.9,27.2,89.0,6.9,11.9,346,12,2017,7655.57222752694,1,26.02857142857143,64.6,87.71428571428571,5.224489795918367
2017-12-13,5.714285714285714,25.4,29.1,23.5,38.8,90.0,6.2,9.5,347,12,2017,7655.57222752694,1,25.8,95.5,88.0,5.346938775510204
2017-12-14,5.714285714285714,25.8,28.9,23.6,4.3,88.0,7.2,10.4,348,12,2017,7655.57222752694,1,25.74285714285714,92.2,87.71428571428571,5.469387755102041
2017-12-15,5.714285714285714,26.0,29.8,23.9,11.7,86.0,6.6,11.1,349,12,2017,7655.57222752694,1,25.72857142857143,99.29999999999998,87.42857142857143,5.591836734693878
2017-12-16,5.714285714285714,25.7,29.2,23.2,9.7,88.0,5.4,8.4,350,12,2017,7655.57222752694,1,25.814285714285713,103.09999999999998,87.28571428571429,5.714285714285714
2017-12-17,7.285714285714286,25.9,28.6,23.9,7.7,84.0,11.1,19.1,351,12,2017,7655.57222752694,1,25.75714285714286,105.99999999999999,87.28571428571429,5.938775510204082
2017-12-18,7.285714285714286,26.3,29.4,24.0,0.0,79.0,15.2,23.5,352,12,2017,7655.57222752694,1,25.785714285714285,99.39999999999999,86.28571428571429,6.163265306122449
2017-12-19,7.285714285714286,25.8,28.9,23.9,0.7,81.0,14.0,23.6,353,12,2017,7655.57222752694,1,25.842857142857145,72.89999999999999,85.14285714285714,6.387755102040816
2017-12-20,7.285714285714286,25.4,28.5,23.4,0.6,84.0,13.7,20.9,354,12,2017,7655.57222752694,1,25.842857142857145,34.699999999999996,84.28571428571429,6.612244897959184
2017-12-21,7.285714285714286,26.0,29.5,23.8,2.8,82.0,12.4,20.2,355,12,2017,7655.57222752694,1,25.871428571428574,33.19999999999999,83.42857142857143,6.836734693877551
2017-12-22,7.285714285714286,26.5,30.0,23.9,6.6,82.0,11.1,16.6,356,12,2017,7655.57222752694,1,25.942857142857147,28.09999999999999,82.85714285714286,7.061224489795918
2017-12-23,7.285714285714286,25.9,28.6,24.0,5.3,87.0,10.2,18.8,357,12,2017,7655.57222752694,1,25.971428571428568,23.699999999999992,82.71428571428571,7.285714285714286
2017-12-24,9.428571428571429,25.7,27.9,24.8,19.7,89.0,10.5,13.8,358,12,2017,7655.57222752694,1,25.942857142857143,35.69999999999999,83.42857142857143,7.591836734693877
2017-12-25,9.428571428571429,26.1,29.8,23.6,3.2,87.0,7.3,12.2,359,12,2017,7655.57222752694,1,25.914285714285715,38.89999999999999,84.57142857142857,7.8979591836734695
2017-12-26,9.428571428571429,26.0,29.2,24.2,3.6,87.0,6.7,10.9,360,12,2017,7655.57222752694,1,25.942857142857143,41.79999999999999,85.42857142857143,8.204081632653061
2017-12-27,9.428571428571429,25.4,27.9,23.5,10.0,89.0,7.5,11.6,361,12,2017,7655.57222752694,1,25.942857142857143,51.19999999999999,86.14285714285714,8.510204081632653
2017-12-28,9.428571428571429,26.3,30.0,24.0,6.4,87.0,8.5,12.3,362,12,2017,7655.57222752694,1,25.985714285714284,54.79999999999999,86.85714285714286,8.816326530612246
2017-12-29,9.428571428571429,26.4,29.3,24.1,11.5,86.0,10.6,17.4,363,12,2017,7655.57222752694,1,25.971428571428568,59.69999999999999,87.42857142857143,9.122448979591837
2017-12-30,9.428571428571429,25.6,28.6,23.9,5.5,89.0,11.6,19.1,364,12,2017,7655.57222752694,1,25.928571428571427,59.89999999999999,87.71428571428571,9.428571428571429
2017-12-31,11.857142857142858,24.8,27.1,23.6,12.8,92.0,10.5,16.9,365,12,2017,7655.57222752694,1,25.8,52.99999999999999,88.14285714285714,9.775510204081632
2018-01-01,11.857142857142858,24.2,25.6,23.4,15.1,94.0,7.3,10.6,1,1,2018,7691.583685718183,1,25.52857142857143,64.89999999999999,89.14285714285714,10.122448979591837
2018-01-02,11.857142857142858,24.9,27.4,23.3,4.1,91.0,8.8,18.0,2,1,2018,7691.583685718183,1,25.37142857142857,65.39999999999999,89.71428571428571,10.469387755102039
2018-01-03,11.857142857142858,25.1,28.6,23.0,8.7,90.0,7.5,12.0,3,1,2018,7691.583685718183,1,25.328571428571426,64.1,89.85714285714286,10.816326530612246
2018-01-04,11.857142857142858,25.7,28.8,22.9,3.5,88.0,7.9,14.3,4,1,2018,7691.583685718183,1,25.242857142857144,61.199999999999996,90.0,11.16326530612245
2018-01-05,11.857142857142858,25.5,28.0,23.9,1.7,89.0,4.8,7.9,5,1,2018,7691.583685718183,1,25.114285714285717,51.39999999999999,90.42857142857143,11.510204081632653
2018-01-06,11.857142857142858,26.4,30.1,23.3,0.9,86.0,5.2,9.0,6,1,2018,7691.583685718183,1,25.22857142857143,46.8,90.0,11.857142857142858
2018-01-07,9.714285714285714,26.3,28.2,24.8,10.1,89.0,6.9,10.7,7,1,2018,7691.583685718183,1,25.442857142857143,44.09999999999999,89.57142857142857,11.551020408163264
2018-01-08,9.714285714285714,26.1,28.9,24.0,9.9,88.0,5.0,9.0,8,1,2018,7691.583685718183,1,25.714285714285715,38.89999999999999,88.71428571428571,11.244897959183675
2018-01-09,9.714285714285714,26.0,28.7,24.2,8.0,88.0,6.4,9.0,9,1,2018,7691.583685718183,1,25.87142857142857,42.79999999999999,88.28571428571429,10.938775510204081
2018-01-10,9.714285714285714,24.6,26.8,23.5,23.6,92.0,8.9,16.9,10,1,2018,7691.583685718183,1,25.800000000000004,57.699999999999996,88.57142857142857,10.632653061224488
2018-01-11,9.714285714285714,23.4,24.5,21.8,43.1,93.0,10.8,16.6,11,1,2018,7691.583685718183,1,25.471428571428568,97.3,89.28571428571429,10.326530612244897
2018-01-12,9.714285714285714,22.6,23.6,21.8,46.6,92.0,14.4,19.1,12,1,2018,7691.583685718183,1,25.057142857142857,142.2,89.71428571428571,10.020408163265305
2018-01-13,9.714285714285714,22.7,23.7,21.9,22.8,93.0,10.5,14.0,13,1,2018,7691.583685718183,1,24.52857142857143,164.1,90.71428571428571,9.714285714285714
2018-01-14,7.714285714285714,23.0,25.0,21.7,14.3,90.0,11.3,17.5,14,1,2018,7691.583685718183,1,24.057142857142857,168.3,90.85714285714286,9.428571428571429
2018-01-15,7.714285714285714,24.1,27.1,21.9,0.6,87.0,11.3,16.2,15,1,2018,7691.583685718183,1,23.771428571428572,159.0,90.71428571428571,9.142857142857142
2018-01-16,7.714285714285714,24.9,28.7,22.2,1.8,88.0,10.7,16.9,16,1,2018,7691.583685718183,1,23.614285714285717,152.79999999999998,90.71428571428571,8.857142857142858
2018-01-17,7.714285714285714,25.7,28.9,23.0,3.0,86.0,11.8,19.9,17,1,2018,7691.583685718183,1,23.77142857142857,132.2,89.85714285714286,8.571428571428571
2018-01-18,7.714285714285714,26.2,29.8,23.2,0.2,83.0,11.4,19.1,18,1,2018,7691.583685718183,1,24.171428571428574,89.3,88.42857142857143,8.285714285714286
2018-01-19,7.714285714285714,25.7,29.9,23.1,3.7,87.0,8.3,12.8,19,1,2018,7691.583685718183,1,24.61428571428571,46.39999999999999,87.71428571428571,8.0
2018-01-20,7.714285714285714,25.6,28.5,23.4,10.3,89.0,6.6,11.8,20,1,2018,7691.583685718183,1,25.02857142857143,33.89999999999999,87.14285714285714,7.714285714285714
2018-01-21,6.428571428571429,26.0,29.7,23.5,1.4,86.0,8.0,12.2,21,1,2018,7691.583685718183,1,25.457142857142856,20.999999999999993,86.57142857142857,7.530612244897959
2018-01-22,6.428571428571429,26.1,29.3,23.8,7.6,88.0,8.7,14.0,22,1,2018,7691.583685718183,1,25.742857142857144,27.999999999999993,86.71428571428571,7.346938775510204
2018-01-23,6.428571428571429,25.9,29.0,24.0,6.1,88.0,10.3,17.0,23,1,2018,7691.583685718183,1,25.885714285714283,32.3,86.71428571428571,7.163265306122449
2018-01-24,6.428571428571429,25.7,29.3,23.9,12.7,89.0,8.3,13.1,24,1,2018,7691.583685718183,1,25.88571428571429,41.99999999999999,87.14285714285714,6.979591836734693
2018-01-25,6.428571428571429,26.0,29.0,23.6,4.2,87.0,7.8,10.9,25,1,2018,7691.583685718183,1,25.857142857142858,45.99999999999999,87.71428571428571,6.795918367346938
2018-01-26,6.428571428571429,25.9,29.4,23.9,6.2,88.0,8.7,11.3,26,1,2018,7691.583685718183,1,25.885714285714283,48.5,87.85714285714286,6.612244897959185
2018-01-27,6.428571428571429,26.0,28.8,23.5,2.2,88.0,10.3,14.1,27,1,2018,7691.583685718183,1,25.942857142857147,40.39999999999999,87.71428571428571,6.428571428571429
2018-01-28,6.857142857142857,26.4,29.4,24.2,2.1,86.0,8.9,12.2,28,1,2018,7691.583685718183,1,26.0,41.099999999999994,87.71428571428571,6.4897959183673475
2018-01-29,6.857142857142857,26.5,30.4,24.1,5.7,87.0,7.5,11.5,29,1,2018,7691.583685718183,1,26.057142857142853,39.19999999999999,87.57142857142857,6.551020408163265
2018-01-30,6.857142857142857,26.7,30.4,24.5,8.5,86.0,10.0,14.5,30,1,2018,7691.583685718183,1,26.171428571428574,41.599999999999994,87.28571428571429,6.612244897959184
2018-01-31,6.857142857142857,26.6,30.1,24.4,1.9,85.0,11.4,17.8,31,1,2018,7691.583685718183,1,26.3,30.799999999999994,86.71428571428571,6.673469387755103
2018-02-01,6.857142857142857,26.5,29.9,24.3,6.1,85.0,12.5,17.4,32,2,2018,7691.583685718183,1,26.37142857142857,32.69999999999999,86.42857142857143,6.7346938775510194
2018-02-02,6.857142857142857,25.6,28.0,24.1,2.6,87.0,12.2,21.6,33,2,2018,7691.583685718183,1,26.328571428571426,29.099999999999994,86.28571428571429,6.795918367346938
2018-02-03,6.857142857142857,25.7,28.7,24.0,1.3,84.0,15.1,21.8,34,2,2018,7691.583685718183,1,26.285714285714285,28.199999999999992,85.71428571428571,6.857142857142857
2018-02-04,7.142857142857143,25.8,28.5,24.1,1.5,80.0,17.7,25.3,35,2,2018,7691.583685718183,1,26.2,27.59999999999999,84.85714285714286,6.8979591836734695
2018-02-05,7.142857142857143,25.7,28.2,24.0,0.4,78.0,15.9,23.4,36,2,2018,7691.583685718183,1,26.08571428571429,22.299999999999994,83.57142857142857,6.938775510204081
2018-02-06,7.142857142857143,25.3,28.0,23.1,0.2,79.0,14.4,21.2,37,2,2018,7691.583685718183,1,25.885714285714283,13.999999999999993,82.57142857142857,6.979591836734693
2018-02-07,7.142857142857143,24.9,27.4,22.8,1.4,80.0,14.6,20.6,38,2,2018,7691.583685718183,1,25.642857142857142,13.499999999999993,81.85714285714286,7.020408163265307
2018-02-08,7.142857142857143,25.1,28.1,22.7,0.4,79.0,13.6,19.0,39,2,2018,7691.583685718183,1,25.442857142857143,7.799999999999993,81.0,7.061224489795919
2018-02-09,7.142857142857143,25.0,29.0,22.0,0.0,76.0,13.9,19.9,40,2,2018,7691.583685718183,1,25.357142857142858,5.199999999999992,79.42857142857143,7.1020408163265305
2018-02-10,7.142857142857143,25.3,29.6,22.1,0.0,77.0,14.0,19.5,41,2,2018,7691.583685718183,1,25.300000000000004,3.899999999999993,78.42857142857143,7.142857142857143
2018-02-11,4.0,25.1,29.4,21.6,0.0,79.0,14.4,20.7,42,2,2018,7691.583685718183,1,25.2,2.3999999999999932,78.28571428571429,6.6938775510204085
2018-02-12,4.0,25.6,29.6,22.9,0.0,74.0,15.7,22.2,43,2,2018,7691.583685718183,1,25.185714285714283,1.999999999999993,77.71428571428571,6.244897959183675
2018-02-13,4.0,25.3,29.1,22.0,3.0,82.0,10.8,17.6,44,2,2018,7691.583685718183,1,25.185714285714287,4.799999999999993,78.14285714285714,5.79591836734694
2018-02-14,4.0,25.6,29.2,22.9,1.9,83.0,13.2,18.7,45,2,2018,7691.583685718183,1,25.285714285714285,5.299999999999993,78.57142857142857,5.346938775510204
2018-02-15,4.0,26.3,31.0,23.0,0.4,81.0,8.6,13.7,46,2,2018,7691.583685718183,1,25.45714285714286,5.299999999999993,78.85714285714286,4.8979591836734695
2018-02-16,4.0,26.8,31.4,23.4,0.3,81.0,7.8,11.7,47,2,2018,7691.583685718183,1,25.714285714285715,5.5999999999999925,79.57142857142857,4.448979591836735
2018-02-17,4.0,26.3,30.6,23.9,3.8,84.0,7.1,10.7,48,2,2018,7691.583685718183,1,25.857142857142858,9.399999999999991,80.57142857142857,4.0
2018-02-18,5.571428571428571,26.5,30.0,23.2,2.3,81.0,7.5,14.0,49,2,2018,7691.583685718183,1,26.057142857142857,11.699999999999992,80.85714285714286,4.224489795918368
2018-02-19,5.571428571428571,26.4,30.6,22.5,2.7,80.0,11.3,17.7,50,2,2018,7691.583685718183,1,26.171428571428574,14.399999999999991,81.71428571428571,4.448979591836735
2018-02-20,5.571428571428571,26.9,31.8,23.0,0.0,77.0,10.3,18.6,51,2,2018,7691.583685718183,1,26.400000000000002,11.399999999999991,81.0,4.673469387755103
2018-02-21,5.571428571428571,27.1,30.8,23.8,1.6,78.0,10.9,14.9,52,2,2018,7691.583685718183,1,26.614285714285717,11.099999999999994,80.28571428571429,4.8979591836734695
2018-02-22,5.571428571428571,27.3,32.2,23.6,0.1,77.0,9.2,18.4,53,2,2018,7691.583685718183,1,26.757142857142856,10.799999999999994,79.71428571428571,5.122448979591836
2018-02-23,5.571428571428571,26.3,30.2,24.2,9.5,84.0,9.4,14.8,54,2,2018,7691.583685718183,1,26.685714285714287,19.999999999999993,80.14285714285714,5.346938775510204
2018-02-24,5.571428571428571,25.8,28.4,23.6,0.3,85.0,12.9,21.7,55,2,2018,7691.583685718183,1,26.614285714285717,16.499999999999993,80.28571428571429,5.571428571428571
2018-02-25,7.285714285714286,26.3,29.7,24.1,5.8,83.0,11.8,19.2,56,2,2018,7691.583685718183,1,26.585714285714285,19.999999999999993,80.57142857142857,5.816326530612245
2018-02-26,7.285714285714286,26.5,29.1,24.2,0.5,81.0,12.7,18.2,57,2,2018,7691.583685718183,1,26.599999999999998,17.799999999999994,80.71428571428571,6.061224489795918
2018-02-27,7.285714285714286,26.3,29.8,23.1,2.2,82.0,10.1,17.7,58,2,2018,7691.583685718183,1,26.514285714285716,19.999999999999993,81.42857142857143,6.3061224489795915
2018-02-28,7.285714285714286,27.0,31.7,23.8,3.9,83.0,8.5,14.3,59,2,2018,7691.583685718183,1,26.5,22.299999999999994,82.14285714285714,6.551020408163265
2018-03-01,7.285714285714286,26.8,30.2,23.8,2.5,84.0,6.8,9.8,60,3,2018,7691.583685718183,1,26.428571428571427,24.699999999999996,83.14285714285714,6.795918367346938
2018-03-02,7.285714285714286,27.0,30.5,23.8,2.2,84.0,6.3,10.2,61,3,2018,7691.583685718183,1,26.52857142857143,17.39999999999999,83.14285714285714,7.040816326530612
2018-03-03,7.285714285714286,27.0,30.6,24.9,7.6,85.0,6.0,10.9,62,3,2018,7691.583685718183,1,26.699999999999996,24.699999999999992,83.14285714285714,7.285714285714286
2018-03-04,5.285714285714286,26.8,30.0,24.3,7.2,85.0,5.2,10.8,63,3,2018,7691.583685718183,1,26.771428571428572,26.09999999999999,83.42857142857143,7.0
2018-03-05,5.285714285714286,27.0,30.0,24.3,4.3,83.0,7.1,14.4,64,3,2018,7691.583685718183,1,26.842857142857145,29.899999999999995,83.71428571428571,6.714285714285714
2018-03-06,5.285714285714286,27.1,31.1,24.2,12.9,82.0,4.6,8.3,65,3,2018,7691.583685718183,1,26.957142857142856,40.599999999999994,83.71428571428571,6.428571428571429
2018-03-07,5.285714285714286,26.4,29.9,23.5,9.4,86.0,7.1,15.0,66,3,2018,7691.583685718183,1,26.87142857142857,46.099999999999994,84.14285714285714,6.142857142857143
2018-03-08,5.285714285714286,26.4,29.6,23.2,8.0,85.0,10.7,20.4,67,3,2018,7691.583685718183,1,26.814285714285717,51.599999999999994,84.28571428571429,5.857142857142856
2018-03-09,5.285714285714286,27.2,31.0,24.4,0.9,80.0,13.2,20.0,68,3,2018,7691.583685718183,1,26.842857142857138,50.29999999999999,83.71428571428571,5.571428571428571
2018-03-10,5.285714285714286,26.2,28.5,24.2,7.2,84.0,14.2,21.1,69,3,2018,7691.583685718183,1,26.728571428571428,49.89999999999999,83.57142857142857,5.285714285714286
2018-03-11,5.571428571428571,26.6,30.2,24.0,1.6,80.0,13.5,19.6,70,3,2018,7691.583685718183,1,26.7,44.3,82.85714285714286,5.326530612244897
2018-03-12,5.571428571428571,26.2,29.0,24.2,5.8,84.0,10.8,16.5,71,3,2018,7691.583685718183,1,26.585714285714285,45.8,83.0,5.36734693877551
2018-03-13,5.571428571428571,26.6,29.8,24.0,2.4,84.0,9.5,18.6,72,3,2018,7691.583685718183,1,26.514285714285716,35.29999999999999,83.28571428571429,5.408163265306122
2018-03-14,5.571428571428571,27.0,31.8,22.8,0.5,81.0,9.1,18.9,73,3,2018,7691.583685718183,1,26.599999999999998,26.39999999999999,82.57142857142857,5.448979591836735
2018-03-15,5.571428571428571,27.6,31.6,24.1,1.0,81.0,6.2,10.4,74,3,2018,7691.583685718183,1,26.771428571428572,19.39999999999999,82.0,5.4897959183673475
2018-03-16,5.571428571428571,27.5,31.2,24.6,4.1,81.0,8.0,11.2,75,3,2018,7691.583685718183,1,26.814285714285717,22.599999999999994,82.14285714285714,5.530612244897958
2018-03-17,5.571428571428571,27.4,30.1,24.9,9.5,84.0,6.8,12.7,76,3,2018,7691.583685718183,1,26.985714285714284,24.89999999999999,82.14285714285714,5.571428571428571
2018-03-18,5.142857142857143,27.2,30.9,24.2,3.2,81.0,9.1,15.2,77,3,2018,7691.583685718183,1,27.071428571428573,26.499999999999993,82.28571428571429,5.5102040816326525
2018-03-19,5.142857142857143,27.4,30.7,24.4,3.8,80.0,7.0,12.8,78,3,2018,7691.583685718183,1,27.242857142857144,24.499999999999993,81.71428571428571,5.448979591836735
2018-03-20,5.142857142857143,27.3,30.5,24.9,2.3,80.0,6.3,10.4,79,3,2018,7691.583685718183,1,27.342857142857145,24.399999999999995,81.14285714285714,5.387755102040816
2018-03-21,5.142857142857143,26.9,29.8,24.0,9.9,82.0,5.6,11.5,80,3,2018,7691.583685718183,1,27.328571428571426,33.8,81.28571428571429,5.326530612244897
2018-03-22,5.142857142857143,27.5,31.0,24.9,1.4,79.0,10.9,15.9,81,3,2018,7691.583685718183,1,27.314285714285713,34.199999999999996,81.0,5.2653061224489806
2018-03-23,5.142857142857143,27.6,31.5,23.9,0.8,75.0,9.8,14.5,82,3,2018,7691.583685718183,1,27.328571428571426,30.89999999999999,80.14285714285714,5.204081632653062
2018-03-24,5.142857142857143,27.3,31.6,23.5,0.2,76.0,10.1,14.8,83,3,2018,7691.583685718183,1,27.314285714285713,21.59999999999999,79.0,5.142857142857143
2018-03-25,3.4285714285714284,26.7,29.9,25.2,1.4,81.0,7.7,13.7,84,3,2018,7691.583685718183,1,27.24285714285714,19.799999999999994,79.0,4.8979591836734695
2018-03-26,3.4285714285714284,26.3,29.5,24.3,22.0,87.0,5.9,16.5,85,3,2018,7691.583685718183,1,27.085714285714285,37.99999999999999,80.0,4.653061224489797
2018-03-27,3.4285714285714284,25.3,28.5,23.6,25.8,90.0,7.0,12.5,86,3,2018,7691.583685718183,1,26.800000000000004,61.5,81.42857142857143,4.408163265306123
2018-03-28,3.4285714285714284,26.0,29.5,23.1,4.9,87.0,4.3,8.2,87,3,2018,7691.583685718183,1,26.67142857142857,56.49999999999999,82.14285714285714,4.163265306122449
2018-03-29,3.4285714285714284,26.5,29.1,24.2,7.2,89.0,5.9,9.0,88,3,2018,7691.583685718183,1,26.52857142857143,62.29999999999999,83.57142857142857,3.9183673469387754
2018-03-30,3.4285714285714284,26.4,29.1,24.6,21.8,88.0,5.7,10.1,89,3,2018,7691.583685718183,1,26.357142857142858,83.3,85.42857142857143,3.673469387755102
2018-03-31,3.4285714285714284,26.6,30.0,24.0,5.8,86.0,6.0,11.2,90,3,2018,7691.583685718183,1,26.25714285714286,88.89999999999999,86.85714285714286,3.4285714285714284
2018-04-01,5.428571428571429,26.2,30.0,23.6,8.1,86.0,6.2,11.5,91,4,2018,7691.583685718183,0,26.185714285714287,95.6,87.57142857142857,3.7142857142857144
2018-04-02,5.428571428571429,26.4,29.5,23.6,3.7,85.0,6.7,11.4,92,4,2018,7691.583685718183,0,26.2,77.3,87.28571428571429,4.0
2018-04-03,5.428571428571429,27.0,30.4,24.0,1.9,82.0,5.8,9.7,93,4,2018,7691.583685718183,0,26.442857142857147,53.39999999999999,86.14285714285714,4.285714285714286
2018-04-04,5.428571428571429,27.0,30.3,23.7,0.0,82.0,7.9,12.3,94,4,2018,7691.583685718183,0,26.58571428571429,48.49999999999999,85.42857142857143,4.571428571428571
2018-04-05,5.428571428571429,27.0,30.6,23.8,1.0,82.0,7.0,10.8,95,4,2018,7691.583685718183,0,26.657142857142862,42.3,84.42857142857143,4.857142857142857
2018-04-06,5.428571428571429,26.7,30.9,23.6,7.7,85.0,6.3,10.3,96,4,2018,7691.583685718183,0,26.7,28.199999999999992,84.0,5.142857142857143
2018-04-07,5.428571428571429,26.9,30.4,24.6,4.0,85.0,6.9,11.6,97,4,2018,7691.583685718183,0,26.742857142857144,26.39999999999999,83.85714285714286,5.428571428571429
2018-04-08,5.428571428571429,26.6,29.6,24.6,3.8,84.0,10.3,18.9,98,4,2018,7691.583685718183,0,26.8,22.099999999999994,83.57142857142857,5.428571428571429
2018-04-09,5.428571428571429,26.7,29.5,24.3,2.3,85.0,9.9,17.5,99,4,2018,7691.583685718183,0,26.842857142857138,20.699999999999996,83.57142857142857,5.428571428571429
2018-04-10,5.428571428571429,26.7,29.2,24.2,2.0,88.0,6.1,14.3,100,4,2018,7691.583685718183,0,26.8,20.79999999999999,84.42857142857143,5.428571428571429
2018-04-11,5.428571428571429,27.3,30.2,25.0,9.2,85.0,8.0,13.6,101,4,2018,7691.583685718183,0,26.842857142857138,29.999999999999993,84.85714285714286,5.428571428571429
2018-04-12,5.428571428571429,26.9,30.0,24.4,12.0,88.0,5.4,11.5,102,4,2018,7691.583685718183,0,26.828571428571426,40.99999999999999,85.71428571428571,5.428571428571429
2018-04-13,5.428571428571429,26.9,29.7,25.5,9.4,89.0,8.7,17.2,103,4,2018,7691.583685718183,0,26.857142857142858,42.699999999999996,86.28571428571429,5.428571428571429
2018-04-14,5.428571428571429,26.4,29.6,24.4,22.4,88.0,6.2,10.5,104,4,2018,7691.583685718183,0,26.785714285714285,61.09999999999999,86.71428571428571,5.428571428571429
2018-04-15,8.0,26.6,30.0,24.7,15.4,88.0,4.9,10.9,105,4,2018,7691.583685718183,0,26.785714285714285,72.69999999999999,87.28571428571429,5.795918367346938
2018-04-16,8.0,25.7,27.8,24.1,21.1,92.0,4.5,7.3,106,4,2018,7691.583685718183,0,26.642857142857142,91.5,88.28571428571429,6.163265306122449
2018-04-17,8.0,26.2,30.6,23.5,13.8,88.0,5.6,11.2,107,4,2018,7691.583685718183,0,26.571428571428573,103.3,88.28571428571429,6.530612244897959
2018-04-18,8.0,26.5,29.6,24.0,13.5,88.0,7.9,11.8,108,4,2018,7691.583685718183,0,26.45714285714286,107.6,88.71428571428571,6.8979591836734695
2018-04-19,8.0,26.5,29.9,24.4,5.8,88.0,5.6,9.2,109,4,2018,7691.583685718183,0,26.400000000000002,101.39999999999999,88.71428571428571,7.2653061224489806
2018-04-20,8.0,26.6,30.0,24.0,9.6,88.0,5.9,11.2,110,4,2018,7691.583685718183,0,26.357142857142858,101.6,88.57142857142857,7.63265306122449
2018-04-21,8.0,26.4,29.8,23.9,8.8,89.0,4.8,9.8,111,4,2018,7691.583685718183,0,26.357142857142858,88.0,88.71428571428571,8.0
2018-04-22,8.0,26.8,30.0,24.3,5.2,89.0,5.4,9.3,112,4,2018,7691.583685718183,0,26.385714285714283,77.79999999999998,88.85714285714286,8.0
2018-04-23,8.0,26.5,29.8,24.6,20.3,89.0,4.1,10.2,113,4,2018,7691.583685718183,0,26.5,77.0,88.42857142857143,8.0
2018-04-24,8.0,26.6,28.5,25.0,18.8,89.0,6.5,10.8,114,4,2018,7691.583685718183,0,26.557142857142853,82.0,88.57142857142857,8.0
2018-04-25,8.0,27.8,30.4,25.8,7.4,84.0,7.5,12.2,115,4,2018,7691.583685718183,0,26.74285714285714,75.89999999999999,88.0,8.0
2018-04-26,8.0,27.1,30.1,25.2,15.7,88.0,4.2,6.7,116,4,2018,7691.583685718183,0,26.828571428571426,85.8,88.0,8.0
2018-04-27,8.0,26.4,29.5,25.0,17.9,91.0,4.4,8.5,117,4,2018,7691.583685718183,0,26.8,94.1,88.42857142857143,8.0
2018-04-28,8.0,26.9,30.0,24.1,9.2,88.0,5.5,12.3,118,4,2018,7691.583685718183,0,26.87142857142857,94.49999999999999,88.28571428571429,8.0
2018-04-29,11.0,27.5,30.1,25.4,5.4,87.0,7.6,13.0,119,4,2018,7691.583685718183,0,26.97142857142857,94.69999999999999,88.0,8.428571428571429
2018-04-30,11.0,27.5,29.5,26.2,10.3,88.0,8.2,15.1,120,4,2018,7691.583685718183,0,27.114285714285717,84.69999999999999,87.85714285714286,8.857142857142858
2018-05-01,11.0,26.4,28.2,25.0,16.9,89.0,5.2,9.5,121,5,2018,7691.583685718183,0,27.085714285714285,82.79999999999998,87.85714285714286,9.285714285714286
2018-05-02,11.0,26.8,30.4,24.2,8.4,88.0,4.1,6.5,122,5,2018,7691.583685718183,0,26.942857142857143,83.79999999999998,88.42857142857143,9.714285714285714
2018-05-03,11.0,27.2,30.5,23.9,6.2,86.0,4.1,6.8,123,5,2018,7691.583685718183,0,26.95714285714286,74.29999999999998,88.14285714285714,10.142857142857142
2018-05-04,11.0,27.2,29.6,24.6,2.2,86.0,4.6,10.0,124,5,2018,7691.583685718183,0,27.071428571428573,58.599999999999994,87.42857142857143,10.571428571428571
2018-05-05,11.0,27.1,28.9,25.1,9.1,87.0,6.3,11.6,125,5,2018,7691.583685718183,0,27.099999999999998,58.499999999999986,87.28571428571429,11.0
2018-05-06,8.857142857142858,27.7,30.4,25.8,4.2,85.0,7.3,13.4,126,5,2018,7691.583685718183,0,27.12857142857143,57.29999999999999,87.0,10.693877551020408
2018-05-07,8.857142857142858,27.7,29.9,25.4,0.2,86.0,7.7,15.0,127,5,2018,7691.583685718183,0,27.157142857142855,47.19999999999999,86.71428571428571,10.387755102040817
2018-05-08,8.857142857142858,28.1,30.8,25.2,0.2,82.0,8.3,14.8,128,5,2018,7691.583685718183,0,27.4,30.499999999999993,85.71428571428571,10.081632653061224
2018-05-09,8.857142857142858,28.1,30.4,26.5,2.7,83.0,9.9,15.0,129,5,2018,7691.583685718183,0,27.58571428571429,24.799999999999994,85.0,9.775510204081632
2018-05-10,8.857142857142858,27.3,29.6,25.6,6.4,86.0,7.2,13.1,130,5,2018,7691.583685718183,0,27.599999999999998,24.999999999999993,85.0,9.469387755102042
2018-05-11,8.857142857142858,27.4,30.1,25.4,6.4,85.0,5.4,9.4,131,5,2018,7691.583685718183,0,27.62857142857143,29.199999999999996,84.85714285714286,9.16326530612245
2018-05-12,8.857142857142858,26.9,29.5,24.6,5.4,87.0,6.1,10.8,132,5,2018,7691.583685718183,0,27.6,25.499999999999993,84.85714285714286,8.857142857142858
2018-05-13,9.142857142857142,26.8,28.8,24.8,4.2,87.0,7.3,11.3,133,5,2018,7691.583685718183,0,27.471428571428568,25.499999999999993,85.14285714285714,8.89795918367347
2018-05-14,9.142857142857142,26.7,29.2,24.4,14.9,88.0,6.1,11.4,134,5,2018,7691.583685718183,0,27.32857142857143,40.199999999999996,85.42857142857143,8.938775510204081
2018-05-15,9.142857142857142,26.7,29.4,24.8,19.9,88.0,4.8,11.7,135,5,2018,7691.583685718183,0,27.12857142857143,59.89999999999999,86.28571428571429,8.979591836734693
2018-05-16,9.142857142857142,26.8,29.2,24.6,20.1,88.0,5.2,10.6,136,5,2018,7691.583685718183,0,26.942857142857147,77.3,87.0,9.020408163265305
2018-05-17,9.142857142857142,27.1,29.8,24.5,12.6,88.0,4.6,10.4,137,5,2018,7691.583685718183,0,26.914285714285715,83.49999999999999,87.28571428571429,9.061224489795917
2018-05-18,9.142857142857142,26.9,29.4,24.9,7.1,88.0,4.2,9.1,138,5,2018,7691.583685718183,0,26.842857142857145,84.2,87.71428571428571,9.10204081632653
2018-05-19,9.142857142857142,26.6,29.2,24.7,18.0,89.0,4.4,8.9,139,5,2018,7691.583685718183,0,26.8,96.8,88.0,9.142857142857142
2018-05-20,9.285714285714286,26.4,28.9,24.5,17.4,89.0,3.1,11.3,140,5,2018,7691.583685718183,0,26.742857142857144,109.99999999999999,88.28571428571429,9.16326530612245
2018-05-21,9.285714285714286,26.9,28.9,24.5,2.7,87.0,5.7,10.0,141,5,2018,7691.583685718183,0,26.77142857142857,97.8,88.14285714285714,9.183673469387756
2018-05-22,9.285714285714286,26.8,28.6,25.1,15.7,90.0,5.1,10.9,142,5,2018,7691.583685718183,0,26.785714285714285,93.6,88.42857142857143,9.204081632653061
2018-05-23,9.285714285714286,26.3,28.5,24.8,38.2,90.0,4.2,9.3,143,5,2018,7691.583685718183,0,26.714285714285715,111.7,88.71428571428571,9.22448979591837
2018-05-24,9.285714285714286,27.6,31.1,25.1,4.4,83.0,6.1,9.7,144,5,2018,7691.583685718183,0,26.785714285714285,103.5,88.0,9.244897959183675
2018-05-25,9.285714285714286,26.9,29.9,24.6,5.6,88.0,4.5,10.7,145,5,2018,7691.583685718183,0,26.785714285714285,102.0,88.0,9.26530612244898
2018-05-26,9.285714285714286,26.8,29.4,24.7,18.4,88.0,4.2,9.5,146,5,2018,7691.583685718183,0,26.814285714285713,102.4,87.85714285714286,9.285714285714286
2018-05-27,7.714285714285714,26.3,29.0,24.2,8.2,90.0,5.0,8.0,147,5,2018,7691.583685718183,0,26.8,93.19999999999999,88.0,9.06122448979592
2018-05-28,7.714285714285714,26.9,29.2,24.8,4.8,87.0,6.3,10.7,148,5,2018,7691.583685718183,0,26.800000000000004,95.29999999999998,88.0,8.83673469387755
2018-05-29,7.714285714285714,27.3,30.2,25.8,10.4,88.0,3.7,8.0,149,5,2018,7691.583685718183,0,26.87142857142857,90.0,87.71428571428571,8.612244897959183
2018-05-30,7.714285714285714,26.9,28.6,25.1,2.8,89.0,7.4,16.6,150,5,2018,7691.583685718183,0,26.957142857142856,54.599999999999994,87.57142857142857,8.387755102040817
2018-05-31,7.714285714285714,27.0,28.9,25.6,15.1,88.0,6.2,11.8,151,5,2018,7691.583685718183,0,26.87142857142857,65.3,88.28571428571429,8.16326530612245
2018-06-01,7.714285714285714,26.7,28.9,24.9,2.4,86.0,7.1,13.2,152,6,2018,7691.583685718183,0,26.842857142857138,62.099999999999994,88.0,7.938775510204082
2018-06-02,7.714285714285714,26.5,29.5,24.4,1.1,88.0,4.8,9.3,153,6,2018,7691.583685718183,0,26.8,44.8,88.0,7.714285714285714
2018-06-03,10.714285714285714,27.5,30.2,25.3,0.9,87.0,5.5,9.4,154,6,2018,7691.583685718183,0,26.971428571428568,37.49999999999999,87.57142857142857,8.142857142857142
2018-06-04,10.714285714285714,27.9,30.1,25.9,3.6,84.0,8.6,13.0,155,6,2018,7691.583685718183,0,27.11428571428571,36.3,87.14285714285714,8.571428571428571
2018-06-05,10.714285714285714,27.7,30.2,26.3,7.1,87.0,8.8,13.8,156,6,2018,7691.583685718183,0,27.17142857142857,33.0,87.0,9.0
2018-06-06,10.714285714285714,28.1,30.5,25.6,0.8,86.0,9.3,15.6,157,6,2018,7691.583685718183,0,27.342857142857145,30.999999999999996,86.57142857142857,9.428571428571429
2018-06-07,10.714285714285714,28.1,30.3,25.8,1.8,86.0,7.4,11.3,158,6,2018,7691.583685718183,0,27.5,17.7,86.28571428571429,9.857142857142858
2018-06-08,10.714285714285714,27.4,28.6,25.9,5.2,88.0,7.6,13.4,159,6,2018,7691.583685718183,0,27.6,20.5,86.57142857142857,10.285714285714286
2018-06-09,10.714285714285714,28.2,30.2,26.5,0.0,83.0,8.7,13.5,160,6,2018,7691.583685718183,0,27.842857142857145,19.4,85.85714285714286,10.714285714285714
2018-06-10,7.857142857142857,28.4,29.9,27.3,0.4,82.0,14.4,21.1,161,6,2018,7691.583685718183,0,27.97142857142857,18.9,85.14285714285714,10.306122448979592
2018-06-11,7.857142857142857,27.8,29.2,26.9,4.0,86.0,11.2,17.5,162,6,2018,7691.583685718183,0,27.957142857142856,19.3,85.42857142857143,9.897959183673468
2018-06-12,7.857142857142857,28.2,30.0,26.5,3.4,83.0,11.0,18.7,163,6,2018,7691.583685718183,0,28.028571428571432,15.600000000000001,84.85714285714286,9.489795918367347
2018-06-13,7.857142857142857,27.4,29.0,26.1,6.9,88.0,8.9,12.3,164,6,2018,7691.583685718183,0,27.928571428571427,21.700000000000003,85.14285714285714,9.081632653061224
2018-06-14,7.857142857142857,27.2,29.6,25.4,6.3,89.0,6.9,11.6,165,6,2018,7691.583685718183,0,27.8,26.2,85.57142857142857,8.673469387755102
2018-06-15,7.857142857142857,27.0,28.6,24.8,8.9,87.0,10.0,16.9,166,6,2018,7691.583685718183,0,27.74285714285714,29.900000000000002,85.42857142857143,8.26530612244898
2018-06-16,7.857142857142857,28.0,30.1,26.3,1.4,85.0,11.6,18.8,167,6,2018,7691.583685718183,0,27.714285714285715,31.3,85.71428571428571,7.857142857142857
2018-06-17,8.714285714285714,27.3,29.0,24.8,6.9,87.0,9.1,14.1,168,6,2018,7691.583685718183,0,27.557142857142857,37.800000000000004,86.42857142857143,7.979591836734694
2018-06-18,8.714285714285714,27.2,29.2,25.2,6.3,86.0,9.4,14.0,169,6,2018,7691.583685718183,0,27.47142857142857,40.1,86.42857142857143,8.10204081632653
2018-06-19,8.714285714285714,27.5,29.6,25.4,3.8,84.0,11.6,19.2,170,6,2018,7691.583685718183,0,27.37142857142857,40.50000000000001,86.57142857142857,8.224489795918368
2018-06-20,8.714285714285714,27.1,28.5,25.6,10.8,87.0,8.6,10.7,171,6,2018,7691.583685718183,0,27.328571428571426,44.4,86.42857142857143,8.346938775510203
2018-06-21,8.714285714285714,26.9,28.7,25.5,7.7,89.0,6.5,12.5,172,6,2018,7691.583685718183,0,27.285714285714285,45.800000000000004,86.42857142857143,8.469387755102039
2018-06-22,8.714285714285714,26.9,29.6,24.5,4.4,87.0,6.4,13.5,173,6,2018,7691.583685718183,0,27.271428571428572,41.300000000000004,86.42857142857143,8.591836734693876
2018-06-23,8.714285714285714,26.2,28.4,24.5,20.6,89.0,5.8,10.1,174,6,2018,7691.583685718183,0,27.014285714285712,60.5,87.0,8.714285714285714
2018-06-24,10.857142857142858,26.2,28.7,24.1,6.2,87.0,9.0,15.2,175,6,2018,7691.583685718183,0,26.857142857142858,59.800000000000004,87.0,9.020408163265305
2018-06-25,10.857142857142858,25.8,26.9,24.6,2.3,87.0,8.3,14.8,176,6,2018,7691.583685718183,0,26.657142857142855,55.800000000000004,87.14285714285714,9.326530612244897
2018-06-26,10.857142857142858,26.2,28.3,24.8,3.2,85.0,5.5,8.9,177,6,2018,7691.583685718183,0,26.47142857142857,55.2,87.28571428571429,9.63265306122449
2018-06-27,10.857142857142858,26.1,28.4,23.7,13.7,84.0,8.2,15.1,178,6,2018,7691.583685718183,0,26.32857142857143,58.1,86.85714285714286,9.938775510204081
2018-06-28,10.857142857142858,26.0,28.0,23.4,17.2,88.0,8.4,11.8,179,6,2018,7691.583685718183,0,26.2,67.6,86.71428571428571,10.244897959183675
2018-06-29,10.857142857142858,25.4,26.7,24.0,14.6,90.0,7.2,11.2,180,6,2018,7691.583685718183,0,25.985714285714284,77.8,87.14285714285714,10.551020408163266
2018-06-30,10.857142857142858,26.6,29.0,25.0,1.4,85.0,11.1,15.3,181,6,2018,7691.583685718183,0,26.042857142857144,58.599999999999994,86.57142857142857,10.857142857142858
2018-07-01,8.285714285714286,26.5,28.5,24.1,9.6,87.0,10.6,14.0,182,7,2018,7691.583685718183,0,26.08571428571429,61.99999999999999,86.57142857142857,10.489795918367347
2018-07-02,8.285714285714286,26.4,28.4,24.8,5.7,88.0,8.2,13.7,183,7,2018,7691.583685718183,0,26.17142857142857,65.39999999999999,86.71428571428571,10.122448979591837
2018-07-03,8.285714285714286,26.2,28.6,24.9,10.7,89.0,9.3,15.9,184,7,2018,7691.583685718183,0,26.171428571428574,72.89999999999999,87.28571428571429,9.755102040816327
2018-07-04,8.285714285714286,26.9,29.2,24.2,1.4,84.0,9.3,16.4,185,7,2018,7691.583685718183,0,26.285714285714285,60.6,87.28571428571429,9.387755102040817
2018-07-05,8.285714285714286,27.1,29.5,24.0,0.0,84.0,11.6,16.8,186,7,2018,7691.583685718183,0,26.442857142857143,43.400000000000006,86.71428571428571,9.020408163265307
2018-07-06,8.285714285714286,27.3,29.1,25.8,0.7,82.0,11.7,16.6,187,7,2018,7691.583685718183,0,26.714285714285715,29.500000000000004,85.57142857142857,8.653061224489797
2018-07-07,8.285714285714286,26.9,28.6,25.6,4.1,86.0,9.8,14.3,188,7,2018,7691.583685718183,0,26.757142857142856,32.2,85.71428571428571,8.285714285714286
2018-07-08,6.285714285714286,27.2,29.1,25.2,0.9,85.0,10.5,17.4,189,7,2018,7691.583685718183,0,26.857142857142858,23.499999999999996,85.42857142857143,8.0
2018-07-09,6.285714285714286,27.1,28.9,25.6,5.8,86.0,12.0,18.8,190,7,2018,7691.583685718183,0,26.95714285714286,23.599999999999998,85.14285714285714,7.714285714285714
2018-07-10,6.285714285714286,26.7,28.4,24.6,3.5,87.0,9.7,16.6,191,7,2018,7691.583685718183,0,27.02857142857143,16.4,84.85714285714286,7.42857142857143
2018-07-11,6.285714285714286,27.0,28.2,26.2,0.0,83.0,8.0,12.5,192,7,2018,7691.583685718183,0,27.04285714285714,15.0,84.71428571428571,7.142857142857144
2018-07-12,6.285714285714286,27.5,29.7,26.0,1.9,84.0,9.7,13.6,193,7,2018,7691.583685718183,0,27.099999999999998,16.9,84.71428571428571,6.857142857142857
2018-07-13,6.285714285714286,27.2,28.9,26.1,1.5,85.0,13.4,18.4,194,7,2018,7691.583685718183,0,27.085714285714285,17.7,85.14285714285714,6.571428571428571
2018-07-14,6.285714285714286,27.1,28.9,25.9,1.2,85.0,12.5,19.1,195,7,2018,7691.583685718183,0,27.114285714285717,14.8,85.0,6.285714285714286
2018-07-15,5.857142857142857,26.8,28.1,25.5,1.6,86.0,11.0,19.5,196,7,2018,7691.583685718183,0,27.057142857142853,15.5,85.14285714285714,6.224489795918367
2018-07-16,5.857142857142857,27.2,29.4,24.9,0.8,84.0,11.8,20.1,197,7,2018,7691.583685718183,0,27.071428571428573,10.5,84.85714285714286,6.163265306122448
2018-07-17,5.857142857142857,27.7,29.6,26.0,0.3,82.0,14.4,21.0,198,7,2018,7691.583685718183,0,27.214285714285715,7.3,84.14285714285714,6.10204081632653
2018-07-18,5.857142857142857,27.8,29.9,26.2,2.1,83.0,15.6,24.9,199,7,2018,7691.583685718183,0,27.32857142857143,9.4,84.14285714285714,6.040816326530612
2018-07-19,5.857142857142857,27.5,29.2,26.0,2.0,84.0,13.0,18.4,200,7,2018,7691.583685718183,0,27.32857142857143,9.5,84.14285714285714,5.979591836734693
2018-07-20,5.857142857142857,27.4,29.4,26.0,11.3,86.0,9.6,15.3,201,7,2018,7691.583685718183,0,27.357142857142858,19.3,84.28571428571429,5.9183673469387745
2018-07-21,5.857142857142857,27.5,29.3,26.2,8.2,86.0,8.7,13.0,202,7,2018,7691.583685718183,0,27.414285714285715,26.3,84.42857142857143,5.857142857142857
2018-07-22,8.0,27.9,29.5,26.5,5.3,84.0,11.8,16.7,203,7,2018,7691.583685718183,0,27.571428571428573,30.0,84.14285714285714,6.163265306122448
2018-07-23,8.0,27.5,28.6,26.5,7.0,87.0,9.4,14.2,204,7,2018,7691.583685718183,0,27.61428571428571,36.2,84.57142857142857,6.469387755102041
2018-07-24,8.0,27.7,29.9,26.2,2.2,84.0,11.1,19.3,205,7,2018,7691.583685718183,0,27.614285714285717,38.099999999999994,84.85714285714286,6.775510204081633
2018-07-25,8.0,27.0,29.0,25.5,3.0,87.0,8.8,15.3,206,7,2018,7691.583685718183,0,27.5,39.0,85.42857142857143,7.081632653061225
2018-07-26,8.0,27.7,30.2,25.2,0.1,83.0,9.1,14.0,207,7,2018,7691.583685718183,0,27.52857142857143,37.1,85.28571428571429,7.387755102040816
2018-07-27,8.0,28.0,30.6,25.3,0.1,80.0,11.4,16.3,208,7,2018,7691.583685718183,0,27.61428571428571,25.9,84.42857142857143,7.6938775510204085
2018-07-28,8.0,27.8,29.8,26.0,4.6,82.0,9.0,14.3,209,7,2018,7691.583685718183,0,27.657142857142855,22.3,83.85714285714286,8.0
2018-07-29,7.285714285714286,27.2,28.9,25.8,9.2,86.0,9.0,14.8,210,7,2018,7691.583685718183,0,27.557142857142857,26.2,84.14285714285714,7.8979591836734695
2018-07-30,7.285714285714286,26.5,28.5,25.2,13.1,88.0,7.5,10.8,211,7,2018,7691.583685718183,0,27.414285714285715,32.3,84.28571428571429,7.795918367346938
2018-07-31,7.285714285714286,26.5,29.0,25.1,22.8,87.0,6.3,13.7,212,7,2018,7691.583685718183,0,27.24285714285714,52.900000000000006,84.71428571428571,7.693877551020408
2018-08-01,7.285714285714286,25.7,27.9,24.5,11.6,90.0,6.7,11.2,213,8,2018,7691.583685718183,0,27.057142857142853,61.5,85.14285714285714,7.591836734693877
2018-08-02,7.285714285714286,26.6,29.0,24.6,0.7,85.0,10.7,16.2,214,8,2018,7691.583685718183,0,26.900000000000002,62.1,85.42857142857143,7.489795918367347
2018-08-03,7.285714285714286,27.0,29.2,24.8,1.5,84.0,10.0,16.5,215,8,2018,7691.583685718183,0,26.75714285714286,63.5,86.0,7.387755102040815
2018-08-04,7.285714285714286,26.9,28.5,25.9,5.3,85.0,11.4,16.1,216,8,2018,7691.583685718183,0,26.628571428571426,64.2,86.42857142857143,7.285714285714286
2018-08-05,8.428571428571429,26.7,27.9,25.5,6.1,86.0,10.6,17.4,217,8,2018,7691.583685718183,0,26.557142857142857,61.1,86.42857142857143,7.448979591836734
2018-08-06,8.428571428571429,26.8,28.4,25.6,5.6,86.0,11.1,16.3,218,8,2018,7691.583685718183,0,26.599999999999998,53.6,86.14285714285714,7.612244897959184
2018-08-07,8.428571428571429,26.6,28.5,24.5,6.5,85.0,10.7,18.7,219,8,2018,7691.583685718183,0,26.614285714285717,37.300000000000004,85.85714285714286,7.775510204081633
2018-08-08,8.428571428571429,26.2,28.1,25.0,11.0,88.0,8.1,13.4,220,8,2018,7691.583685718183,0,26.685714285714287,36.7,85.57142857142857,7.938775510204082
2018-08-09,8.428571428571429,27.0,29.0,25.4,1.9,86.0,10.5,18.5,221,8,2018,7691.583685718183,0,26.74285714285714,37.900000000000006,85.71428571428571,8.102040816326532
2018-08-10,8.428571428571429,27.5,29.9,25.5,1.0,86.0,11.3,19.5,222,8,2018,7691.583685718183,0,26.814285714285713,37.400000000000006,86.0,8.26530612244898
2018-08-11,8.428571428571429,27.4,29.2,25.9,0.8,87.0,11.7,19.2,223,8,2018,7691.583685718183,0,26.88571428571429,32.9,86.28571428571429,8.428571428571429
2018-08-12,6.142857142857143,27.5,29.6,25.8,0.7,86.0,11.3,18.7,224,8,2018,7691.583685718183,0,27.0,27.500000000000004,86.28571428571429,8.10204081632653
2018-08-13,6.142857142857143,27.8,30.0,26.1,0.8,84.0,13.0,18.3,225,8,2018,7691.583685718183,0,27.142857142857142,22.700000000000006,86.0,7.775510204081633
2018-08-14,6.142857142857143,27.9,30.0,26.4,1.0,83.0,14.9,21.1,226,8,2018,7691.583685718183,0,27.328571428571426,17.200000000000003,85.71428571428571,7.448979591836735
2018-08-15,6.142857142857143,28.0,30.2,25.9,1.5,81.0,13.6,19.3,227,8,2018,7691.583685718183,0,27.585714285714285,7.700000000000004,84.71428571428571,7.122448979591837
2018-08-16,6.142857142857143,27.9,30.5,25.9,0.3,83.0,10.5,13.7,228,8,2018,7691.583685718183,0,27.714285714285715,6.100000000000004,84.28571428571429,6.795918367346938
2018-08-17,6.142857142857143,27.5,29.2,25.4,2.3,83.0,11.0,16.6,229,8,2018,7691.583685718183,0,27.714285714285715,7.400000000000003,83.85714285714286,6.469387755102042
2018-08-18,6.142857142857143,27.8,29.9,26.4,4.7,80.0,14.5,21.1,230,8,2018,7691.583685718183,0,27.771428571428572,11.300000000000004,82.85714285714286,6.142857142857143
2018-08-19,9.714285714285714,27.8,29.8,26.4,3.4,80.0,13.4,21.6,231,8,2018,7691.583685718183,0,27.814285714285713,14.000000000000004,82.0,6.653061224489796
2018-08-20,9.714285714285714,27.9,30.8,26.1,2.2,81.0,11.0,16.5,232,8,2018,7691.583685718183,0,27.828571428571426,15.400000000000004,81.57142857142857,7.163265306122449
2018-08-21,9.714285714285714,27.6,29.4,25.7,2.9,84.0,10.5,16.1,233,8,2018,7691.583685718183,0,27.785714285714285,17.300000000000004,81.71428571428571,7.673469387755101
2018-08-22,9.714285714285714,26.9,28.2,25.2,7.0,86.0,10.1,14.7,234,8,2018,7691.583685718183,0,27.62857142857143,22.800000000000004,82.42857142857143,8.183673469387754
2018-08-23,9.714285714285714,27.3,29.4,25.1,3.8,84.0,9.6,15.2,235,8,2018,7691.583685718183,0,27.542857142857144,26.300000000000004,82.57142857142857,8.693877551020408
2018-08-24,9.714285714285714,27.4,29.8,26.0,15.1,85.0,9.4,13.9,236,8,2018,7691.583685718183,0,27.52857142857143,39.10000000000001,82.85714285714286,9.20408163265306
2018-08-25,9.714285714285714,26.8,28.7,25.0,7.5,86.0,8.3,13.7,237,8,2018,7691.583685718183,0,27.385714285714283,41.900000000000006,83.71428571428571,9.714285714285714
2018-08-26,10.714285714285714,27.7,30.1,25.4,0.1,82.0,9.6,14.1,238,8,2018,7691.583685718183,0,27.37142857142857,38.6,84.0,9.857142857142858
2018-08-27,10.714285714285714,27.6,29.9,26.3,3.8,84.0,10.1,14.5,239,8,2018,7691.583685718183,0,27.32857142857143,40.2,84.42857142857143,10.0
2018-08-28,10.714285714285714,26.9,29.0,25.2,5.9,87.0,8.7,14.8,240,8,2018,7691.583685718183,0,27.228571428571428,43.2,84.85714285714286,10.142857142857142
2018-08-29,10.714285714285714,26.7,28.6,25.0,7.5,85.0,9.0,17.7,241,8,2018,7691.583685718183,0,27.2,43.7,84.71428571428571,10.285714285714286
2018-08-30,10.714285714285714,27.4,30.2,25.1,0.1,81.0,7.7,12.0,242,8,2018,7691.583685718183,0,27.214285714285715,40.00000000000001,84.28571428571429,10.428571428571429
2018-08-31,10.714285714285714,26.5,28.2,24.3,17.8,87.0,7.2,11.7,243,8,2018,7691.583685718183,0,27.08571428571429,42.7,84.57142857142857,10.571428571428571
2018-09-01,10.714285714285714,26.9,29.7,24.5,1.1,86.0,5.9,9.0,244,9,2018,7691.583685718183,0,27.099999999999998,36.300000000000004,84.57142857142857,10.714285714285714
2018-09-02,10.857142857142858,26.8,28.7,24.8,11.8,86.0,6.0,13.0,245,9,2018,7691.583685718183,0,26.97142857142857,48.00000000000001,85.14285714285714,10.73469387755102
2018-09-03,10.857142857142858,26.6,28.5,24.5,3.8,86.0,10.4,18.0,246,9,2018,7691.583685718183,0,26.828571428571426,48.00000000000001,85.42857142857143,10.755102040816325
2018-09-04,10.857142857142858,25.9,27.6,24.1,6.5,88.0,6.9,13.4,247,9,2018,7691.583685718183,0,26.685714285714287,48.60000000000001,85.57142857142857,10.775510204081632
2018-09-05,10.857142857142858,26.5,28.8,24.1,0.3,85.0,7.3,11.5,248,9,2018,7691.583685718183,0,26.657142857142855,41.40000000000001,85.57142857142857,10.795918367346939
2018-09-06,10.857142857142858,26.7,29.4,24.4,1.9,86.0,6.7,11.9,249,9,2018,7691.583685718183,0,26.557142857142853,43.20000000000001,86.28571428571429,10.816326530612246
2018-09-07,10.857142857142858,26.4,28.0,24.9,10.4,88.0,7.7,14.9,250,9,2018,7691.583685718183,0,26.54285714285714,35.800000000000004,86.42857142857143,10.836734693877549
2018-09-08,10.857142857142858,25.6,26.8,24.6,7.3,90.0,9.4,15.8,251,9,2018,7691.583685718183,0,26.357142857142858,42.0,87.0,10.857142857142858
2018-09-09,7.0,26.1,27.8,24.5,12.7,89.0,9.2,17.0,252,9,2018,7691.583685718183,0,26.25714285714286,42.900000000000006,87.42857142857143,10.306122448979592
2018-09-10,7.0,26.3,28.3,24.8,8.9,88.0,7.5,12.6,253,9,2018,7691.583685718183,0,26.214285714285715,48.0,87.71428571428571,9.755102040816327
2018-09-11,7.0,25.9,28.3,24.2,8.7,89.0,6.3,13.5,254,9,2018,7691.583685718183,0,26.214285714285715,50.2,87.85714285714286,9.204081632653061
2018-09-12,7.0,26.4,28.6,24.2,1.9,87.0,9.5,18.3,255,9,2018,7691.583685718183,0,26.2,51.800000000000004,88.14285714285714,8.653061224489795
2018-09-13,7.0,27.3,30.0,24.5,0.0,81.0,8.5,14.5,256,9,2018,7691.583685718183,0,26.285714285714285,49.900000000000006,87.42857142857143,8.10204081632653
2018-09-14,7.0,27.1,29.8,24.2,1.2,83.0,10.2,18.8,257,9,2018,7691.583685718183,0,26.385714285714283,40.7,86.71428571428571,7.551020408163265
2018-09-15,7.0,26.9,29.2,24.4,2.7,83.0,9.2,17.5,258,9,2018,7691.583685718183,0,26.571428571428573,36.1,85.71428571428571,7.0
2018-09-16,9.0,26.9,29.0,24.8,1.9,77.0,10.8,18.0,259,9,2018,7691.583685718183,0,26.685714285714283,25.300000000000004,84.0,7.285714285714286
2018-09-17,9.0,27.3,29.8,25.8,0.4,77.0,11.9,18.4,260,9,2018,7691.583685718183,0,26.82857142857143,16.800000000000004,82.42857142857143,7.571428571428571
2018-09-18,9.0,26.8,28.9,25.2,7.2,86.0,6.0,9.4,261,9,2018,7691.583685718183,0,26.957142857142856,15.300000000000004,82.0,7.857142857142857
2018-09-19,9.0,26.5,29.7,24.6,1.4,87.0,5.6,10.1,262,9,2018,7691.583685718183,0,26.971428571428568,14.800000000000002,82.0,8.142857142857142
2018-09-20,9.0,26.5,28.8,24.7,15.3,86.0,4.8,8.5,263,9,2018,7691.583685718183,0,26.857142857142858,30.1,82.71428571428571,8.428571428571429
2018-09-21,9.0,26.2,28.2,23.9,12.8,89.0,4.4,9.3,264,9,2018,7691.583685718183,0,26.728571428571428,41.7,83.57142857142857,8.714285714285714
2018-09-22,9.0,26.5,29.3,24.4,3.9,87.0,6.0,9.4,265,9,2018,7691.583685718183,0,26.671428571428574,42.9,84.14285714285714,9.0
2018-09-23,5.714285714285714,27.7,30.6,25.1,0.2,82.0,8.3,15.3,266,9,2018,7691.583685718183,0,26.785714285714285,41.2,84.85714285714286,8.53061224489796
2018-09-24,5.714285714285714,27.4,30.0,24.8,1.3,85.0,8.3,12.1,267,9,2018,7691.583685718183,0,26.8,42.1,86.0,8.061224489795919
2018-09-25,5.714285714285714,27.3,30.3,24.1,1.0,83.0,7.8,12.6,268,9,2018,7691.583685718183,0,26.87142857142857,35.9,85.57142857142857,7.591836734693878
2018-09-26,5.714285714285714,27.4,30.2,24.8,1.8,83.0,7.7,11.6,269,9,2018,7691.583685718183,0,27.0,36.300000000000004,85.0,7.122448979591837
2018-09-27,5.714285714285714,27.4,29.8,24.8,3.0,85.0,8.4,14.5,270,9,2018,7691.583685718183,0,27.12857142857143,24.000000000000007,84.85714285714286,6.653061224489797
2018-09-28,5.714285714285714,28.0,31.4,24.7,0.0,79.0,9.4,14.7,271,9,2018,7691.583685718183,0,27.385714285714283,11.200000000000003,83.42857142857143,6.183673469387756
2018-09-29,5.714285714285714,27.9,30.9,24.6,0.4,80.0,9.6,13.0,272,9,2018,7691.583685718183,0,27.585714285714285,7.700000000000004,82.42857142857143,5.714285714285714
2018-09-30,7.285714285714286,28.2,31.0,25.4,0.5,80.0,9.5,14.1,273,9,2018,7691.583685718183,0,27.657142857142855,8.000000000000004,82.14285714285714,5.938775510204081
2018-10-01,7.285714285714286,27.6,29.6,24.8,3.7,83.0,8.6,15.5,274,10,2018,7691.583685718183,0,27.685714285714283,10.400000000000004,81.85714285714286,6.163265306122449
2018-10-02,7.285714285714286,27.6,30.4,25.4,10.6,84.0,6.5,12.3,275,10,2018,7691.583685718183,0,27.72857142857143,20.000000000000004,82.0,6.387755102040816
2018-10-03,7.285714285714286,27.5,30.5,24.5,8.7,86.0,5.4,9.2,276,10,2018,7691.583685718183,0,27.74285714285714,26.900000000000002,82.42857142857143,6.612244897959184
2018-10-04,7.285714285714286,27.8,29.6,26.3,8.6,83.0,9.4,15.5,277,10,2018,7691.583685718183,0,27.8,32.5,82.14285714285714,6.836734693877551
2018-10-05,7.285714285714286,27.9,30.8,24.6,0.2,82.0,8.0,19.1,278,10,2018,7691.583685718183,0,27.785714285714285,32.7,82.57142857142857,7.061224489795918
2018-10-06,7.285714285714286,26.8,29.6,24.5,3.6,85.0,8.7,13.8,279,10,2018,7691.583685718183,0,27.628571428571426,35.900000000000006,83.28571428571429,7.285714285714286
2018-10-07,7.285714285714286,26.3,29.6,24.3,17.4,88.0,7.4,13.0,280,10,2018,7691.583685718183,0,27.357142857142858,52.8,84.42857142857143,7.285714285714286
2018-10-08,7.285714285714286,26.5,29.7,24.6,11.1,89.0,4.4,8.0,281,10,2018,7691.583685718183,0,27.2,60.199999999999996,85.28571428571429,7.285714285714286
2018-10-09,7.285714285714286,25.9,28.6,23.9,14.4,90.0,3.8,9.0,282,10,2018,7691.583685718183,0,26.95714285714286,64.0,86.14285714285714,7.285714285714286
2018-10-10,7.285714285714286,25.8,28.9,23.7,17.1,90.0,4.6,9.0,283,10,2018,7691.583685718183,0,26.714285714285715,72.4,86.71428571428571,7.285714285714286
2018-10-11,7.285714285714286,25.6,28.0,23.4,34.7,90.0,5.5,10.5,284,10,2018,7691.583685718183,0,26.400000000000002,98.5,87.71428571428571,7.285714285714286
2018-10-12,7.285714285714286,25.6,27.9,23.6,26.9,89.0,9.1,16.4,285,10,2018,7691.583685718183,0,26.071428571428573,125.2,88.71428571428571,7.285714285714286
2018-10-13,7.285714285714286,25.7,27.8,23.8,8.8,89.0,7.4,13.0,286,10,2018,7691.583685718183,0,25.91428571428571,130.4,89.28571428571429,7.285714285714286
2018-10-14,8.857142857142858,25.2,27.2,22.9,27.7,93.0,5.1,9.0,287,10,2018,7691.583685718183,0,25.75714285714286,140.7,90.0,7.5102040816326525
2018-10-15,8.857142857142858,26.4,29.7,23.7,0.4,86.0,5.3,10.5,288,10,2018,7691.583685718183,0,25.74285714285714,130.0,89.57142857142857,7.7346938775510194
2018-10-16,8.857142857142858,25.8,28.0,23.4,28.3,89.0,6.0,12.1,289,10,2018,7691.583685718183,0,25.728571428571428,143.9,89.42857142857143,7.959183673469387
2018-10-17,8.857142857142858,26.2,28.6,24.0,6.0,90.0,6.3,13.3,290,10,2018,7691.583685718183,0,25.785714285714285,132.8,89.42857142857143,8.183673469387754
2018-10-18,8.857142857142858,26.2,28.8,23.0,20.0,86.0,7.4,12.4,291,10,2018,7691.583685718183,0,25.87142857142857,118.10000000000001,88.85714285714286,8.408163265306124
2018-10-19,8.857142857142858,26.5,28.9,24.5,1.2,85.0,8.5,14.3,292,10,2018,7691.583685718183,0,26.0,92.40000000000002,88.28571428571429,8.63265306122449
2018-10-20,8.857142857142858,26.9,29.0,24.4,2.4,86.0,6.8,12.6,293,10,2018,7691.583685718183,0,26.171428571428574,86.0,87.85714285714286,8.857142857142858
2018-10-21,11.142857142857142,27.0,30.0,25.1,11.3,87.0,6.4,9.4,294,10,2018,7691.583685718183,0,26.428571428571427,69.60000000000001,87.0,9.183673469387754
2018-10-22,11.142857142857142,27.0,30.4,24.2,8.3,85.0,5.5,10.2,295,10,2018,7691.583685718183,0,26.514285714285716,77.5,86.85714285714286,9.510204081632653
2018-10-23,11.142857142857142,26.3,29.0,24.0,18.9,90.0,4.5,11.8,296,10,2018,7691.583685718183,0,26.585714285714285,68.1,87.0,9.83673469387755
2018-10-24,11.142857142857142,26.2,29.6,23.6,8.8,90.0,5.7,8.8,297,10,2018,7691.583685718183,0,26.585714285714285,70.9,87.0,10.16326530612245
2018-10-25,11.142857142857142,26.2,29.5,23.5,13.4,89.0,4.3,8.9,298,10,2018,7691.583685718183,0,26.585714285714285,64.3,87.42857142857143,10.489795918367346
2018-10-26,11.142857142857142,26.6,29.1,24.5,12.6,88.0,4.8,9.7,299,10,2018,7691.583685718183,0,26.599999999999998,75.7,87.85714285714286,10.816326530612244
2018-10-27,11.142857142857142,26.4,29.4,24.0,16.8,88.0,4.6,9.7,300,10,2018,7691.583685718183,0,26.52857142857143,90.1,88.14285714285714,11.142857142857142
2018-10-28,10.714285714285714,26.2,30.0,24.1,23.1,89.0,3.8,6.8,301,10,2018,7691.583685718183,0,26.41428571428571,101.9,88.42857142857143,11.081632653061224
2018-10-29,10.714285714285714,26.9,29.7,24.4,7.1,89.0,5.4,10.8,302,10,2018,7691.583685718183,0,26.4,100.7,89.0,11.020408163265305
2018-10-30,10.714285714285714,26.3,29.0,24.5,17.9,90.0,4.7,10.2,303,10,2018,7691.583685718183,0,26.400000000000002,99.70000000000002,89.0,10.959183673469386
2018-10-31,10.714285714285714,25.4,28.4,24.0,19.0,92.0,6.5,13.5,304,10,2018,7691.583685718183,0,26.285714285714285,109.9,89.28571428571429,10.897959183673468
2018-11-01,10.714285714285714,25.7,27.5,24.2,17.7,91.0,7.2,11.8,305,11,2018,7691.583685718183,1,26.214285714285715,114.20000000000002,89.57142857142857,10.83673469387755
2018-11-02,10.714285714285714,25.8,29.1,24.5,23.8,90.0,6.5,11.2,306,11,2018,7691.583685718183,1,26.099999999999998,125.4,89.85714285714286,10.77551020408163
2018-11-03,10.714285714285714,25.5,28.9,24.0,18.8,92.0,4.2,11.1,307,11,2018,7691.583685718183,1,25.97142857142857,127.4,90.42857142857143,10.714285714285714
2018-11-04,10.142857142857142,25.6,28.8,23.8,11.9,91.0,6.1,10.9,308,11,2018,7691.583685718183,1,25.88571428571429,116.20000000000002,90.71428571428571,10.63265306122449
2018-11-05,10.142857142857142,25.7,29.0,23.1,18.2,92.0,5.1,9.2,309,11,2018,7691.583685718183,1,25.714285714285715,127.30000000000001,91.14285714285714,10.551020408163264
2018-11-06,10.142857142857142,26.0,29.6,23.8,15.7,90.0,6.3,11.2,310,11,2018,7691.583685718183,1,25.67142857142857,125.1,91.14285714285714,10.469387755102039
2018-11-07,10.142857142857142,26.4,29.0,24.5,10.2,88.0,7.2,13.3,311,11,2018,7691.583685718183,1,25.814285714285717,116.3,90.57142857142857,10.387755102040815
2018-11-08,10.142857142857142,26.4,30.0,24.0,23.3,91.0,5.4,10.2,312,11,2018,7691.583685718183,1,25.914285714285715,121.9,90.57142857142857,10.306122448979592
2018-11-09,10.142857142857142,26.2,28.2,24.5,18.6,91.0,4.7,8.5,313,11,2018,7691.583685718183,1,25.97142857142857,116.7,90.71428571428571,10.224489795918368
2018-11-10,10.142857142857142,26.7,30.3,24.5,12.6,90.0,3.7,7.2,314,11,2018,7691.583685718183,1,26.142857142857142,110.5,90.42857142857143,10.142857142857142
2018-11-11,11.142857142857142,26.3,30.0,24.8,17.8,90.0,4.5,9.4,315,11,2018,7691.583685718183,1,26.24285714285714,116.4,90.28571428571429,10.285714285714286
2018-11-12,11.142857142857142,26.2,29.0,24.5,14.3,90.0,4.6,7.6,316,11,2018,7691.583685718183,1,26.314285714285713,112.50000000000001,90.0,10.428571428571429
2018-11-13,11.142857142857142,25.3,27.1,23.4,44.1,93.0,5.9,9.8,317,11,2018,7691.583685718183,1,26.214285714285715,140.9,90.42857142857143,10.571428571428571
2018-11-14,11.142857142857142,26.3,29.1,24.6,20.4,87.0,5.1,7.2,318,11,2018,7691.583685718183,1,26.2,151.10000000000002,90.28571428571429,10.714285714285714
2018-11-15,11.142857142857142,26.1,28.1,24.3,16.2,90.0,6.1,13.6,319,11,2018,7691.583685718183,1,26.157142857142855,144.0,90.14285714285714,10.857142857142858
2018-11-16,11.142857142857142,26.5,29.5,24.0,2.5,89.0,5.8,10.8,320,11,2018,7691.583685718183,1,26.2,127.9,89.85714285714286,10.999999999999998
2018-11-17,11.142857142857142,26.6,28.5,24.5,1.1,89.0,6.8,9.4,321,11,2018,7691.583685718183,1,26.185714285714287,116.4,89.71428571428571,11.142857142857142
2018-11-18,13.857142857142858,26.4,28.4,24.5,2.5,85.0,7.8,13.0,322,11,2018,7691.583685718183,1,26.2,101.10000000000001,89.0,11.530612244897958
2018-11-19,13.857142857142858,26.3,28.6,24.5,12.2,89.0,5.0,9.6,323,11,2018,7691.583685718183,1,26.214285714285715,99.0,88.85714285714286,11.918367346938776
2018-11-20,13.857142857142858,26.5,28.9,24.1,6.0,89.0,4.8,9.0,324,11,2018,7691.583685718183,1,26.385714285714283,60.9,88.28571428571429,12.306122448979592
2018-11-21,13.857142857142858,25.4,26.7,24.0,24.1,93.0,8.4,15.2,325,11,2018,7691.583685718183,1,26.257142857142856,64.6,89.14285714285714,12.693877551020408
2018-11-22,13.857142857142858,25.6,28.0,23.8,16.4,92.0,5.4,9.4,326,11,2018,7691.583685718183,1,26.185714285714287,64.8,89.42857142857143,13.081632653061224
2018-11-23,13.857142857142858,26.1,29.9,23.5,21.8,89.0,6.0,10.7,327,11,2018,7691.583685718183,1,26.12857142857143,84.1,89.42857142857143,13.469387755102042
2018-11-24,13.857142857142858,26.4,29.0,24.0,7.3,89.0,6.4,13.8,328,11,2018,7691.583685718183,1,26.099999999999998,90.3,89.42857142857143,13.857142857142858
2018-11-25,15.571428571428571,26.3,28.8,24.5,6.0,90.0,7.3,16.4,329,11,2018,7691.583685718183,1,26.085714285714285,93.8,90.14285714285714,14.102040816326532
2018-11-26,15.571428571428571,26.7,29.0,25.1,10.2,90.0,6.9,13.1,330,11,2018,7691.583685718183,1,26.142857142857142,91.8,90.28571428571429,14.346938775510205
2018-11-27,15.571428571428571,26.1,27.7,24.1,8.1,89.0,5.3,10.1,331,11,2018,7691.583685718183,1,26.08571428571429,93.9,90.28571428571429,14.591836734693876
2018-11-28,15.571428571428571,26.3,29.6,23.6,9.1,90.0,6.5,13.2,332,11,2018,7691.583685718183,1,26.214285714285715,78.9,89.85714285714286,14.836734693877549
2018-11-29,15.571428571428571,26.3,28.6,24.1,17.5,89.0,6.2,16.1,333,11,2018,7691.583685718183,1,26.314285714285713,80.0,89.42857142857143,15.081632653061225
2018-11-30,15.571428571428571,26.0,29.1,24.0,11.3,90.0,6.7,13.4,334,11,2018,7691.583685718183,1,26.3,69.5,89.57142857142857,15.326530612244898
2018-12-01,15.571428571428571,25.6,27.5,24.0,15.1,92.0,7.8,12.1,335,12,2018,7691.583685718183,1,26.185714285714283,77.3,90.0,15.571428571428571
2018-12-02,16.428571428571427,25.8,28.6,23.9,19.3,90.0,8.5,14.1,336,12,2018,7691.583685718183,1,26.114285714285717,90.6,90.0,15.693877551020408
2018-12-03,16.428571428571427,25.9,29.0,23.6,7.3,90.0,5.4,10.2,337,12,2018,7691.583685718183,1,26.000000000000004,87.7,90.0,15.816326530612244
2018-12-04,16.428571428571427,26.2,29.4,23.6,13.8,91.0,5.2,10.2,338,12,2018,7691.583685718183,1,26.014285714285712,93.4,90.28571428571429,15.938775510204081
2018-12-05,16.428571428571427,25.8,28.3,23.8,25.2,92.0,6.4,11.2,339,12,2018,7691.583685718183,1,25.942857142857147,109.50000000000001,90.57142857142857,16.06122448979592
2018-12-06,16.428571428571427,26.0,28.8,23.9,18.5,91.0,5.7,13.0,340,12,2018,7691.583685718183,1,25.900000000000002,110.5,90.85714285714286,16.183673469387752
2018-12-07,16.428571428571427,25.9,28.8,23.9,15.9,91.0,5.8,9.7,341,12,2018,7691.583685718183,1,25.885714285714283,115.1,91.0,16.30612244897959
2018-12-08,16.428571428571427,26.1,28.6,23.9,19.4,90.0,4.7,8.8,342,12,2018,7691.583685718183,1,25.95714285714286,119.4,90.71428571428571,16.428571428571427
2018-12-09,15.428571428571429,26.2,29.4,23.8,28.1,90.0,4.2,9.9,343,12,2018,7691.583685718183,1,26.014285714285712,128.2,90.71428571428571,16.285714285714285
2018-12-10,15.428571428571429,26.2,29.4,23.8,14.4,90.0,4.9,10.7,344,12,2018,7691.583685718183,1,26.057142857142853,135.3,90.71428571428571,16.142857142857142
2018-12-11,15.428571428571429,25.9,28.5,24.3,22.9,92.0,5.6,12.8,345,12,2018,7691.583685718183,1,26.014285714285712,144.4,90.85714285714286,16.0
2018-12-12,15.428571428571429,25.9,28.5,24.5,18.1,92.0,5.9,10.8,346,12,2018,7691.583685718183,1,26.02857142857143,137.3,90.85714285714286,15.857142857142858
2018-12-13,15.428571428571429,25.4,28.4,23.7,21.1,93.0,7.3,12.5,347,12,2018,7691.583685718183,1,25.942857142857143,139.9,91.14285714285714,15.714285714285714
2018-12-14,15.428571428571429,25.3,27.5,23.6,20.4,93.0,5.3,9.9,348,12,2018,7691.583685718183,1,25.857142857142858,144.4,91.42857142857143,15.571428571428571
2018-12-15,15.428571428571429,25.5,28.2,23.6,45.9,92.0,4.8,8.5,349,12,2018,7691.583685718183,1,25.77142857142857,170.9,91.71428571428571,15.428571428571429
2018-12-16,18.285714285714285,26.1,29.2,24.1,28.6,88.0,5.9,9.0,350,12,2018,7691.583685718183,1,25.75714285714286,171.4,91.42857142857143,15.83673469387755
2018-12-17,18.285714285714285,26.2,28.8,24.0,27.0,88.0,6.6,14.3,351,12,2018,7691.583685718183,1,25.75714285714286,184.0,91.14285714285714,16.24489795918367
2018-12-18,18.285714285714285,26.4,29.7,24.0,3.2,89.0,5.1,10.2,352,12,2018,7691.583685718183,1,25.82857142857143,164.29999999999998,90.71428571428571,16.653061224489793
2018-12-19,18.285714285714285,26.7,30.5,24.5,8.2,88.0,4.9,9.7,353,12,2018,7691.583685718183,1,25.942857142857143,154.4,90.14285714285714,17.06122448979592
2018-12-20,18.285714285714285,27.2,31.1,24.5,3.1,85.0,9.8,15.3,354,12,2018,7691.583685718183,1,26.199999999999996,136.4,89.0,17.46938775510204
2018-12-21,18.285714285714285,26.9,30.0,24.9,7.7,88.0,10.8,16.4,355,12,2018,7691.583685718183,1,26.428571428571427,123.7,88.28571428571429,17.877551020408163
2018-12-22,18.285714285714285,26.5,29.7,24.5,1.8,88.0,8.8,16.7,356,12,2018,7691.583685718183,1,26.571428571428573,79.60000000000001,87.71428571428571,18.285714285714285
2018-12-23,22.857142857142858,26.2,29.0,24.1,1.1,88.0,6.4,11.9,357,12,2018,7691.583685718183,1,26.585714285714282,52.1,87.71428571428571,18.938775510204085
2018-12-24,22.857142857142858,26.3,29.6,23.6,5.3,86.0,5.8,10.3,358,12,2018,7691.583685718183,1,26.599999999999998,30.4,87.42857142857143,19.591836734693878
2018-12-25,22.857142857142858,26.2,29.3,23.5,6.4,89.0,8.0,18.4,359,12,2018,7691.583685718183,1,26.571428571428573,33.6,87.42857142857143,20.244897959183675
2018-12-26,22.857142857142858,26.5,29.4,23.9,0.4,85.0,11.5,20.3,360,12,2018,7691.583685718183,1,26.542857142857144,25.8,87.0,20.897959183673468
2018-12-27,22.857142857142858,26.2,28.1,24.4,3.1,87.0,9.5,15.0,361,12,2018,7691.583685718183,1,26.400000000000002,25.8,87.28571428571429,21.551020408163264
2018-12-28,22.857142857142858,27.2,30.0,25.0,1.3,85.0,10.3,15.9,362,12,2018,7691.583685718183,1,26.442857142857143,19.400000000000002,86.85714285714286,22.20408163265306
2018-12-29,22.857142857142858,26.0,28.4,23.8,3.2,90.0,7.8,12.4,363,12,2018,7691.583685718183,1,26.37142857142857,20.8,87.14285714285714,22.857142857142858
2018-12-30,29.571428571428573,26.7,31.2,23.8,6.0,86.0,8.8,14.9,364,12,2018,7691.583685718183,1,26.442857142857143,25.700000000000003,86.85714285714286,23.816326530612248
2018-12-31,29.571428571428573,26.4,29.2,24.3,10.7,88.0,11.0,16.8,365,12,2018,7691.583685718183,1,26.457142857142856,31.1,87.14285714285714,24.775510204081634
2019-01-01,29.571428571428573,26.6,30.6,23.9,5.6,86.0,9.9,16.3,1,1,2019,7780.111853771655,1,26.514285714285716,30.299999999999997,86.71428571428571,25.734693877551024
2019-01-02,29.571428571428573,26.6,29.8,24.0,0.4,84.0,11.7,17.6,2,1,2019,7780.111853771655,1,26.528571428571432,30.3,86.57142857142857,26.69387755102041
2019-01-03,29.571428571428573,27.4,29.9,24.9,1.7,83.0,19.1,28.1,3,1,2019,7780.111853771655,1,26.7,28.9,86.0,27.653061224489797
2019-01-04,29.571428571428573,27.8,30.0,26.3,0.5,81.0,14.2,20.5,4,1,2019,7780.111853771655,1,26.785714285714285,28.099999999999998,85.42857142857143,28.612244897959187
2019-01-05,29.571428571428573,27.1,30.0,24.2,2.0,86.0,7.4,12.4,5,1,2019,7780.111853771655,1,26.942857142857147,26.9,84.85714285714286,29.571428571428573
2019-01-06,35.0,26.8,29.1,24.4,6.9,87.0,9.5,15.3,6,1,2019,7780.111853771655,1,26.957142857142856,27.799999999999997,85.0,30.346938775510207
2019-01-07,35.0,26.9,30.0,24.5,2.0,86.0,11.1,16.6,7,1,2019,7780.111853771655,1,27.028571428571432,19.1,84.71428571428571,31.122448979591837
2019-01-08,35.0,26.2,27.8,24.5,21.8,89.0,8.7,13.7,8,1,2019,7780.111853771655,1,26.971428571428568,35.3,85.14285714285714,31.897959183673468
2019-01-09,35.0,26.1,29.2,23.8,8.9,89.0,10.1,15.6,9,1,2019,7780.111853771655,1,26.900000000000002,43.8,85.85714285714286,32.673469387755105
2019-01-10,35.0,26.8,30.1,24.4,0.3,83.0,12.3,19.6,10,1,2019,7780.111853771655,1,26.814285714285713,42.4,85.85714285714286,33.44897959183673
2019-01-11,35.0,26.7,29.9,24.2,4.4,82.0,10.8,19.1,11,1,2019,7780.111853771655,1,26.657142857142862,46.3,86.0,34.224489795918366
2019-01-12,35.0,26.7,30.2,23.3,0.4,82.0,8.9,13.5,12,1,2019,7780.111853771655,1,26.599999999999998,44.699999999999996,85.42857142857143,35.0
2019-01-13,30.714285714285715,26.9,30.3,23.9,1.5,84.0,9.7,14.2,13,1,2019,7780.111853771655,1,26.614285714285717,39.3,85.0,34.38775510204082
2019-01-14,30.714285714285715,26.3,29.6,24.1,12.5,87.0,9.5,13.2,14,1,2019,7780.111853771655,1,26.52857142857143,49.8,85.14285714285714,33.775510204081634
2019-01-15,30.714285714285715,26.5,29.8,23.6,1.2,85.0,7.3,12.1,15,1,2019,7780.111853771655,1,26.571428571428573,29.199999999999996,84.57142857142857,33.163265306122454
2019-01-16,30.714285714285715,26.4,29.9,23.9,1.5,85.0,10.0,15.3,16,1,2019,7780.111853771655,1,26.61428571428571,21.799999999999997,84.0,32.55102040816327
2019-01-17,30.714285714285715,25.6,28.5,23.9,19.7,89.0,10.8,16.3,17,1,2019,7780.111853771655,1,26.442857142857143,41.199999999999996,84.85714285714286,31.938775510204085
2019-01-18,30.714285714285715,25.3,27.8,23.6,7.4,88.0,11.8,21.6,18,1,2019,7780.111853771655,1,26.24285714285714,44.199999999999996,85.71428571428571,31.326530612244902
2019-01-19,30.714285714285715,26.3,29.4,23.9,1.3,82.0,11.5,18.8,19,1,2019,7780.111853771655,1,26.185714285714287,45.099999999999994,85.71428571428571,30.714285714285715
2019-01-20,31.714285714285715,26.6,30.1,24.2,1.7,83.0,12.6,18.2,20,1,2019,7780.111853771655,1,26.142857142857142,45.29999999999999,85.57142857142857,30.857142857142858
2019-01-21,31.714285714285715,26.3,29.5,24.0,6.3,85.0,10.5,18.4,21,1,2019,7780.111853771655,1,26.142857142857142,39.1,85.28571428571429,31.0
2019-01-22,31.714285714285715,26.0,28.2,24.0,0.0,84.0,11.0,18.0,22,1,2019,7780.111853771655,1,26.071428571428573,37.9,85.14285714285714,31.142857142857142
2019-01-23,31.714285714285715,26.1,29.3,23.4,1.6,84.0,13.6,21.9,23,1,2019,7780.111853771655,1,26.028571428571432,37.99999999999999,85.0,31.285714285714285
2019-01-24,31.714285714285715,26.4,29.6,24.0,0.0,79.0,14.5,22.4,24,1,2019,7780.111853771655,1,26.142857142857142,18.299999999999997,83.57142857142857,31.428571428571427
2019-01-25,31.714285714285715,26.1,29.0,23.5,2.1,78.0,12.3,20.4,25,1,2019,7780.111853771655,1,26.25714285714286,12.999999999999996,82.14285714285714,31.571428571428573
2019-01-26,31.714285714285715,26.1,29.4,23.8,0.6,78.0,13.5,20.1,26,1,2019,7780.111853771655,1,26.228571428571428,12.299999999999995,81.57142857142857,31.714285714285715
2019-01-27,26.0,26.4,29.9,23.9,2.1,82.0,13.3,20.3,27,1,2019,7780.111853771655,1,26.2,12.699999999999996,81.42857142857143,30.89795918367347
2019-01-28,26.0,25.6,28.5,23.8,11.7,89.0,10.9,19.3,28,1,2019,7780.111853771655,1,26.1,18.099999999999994,82.0,30.081632653061227
2019-01-29,26.0,26.2,29.2,23.6,1.2,85.0,14.6,21.5,29,1,2019,7780.111853771655,1,26.12857142857143,19.299999999999994,82.14285714285714,29.26530612244898
2019-01-30,26.0,26.4,29.2,23.8,0.3,81.0,13.1,22.7,30,1,2019,7780.111853771655,1,26.17142857142857,17.999999999999993,81.71428571428571,28.44897959183674
2019-01-31,26.0,26.3,29.5,23.5,0.8,84.0,10.1,15.7,31,1,2019,7780.111853771655,1,26.157142857142862,18.799999999999994,82.42857142857143,27.63265306122449
2019-02-01,26.0,26.6,29.9,23.9,0.5,82.0,12.7,21.1,32,2,2019,7780.111853771655,1,26.228571428571428,17.199999999999996,83.0,26.816326530612248
2019-02-02,26.0,26.6,29.6,24.0,2.5,84.0,10.7,15.3,33,2,2019,7780.111853771655,1,26.3,19.099999999999994,83.85714285714286,26.0
2019-02-03,19.714285714285715,26.6,30.0,24.5,9.9,87.0,10.4,15.9,34,2,2019,7780.111853771655,1,26.328571428571426,26.89999999999999,84.57142857142857,25.102040816326532
2019-02-04,19.714285714285715,27.1,30.3,24.4,2.1,84.0,9.1,16.7,35,2,2019,7780.111853771655,1,26.542857142857144,17.299999999999994,83.85714285714286,24.20408163265306
2019-02-05,19.714285714285715,26.6,29.6,23.9,1.1,85.0,9.3,16.9,36,2,2019,7780.111853771655,1,26.6,17.199999999999996,83.85714285714286,23.30612244897959
2019-02-06,19.714285714285715,26.2,30.1,22.0,0.9,80.0,10.6,16.5,37,2,2019,7780.111853771655,1,26.571428571428573,17.799999999999994,83.71428571428571,22.408163265306122
2019-02-07,19.714285714285715,26.6,30.1,23.2,4.0,81.0,9.2,15.1,38,2,2019,7780.111853771655,1,26.614285714285717,20.999999999999993,83.28571428571429,21.51020408163265
2019-02-08,19.714285714285715,27.0,30.9,23.8,2.0,81.0,7.5,11.8,39,2,2019,7780.111853771655,1,26.67142857142857,22.499999999999993,83.14285714285714,20.612244897959183
2019-02-09,19.714285714285715,26.9,30.2,24.3,7.7,86.0,4.8,8.9,40,2,2019,7780.111853771655,1,26.714285714285715,27.699999999999996,83.42857142857143,19.714285714285715
2019-02-10,33.57142857142857,27.2,30.6,24.3,0.7,82.0,11.6,19.8,41,2,2019,7780.111853771655,1,26.800000000000004,18.499999999999996,82.71428571428571,21.69387755102041
2019-02-11,33.57142857142857,26.5,30.7,22.4,0.0,73.0,13.4,20.8,42,2,2019,7780.111853771655,1,26.714285714285715,16.399999999999995,81.14285714285714,23.6734693877551
2019-02-12,33.57142857142857,26.9,30.5,22.9,0.0,76.0,9.9,13.5,43,2,2019,7780.111853771655,1,26.757142857142856,15.299999999999995,79.85714285714286,25.653061224489793
2019-02-13,33.57142857142857,27.3,30.2,24.8,2.5,81.0,13.4,18.0,44,2,2019,7780.111853771655,1,26.914285714285715,16.899999999999995,80.0,27.63265306122449
2019-02-14,33.57142857142857,27.5,30.8,25.4,0.6,76.0,15.9,21.7,45,2,2019,7780.111853771655,1,27.042857142857144,13.499999999999996,79.28571428571429,29.612244897959183
2019-02-15,33.57142857142857,27.3,31.5,24.1,0.5,75.0,13.3,19.4,46,2,2019,7780.111853771655,1,27.08571428571429,11.999999999999996,78.42857142857143,31.591836734693874
2019-02-16,33.57142857142857,27.5,31.7,24.1,0.0,73.0,11.7,17.6,47,2,2019,7780.111853771655,1,27.171428571428574,4.2999999999999945,76.57142857142857,33.57142857142857
2019-02-17,26.0,27.0,30.9,24.1,3.1,80.0,7.2,12.9,48,2,2019,7780.111853771655,1,27.142857142857142,6.699999999999995,76.28571428571429,32.48979591836734
2019-02-18,26.0,26.6,29.0,24.0,4.0,81.0,4.9,9.0,49,2,2019,7780.111853771655,1,27.157142857142855,10.699999999999996,77.42857142857143,31.40816326530612
2019-02-19,26.0,27.4,31.1,24.1,4.1,81.0,7.9,13.6,50,2,2019,7780.111853771655,1,27.22857142857143,14.799999999999994,78.14285714285714,30.3265306122449
2019-02-20,26.0,27.7,31.4,24.7,2.4,80.0,7.2,12.0,51,2,2019,7780.111853771655,1,27.285714285714285,14.699999999999994,78.0,29.244897959183675
2019-02-21,26.0,27.9,32.7,23.9,0.0,75.0,12.8,20.6,52,2,2019,7780.111853771655,1,27.342857142857145,14.099999999999994,77.85714285714286,28.163265306122447
2019-02-22,26.0,27.7,32.2,23.5,4.9,78.0,9.5,15.9,53,2,2019,7780.111853771655,1,27.4,18.499999999999993,78.28571428571429,27.081632653061224
2019-02-23,26.0,27.9,33.3,23.6,0.2,72.0,10.5,16.5,54,2,2019,7780.111853771655,1,27.457142857142856,18.699999999999996,78.14285714285714,26.0
2019-02-24,22.428571428571427,27.7,33.3,23.5,2.4,72.0,10.0,14.5,55,2,2019,7780.111853771655,1,27.557142857142853,17.999999999999993,77.0,25.489795918367346
2019-02-25,22.428571428571427,28.1,32.8,24.3,2.3,73.0,11.1,17.1,56,2,2019,7780.111853771655,1,27.77142857142857,16.299999999999994,75.85714285714286,24.979591836734695
2019-02-26,22.428571428571427,27.5,30.8,25.2,2.1,80.0,14.7,19.8,57,2,2019,7780.111853771655,1,27.785714285714285,14.299999999999995,75.71428571428571,24.46938775510204
2019-02-27,22.428571428571427,28.0,32.7,24.6,1.1,73.0,16.2,23.4,58,2,2019,7780.111853771655,1,27.82857142857143,12.999999999999995,74.71428571428571,23.95918367346939
2019-02-28,22.428571428571427,28.2,32.2,25.4,0.1,72.0,13.3,22.2,59,2,2019,7780.111853771655,1,27.87142857142857,13.099999999999994,74.28571428571429,23.448979591836736
2019-03-01,22.428571428571427,28.0,32.2,24.8,1.2,73.0,13.8,23.5,60,3,2019,7780.111853771655,1,27.914285714285715,9.399999999999995,73.57142857142857,22.938775510204078
2019-03-02,22.428571428571427,28.2,34.9,23.0,0.0,67.0,9.4,15.8,61,3,2019,7780.111853771655,1,27.957142857142856,9.199999999999996,72.85714285714286,22.428571428571427
2019-03-03,19.142857142857142,27.6,33.0,23.0,0.1,70.0,9.1,20.9,62,3,2019,7780.111853771655,1,27.942857142857147,6.899999999999995,72.57142857142857,21.95918367346939
2019-03-04,19.142857142857142,28.1,34.8,23.7,1.0,70.0,9.7,19.1,63,3,2019,7780.111853771655,1,27.942857142857143,5.599999999999994,72.14285714285714,21.489795918367346
2019-03-05,19.142857142857142,27.7,34.2,23.4,12.9,76.0,7.2,16.2,64,3,2019,7780.111853771655,1,27.97142857142857,16.399999999999995,71.57142857142857,21.020408163265305
2019-03-06,19.142857142857142,27.4,31.6,24.4,47.0,80.0,9.9,17.3,65,3,2019,7780.111853771655,1,27.88571428571429,62.3,72.57142857142857,20.551020408163264
2019-03-07,19.142857142857142,27.6,31.9,24.8,1.2,82.0,5.3,12.3,66,3,2019,7780.111853771655,1,27.8,63.4,74.0,20.081632653061224
2019-03-08,19.142857142857142,28.3,32.8,25.2,0.2,77.0,8.3,15.6,67,3,2019,7780.111853771655,1,27.842857142857145,62.4,74.57142857142857,19.612244897959183
2019-03-09,19.142857142857142,28.1,32.0,24.6,2.4,78.0,8.4,13.0,68,3,2019,7780.111853771655,1,27.82857142857143,64.8,76.14285714285714,19.142857142857142
2019-03-10,15.571428571428571,28.0,30.9,25.0,1.4,78.0,7.1,14.8,69,3,2019,7780.111853771655,1,27.885714285714283,66.1,77.28571428571429,18.63265306122449
2019-03-11,15.571428571428571,27.2,31.0,24.5,10.8,82.0,4.4,9.4,70,3,2019,7780.111853771655,1,27.757142857142856,75.89999999999999,79.0,18.122448979591834
2019-03-12,15.571428571428571,27.4,30.6,24.5,3.2,81.0,5.8,12.6,71,3,2019,7780.111853771655,1,27.714285714285715,66.2,79.71428571428571,17.612244897959183
2019-03-13,15.571428571428571,28.0,31.6,25.1,2.2,81.0,7.0,14.3,72,3,2019,7780.111853771655,1,27.8,21.4,79.85714285714286,17.102040816326532
2019-03-14,15.571428571428571,28.1,33.0,24.0,0.1,73.0,10.5,18.8,73,3,2019,7780.111853771655,1,27.87142857142857,20.3,78.57142857142857,16.591836734693878
2019-03-15,15.571428571428571,27.7,33.3,23.6,0.0,70.0,10.4,22.6,74,3,2019,7780.111853771655,1,27.785714285714285,20.1,77.57142857142857,16.081632653061224
2019-03-16,15.571428571428571,27.4,32.5,22.7,2.4,75.0,9.8,17.6,75,3,2019,7780.111853771655,1,27.685714285714287,20.1,77.14285714285714,15.571428571428571
2019-03-17,13.857142857142858,28.4,34.1,24.2,0.0,67.0,10.9,22.5,76,3,2019,7780.111853771655,1,27.74285714285714,18.700000000000003,75.57142857142857,15.326530612244898
2019-03-18,13.857142857142858,28.1,34.7,22.1,0.0,66.0,11.1,19.6,77,3,2019,7780.111853771655,1,27.871428571428574,7.9,73.28571428571429,15.081632653061224
2019-03-19,13.857142857142858,28.5,34.8,23.2,0.0,65.0,11.5,21.6,78,3,2019,7780.111853771655,1,28.02857142857143,4.7,71.0,14.83673469387755
2019-03-20,13.857142857142858,29.1,35.5,24.9,1.1,68.0,9.1,17.9,79,3,2019,7780.111853771655,1,28.185714285714287,3.6,69.14285714285714,14.591836734693876
2019-03-21,13.857142857142858,27.9,33.5,24.5,25.9,76.0,9.8,17.3,80,3,2019,7780.111853771655,1,28.157142857142862,29.4,69.57142857142857,14.346938775510205
2019-03-22,13.857142857142858,27.2,31.6,23.8,5.5,84.0,6.5,11.1,81,3,2019,7780.111853771655,1,28.085714285714285,34.9,71.57142857142857,14.10204081632653
2019-03-23,13.857142857142858,27.4,31.2,24.6,15.7,85.0,3.9,7.9,82,3,2019,7780.111853771655,1,28.085714285714285,48.2,73.0,13.857142857142858
2019-03-24,14.285714285714286,27.3,30.9,24.1,4.5,86.0,5.0,9.0,83,3,2019,7780.111853771655,1,27.928571428571427,52.7,75.71428571428571,13.918367346938776
2019-03-25,14.285714285714286,27.5,31.4,24.9,5.8,83.0,5.7,10.8,84,3,2019,7780.111853771655,1,27.842857142857138,58.5,78.14285714285714,13.979591836734695
2019-03-26,14.285714285714286,28.0,31.2,25.3,1.5,81.0,9.2,13.8,85,3,2019,7780.111853771655,1,27.77142857142857,60.0,80.42857142857143,14.040816326530614
2019-03-27,14.285714285714286,28.9,33.5,25.2,0.0,71.0,8.3,11.7,86,3,2019,7780.111853771655,1,27.74285714285714,58.9,80.85714285714286,14.102040816326532
2019-03-28,14.285714285714286,27.2,30.0,25.5,19.9,85.0,4.7,11.1,87,3,2019,7780.111853771655,1,27.642857142857142,52.9,82.14285714285714,14.16326530612245
2019-03-29,14.285714285714286,27.9,30.9,25.4,2.9,84.0,6.0,12.1,88,3,2019,7780.111853771655,1,27.74285714285714,50.3,82.14285714285714,14.22448979591837
2019-03-30,14.285714285714286,26.1,28.5,24.4,17.2,90.0,5.2,12.0,89,3,2019,7780.111853771655,1,27.557142857142853,51.8,82.85714285714286,14.285714285714286
2019-03-31,15.428571428571429,26.4,28.5,24.5,15.8,90.0,4.4,8.1,90,3,2019,7780.111853771655,1,27.428571428571427,63.099999999999994,83.42857142857143,14.448979591836734
2019-04-01,15.428571428571429,25.9,27.2,23.8,25.1,91.0,6.6,12.6,91,4,2019,7780.111853771655,0,27.2,82.4,84.57142857142857,14.612244897959185
2019-04-02,15.428571428571429,26.5,29.5,24.8,8.2,87.0,4.2,9.4,92,4,2019,7780.111853771655,0,26.985714285714288,89.1,85.42857142857143,14.775510204081632
2019-04-03,15.428571428571429,25.8,27.5,24.0,3.8,90.0,6.0,10.2,93,4,2019,7780.111853771655,0,26.542857142857144,92.89999999999999,88.14285714285714,14.938775510204081
2019-04-04,15.428571428571429,26.8,30.1,24.1,6.5,87.0,6.9,11.5,94,4,2019,7780.111853771655,0,26.485714285714288,79.5,88.42857142857143,15.102040816326532
2019-04-05,15.428571428571429,27.5,31.3,24.3,0.5,81.0,6.9,15.2,95,4,2019,7780.111853771655,0,26.428571428571427,77.1,88.0,15.26530612244898
2019-04-06,15.428571428571429,27.1,30.9,23.9,0.1,80.0,8.3,13.8,96,4,2019,7780.111853771655,0,26.571428571428573,60.0,86.57142857142857,15.428571428571429
2019-04-07,17.857142857142858,27.2,31.2,22.9,0.7,80.0,6.1,8.5,97,4,2019,7780.111853771655,0,26.685714285714287,44.9,85.14285714285714,15.775510204081636
2019-04-08,17.857142857142858,27.1,30.6,24.0,5.6,85.0,6.0,11.2,98,4,2019,7780.111853771655,0,26.857142857142858,25.4,84.28571428571429,16.122448979591837
2019-04-09,17.857142857142858,27.1,31.1,24.5,7.7,87.0,4.6,9.4,99,4,2019,7780.111853771655,0,26.942857142857143,24.9,84.28571428571429,16.46938775510204
2019-04-10,17.857142857142858,26.6,29.6,24.9,30.6,89.0,5.6,14.5,100,4,2019,7780.111853771655,0,27.05714285714286,51.7,84.14285714285714,16.816326530612248
2019-04-11,17.857142857142858,26.9,28.7,25.3,7.4,89.0,4.6,9.9,101,4,2019,7780.111853771655,0,27.071428571428573,52.6,84.42857142857143,17.163265306122447
2019-04-12,17.857142857142858,27.5,29.9,25.5,10.2,88.0,3.5,8.0,102,4,2019,7780.111853771655,0,27.071428571428573,62.3,85.42857142857143,17.510204081632654
2019-04-13,17.857142857142858,27.7,30.0,25.0,6.8,86.0,4.5,8.1,103,4,2019,7780.111853771655,0,27.157142857142862,69.0,86.28571428571429,17.857142857142858
2019-04-14,19.285714285714285,27.4,29.5,26.1,18.2,88.0,5.8,11.7,104,4,2019,7780.111853771655,0,27.185714285714283,86.5,87.42857142857143,18.061224489795915
2019-04-15,19.285714285714285,27.9,31.5,25.0,9.1,86.0,4.1,7.9,105,4,2019,7780.111853771655,0,27.3,90.0,87.57142857142857,18.26530612244898
2019-04-16,19.285714285714285,28.1,31.2,25.2,6.2,84.0,5.0,9.4,106,4,2019,7780.111853771655,0,27.442857142857143,88.5,87.14285714285714,18.46938775510204
2019-04-17,19.285714285714285,28.3,30.9,25.2,0.5,82.0,6.8,10.8,107,4,2019,7780.111853771655,0,27.685714285714287,58.4,86.14285714285714,18.6734693877551
2019-04-18,19.285714285714285,28.2,31.5,25.5,2.7,85.0,5.0,9.7,108,4,2019,7780.111853771655,0,27.87142857142857,53.699999999999996,85.57142857142857,18.877551020408163
2019-04-19,19.285714285714285,28.2,31.6,25.9,9.5,85.0,4.2,9.0,109,4,2019,7780.111853771655,0,27.97142857142857,53.0,85.14285714285714,19.081632653061224
2019-04-20,19.285714285714285,26.7,30.4,24.8,49.1,89.0,4.8,10.1,110,4,2019,7780.111853771655,0,27.828571428571426,95.3,85.57142857142857,19.285714285714285
2019-04-21,22.428571428571427,27.3,30.3,25.5,8.0,89.0,4.9,8.7,111,4,2019,7780.111853771655,0,27.814285714285717,85.1,85.71428571428571,19.73469387755102
2019-04-22,22.428571428571427,27.3,29.6,25.2,10.5,90.0,6.4,13.8,112,4,2019,7780.111853771655,0,27.728571428571428,86.5,86.28571428571429,20.183673469387752
2019-04-23,22.428571428571427,27.4,29.9,25.7,18.5,89.0,4.6,10.1,113,4,2019,7780.111853771655,0,27.62857142857143,98.8,87.0,20.632653061224488
2019-04-24,22.428571428571427,27.2,29.0,25.7,11.4,89.0,4.1,7.2,114,4,2019,7780.111853771655,0,27.47142857142857,109.7,88.0,21.081632653061224
2019-04-25,22.428571428571427,27.8,30.4,25.5,11.5,89.0,5.1,11.2,115,4,2019,7780.111853771655,0,27.414285714285715,118.5,88.57142857142857,21.53061224489796
2019-04-26,22.428571428571427,26.4,27.5,24.8,45.3,93.0,5.2,11.3,116,4,2019,7780.111853771655,0,27.157142857142855,154.29999999999998,89.71428571428571,21.979591836734695
2019-04-27,22.428571428571427,26.0,27.8,24.6,16.6,90.0,5.1,8.0,117,4,2019,7780.111853771655,0,27.057142857142857,121.8,89.85714285714286,22.428571428571427
2019-04-28,27.714285714285715,27.1,29.1,24.5,1.2,83.0,5.4,11.9,118,4,2019,7780.111853771655,0,27.02857142857143,115.0,89.0,23.183673469387752
2019-04-29,27.714285714285715,27.8,31.1,24.4,0.6,86.0,7.1,13.2,119,4,2019,7780.111853771655,0,27.1,105.1,88.42857142857143,23.938775510204078
2019-04-30,27.714285714285715,27.3,29.3,25.0,9.1,91.0,5.7,13.3,120,4,2019,7780.111853771655,0,27.085714285714285,95.7,88.71428571428571,24.69387755102041
2019-05-01,27.714285714285715,28.2,31.1,25.0,2.8,85.0,5.5,11.6,121,5,2019,7780.111853771655,0,27.228571428571428,87.1,88.14285714285714,25.448979591836736
2019-05-02,27.714285714285715,28.2,31.1,25.5,10.0,90.0,3.7,9.1,122,5,2019,7780.111853771655,0,27.285714285714285,85.6,88.28571428571429,26.20408163265306
2019-05-03,27.714285714285715,28.3,30.9,26.3,4.7,88.0,5.0,7.4,123,5,2019,7780.111853771655,0,27.557142857142857,45.0,87.57142857142857,26.95918367346939
2019-05-04,27.714285714285715,27.6,29.9,25.9,25.6,89.0,5.8,10.0,124,5,2019,7780.111853771655,0,27.785714285714285,54.0,87.42857142857143,27.714285714285715
2019-05-05,41.0,27.3,29.1,24.5,14.8,89.0,9.4,15.1,125,5,2019,7780.111853771655,0,27.814285714285717,67.6,88.28571428571429,29.612244897959183
2019-05-06,41.0,28.4,30.4,26.6,0.2,83.0,10.5,16.2,126,5,2019,7780.111853771655,0,27.9,67.2,87.85714285714286,31.51020408163265
2019-05-07,41.0,28.1,30.0,26.1,1.3,85.0,8.5,14.0,127,5,2019,7780.111853771655,0,28.014285714285716,59.400000000000006,87.0,33.40816326530612
2019-05-08,41.0,27.5,29.2,26.0,3.9,87.0,8.8,15.2,128,5,2019,7780.111853771655,0,27.914285714285715,60.5,87.28571428571429,35.30612244897959
2019-05-09,41.0,27.6,29.9,25.2,6.6,89.0,7.8,12.3,129,5,2019,7780.111853771655,0,27.82857142857143,57.099999999999994,87.14285714285714,37.204081632653065
2019-05-10,41.0,28.4,30.8,26.4,0.1,85.0,7.4,10.6,130,5,2019,7780.111853771655,0,27.842857142857145,52.5,86.71428571428571,39.10204081632653
2019-05-11,41.0,27.3,29.4,25.0,4.4,89.0,6.4,9.9,131,5,2019,7780.111853771655,0,27.8,31.3,86.71428571428571,41.0
2019-05-12,44.142857142857146,27.3,29.5,25.5,6.1,91.0,5.7,9.4,132,5,2019,7780.111853771655,0,27.8,22.6,87.0,41.44897959183673
2019-05-13,44.142857142857146,27.0,29.1,25.1,9.0,89.0,6.1,10.1,133,5,2019,7780.111853771655,0,27.6,31.4,87.85714285714286,41.89795918367347
2019-05-14,44.142857142857146,27.2,29.8,24.8,14.4,89.0,7.2,11.3,134,5,2019,7780.111853771655,0,27.471428571428568,44.5,88.42857142857143,42.3469387755102
2019-05-15,44.142857142857146,26.9,29.6,24.9,17.4,88.0,5.5,11.0,135,5,2019,7780.111853771655,0,27.385714285714283,58.0,88.57142857142857,42.795918367346935
2019-05-16,44.142857142857146,26.9,29.3,24.8,14.2,90.0,6.1,10.1,136,5,2019,7780.111853771655,0,27.285714285714285,65.6,88.71428571428571,43.244897959183675
2019-05-17,44.142857142857146,26.6,28.5,24.5,13.4,90.0,6.5,11.2,137,5,2019,7780.111853771655,0,27.02857142857143,78.9,89.42857142857143,43.693877551020414
2019-05-18,44.142857142857146,27.2,29.5,25.8,7.3,87.0,7.3,12.3,138,5,2019,7780.111853771655,0,27.014285714285712,81.8,89.14285714285714,44.142857142857146
2019-05-19,54.0,26.6,28.4,25.6,14.5,90.0,7.6,13.0,139,5,2019,7780.111853771655,0,26.914285714285715,90.2,89.0,45.55102040816327
2019-05-20,54.0,27.4,29.2,26.3,13.2,87.0,6.4,11.6,140,5,2019,7780.111853771655,0,26.971428571428568,94.4,88.71428571428571,46.95918367346939
2019-05-21,54.0,26.9,29.0,25.0,17.7,88.0,7.6,11.9,141,5,2019,7780.111853771655,0,26.928571428571427,97.69999999999999,88.57142857142857,48.367346938775505
2019-05-22,54.0,26.6,28.5,25.0,4.2,89.0,6.8,15.5,142,5,2019,7780.111853771655,0,26.885714285714283,84.49999999999999,88.71428571428571,49.775510204081634
2019-05-23,54.0,27.3,30.0,24.6,9.3,86.0,8.1,13.7,143,5,2019,7780.111853771655,0,26.942857142857143,79.6,88.14285714285714,51.183673469387756
2019-05-24,54.0,27.8,30.5,25.1,2.3,84.0,7.2,12.0,144,5,2019,7780.111853771655,0,27.114285714285717,68.5,87.28571428571429,52.59183673469387
2019-05-25,54.0,27.4,29.2,25.5,5.7,88.0,7.5,13.9,145,5,2019,7780.111853771655,0,27.142857142857142,66.9,87.42857142857143,54.0
2019-05-26,57.285714285714285,27.8,29.8,26.0,3.2,87.0,8.4,13.0,146,5,2019,7780.111853771655,0,27.314285714285713,55.6,87.0,54.46938775510204
2019-05-27,57.285714285714285,27.5,29.3,25.9,3.8,90.0,7.5,11.2,147,5,2019,7780.111853771655,0,27.32857142857143,46.2,87.42857142857143,54.93877551020408
2019-05-28,57.285714285714285,27.6,29.7,25.9,4.9,88.0,8.5,16.9,148,5,2019,7780.111853771655,0,27.428571428571427,33.4,87.42857142857143,55.40816326530613
2019-05-29,57.285714285714285,26.8,29.4,24.9,35.8,90.0,6.4,11.6,149,5,2019,7780.111853771655,0,27.45714285714286,65.0,87.57142857142857,55.87755102040817
2019-05-30,57.285714285714285,26.9,29.4,24.6,7.6,89.0,5.2,9.0,150,5,2019,7780.111853771655,0,27.400000000000002,63.300000000000004,88.0,56.3469387755102
2019-05-31,57.285714285714285,26.9,29.0,25.2,11.2,91.0,5.0,10.6,151,5,2019,7780.111853771655,0,27.27142857142857,72.2,89.0,56.816326530612244
2019-06-01,57.285714285714285,26.7,28.8,24.9,8.6,90.0,6.1,11.9,152,6,2019,7780.111853771655,0,27.171428571428574,75.1,89.28571428571429,57.285714285714285
2019-06-02,57.142857142857146,27.0,29.4,24.8,10.4,88.0,5.9,10.6,153,6,2019,7780.111853771655,0,27.057142857142857,82.3,89.42857142857143,57.26530612244898
2019-06-03,57.142857142857146,26.3,28.5,24.8,25.8,91.0,5.9,11.2,154,6,2019,7780.111853771655,0,26.885714285714283,104.3,89.57142857142857,57.244897959183675
2019-06-04,57.142857142857146,27.2,29.8,25.5,3.4,87.0,7.7,13.9,155,6,2019,7780.111853771655,0,26.82857142857143,102.80000000000001,89.42857142857143,57.22448979591837
2019-06-05,57.142857142857146,26.9,29.2,25.0,22.4,90.0,7.3,10.9,156,6,2019,7780.111853771655,0,26.842857142857138,89.39999999999999,89.42857142857143,57.204081632653065
2019-06-06,57.142857142857146,26.3,28.0,25.0,31.9,92.0,6.6,12.9,157,6,2019,7780.111853771655,0,26.757142857142856,113.69999999999999,89.85714285714286,57.183673469387756
2019-06-07,57.142857142857146,26.2,28.0,24.9,7.4,90.0,6.0,11.4,158,6,2019,7780.111853771655,0,26.657142857142862,109.89999999999999,89.71428571428571,57.163265306122454
2019-06-08,57.142857142857146,26.6,28.7,25.0,5.8,89.0,7.4,14.3,159,6,2019,7780.111853771655,0,26.642857142857142,107.1,89.57142857142857,57.142857142857146
2019-06-09,66.71428571428571,26.6,28.5,24.6,11.9,90.0,6.4,10.3,160,6,2019,7780.111853771655,0,26.585714285714285,108.6,89.85714285714286,58.51020408163265
2019-06-10,66.71428571428571,27.5,29.9,25.0,15.8,86.0,9.3,16.5,161,6,2019,7780.111853771655,0,26.75714285714286,98.6,89.14285714285714,59.87755102040817
2019-06-11,66.71428571428571,27.2,28.9,25.9,23.5,91.0,8.1,14.6,162,6,2019,7780.111853771655,0,26.757142857142856,118.69999999999999,89.71428571428571,61.24489795918367
2019-06-12,66.71428571428571,27.1,29.1,25.2,37.2,87.0,12.6,20.3,163,6,2019,7780.111853771655,0,26.785714285714285,133.5,89.28571428571429,62.61224489795918
2019-06-13,66.71428571428571,27.4,28.5,26.6,5.0,88.0,10.7,14.9,164,6,2019,7780.111853771655,0,26.942857142857143,106.6,88.71428571428571,63.97959183673469
2019-06-14,66.71428571428571,27.2,29.2,25.5,9.7,89.0,9.1,13.7,165,6,2019,7780.111853771655,0,27.085714285714285,108.9,88.57142857142857,65.3469387755102
2019-06-15,66.71428571428571,27.1,29.0,25.4,2.5,88.0,7.2,11.9,166,6,2019,7780.111853771655,0,27.157142857142855,105.60000000000001,88.42857142857143,66.71428571428571
2019-06-16,61.85714285714285,27.8,30.1,25.8,2.6,87.0,10.4,19.1,167,6,2019,7780.111853771655,0,27.32857142857143,96.3,88.0,66.0204081632653
2019-06-17,61.85714285714285,27.0,29.1,25.5,13.2,89.0,9.2,15.6,168,6,2019,7780.111853771655,0,27.25714285714286,93.7,88.42857142857143,65.3265306122449
2019-06-18,61.85714285714285,25.9,27.2,24.5,26.1,93.0,6.5,13.0,169,6,2019,7780.111853771655,0,27.071428571428573,96.30000000000001,88.71428571428571,64.63265306122449
2019-06-19,61.85714285714285,26.6,28.8,24.0,9.5,89.0,5.8,9.0,170,6,2019,7780.111853771655,0,27.0,68.6,89.0,63.93877551020408
2019-06-20,61.85714285714285,27.1,28.8,25.6,17.2,90.0,6.5,11.6,171,6,2019,7780.111853771655,0,26.95714285714286,80.8,89.28571428571429,63.24489795918367
2019-06-21,61.85714285714285,27.0,28.4,25.7,9.9,90.0,6.6,10.0,172,6,2019,7780.111853771655,0,26.928571428571427,81.0,89.42857142857143,62.551020408163254
2019-06-22,61.85714285714285,26.3,27.8,24.8,19.0,89.0,8.3,13.0,173,6,2019,7780.111853771655,0,26.814285714285713,97.5,89.57142857142857,61.85714285714285
2019-06-23,71.0,27.6,29.9,26.2,1.9,85.0,12.1,18.4,174,6,2019,7780.111853771655,0,26.785714285714285,96.80000000000001,89.28571428571429,63.16326530612243
2019-06-24,71.0,27.4,29.4,25.9,0.8,87.0,10.7,17.2,175,6,2019,7780.111853771655,0,26.842857142857138,84.4,89.0,64.46938775510203
2019-06-25,71.0,27.9,29.9,26.0,8.4,83.0,13.2,18.9,176,6,2019,7780.111853771655,0,27.12857142857143,66.7,87.57142857142857,65.77551020408163
2019-06-26,71.0,27.4,28.9,26.0,1.4,85.0,9.9,15.5,177,6,2019,7780.111853771655,0,27.24285714285714,58.6,87.0,67.08163265306122
2019-06-27,71.0,27.3,29.6,25.1,5.6,86.0,9.0,12.5,178,6,2019,7780.111853771655,0,27.271428571428572,47.00000000000001,86.42857142857143,68.38775510204081
2019-06-28,71.0,28.0,29.7,26.6,2.3,84.0,12.9,18.7,179,6,2019,7780.111853771655,0,27.414285714285715,39.4,85.57142857142857,69.6938775510204
2019-06-29,71.0,27.3,29.2,26.2,7.0,88.0,10.9,16.5,180,6,2019,7780.111853771655,0,27.557142857142857,27.4,85.42857142857143,71.0
2019-06-30,84.71428571428571,27.0,28.6,25.6,10.2,87.0,9.8,13.6,181,6,2019,7780.111853771655,0,27.471428571428568,35.7,85.71428571428571,72.95918367346938
2019-07-01,84.71428571428571,27.5,29.6,25.6,1.0,84.0,10.2,16.5,182,7,2019,7780.111853771655,0,27.485714285714284,35.89999999999999,85.28571428571429,74.91836734693878
2019-07-02,84.71428571428571,27.9,29.9,26.4,1.6,83.0,11.5,16.3,183,7,2019,7780.111853771655,0,27.485714285714288,29.099999999999998,85.28571428571429,76.87755102040816
2019-07-03,84.71428571428571,27.2,28.8,25.5,11.8,87.0,9.6,15.6,184,7,2019,7780.111853771655,0,27.457142857142856,39.5,85.57142857142857,78.83673469387756
2019-07-04,84.71428571428571,26.6,29.5,24.2,5.2,87.0,8.9,14.6,185,7,2019,7780.111853771655,0,27.357142857142858,39.099999999999994,85.71428571428571,80.79591836734694
2019-07-05,84.71428571428571,27.2,30.1,24.3,2.4,86.0,10.3,18.1,186,7,2019,7780.111853771655,0,27.24285714285714,39.2,86.0,82.75510204081631
2019-07-06,84.71428571428571,27.2,29.0,25.5,6.6,88.0,6.3,9.0,187,7,2019,7780.111853771655,0,27.228571428571428,38.8,86.0,84.71428571428571
2019-07-07,94.71428571428572,27.2,29.5,25.3,9.0,87.0,6.7,12.1,188,7,2019,7780.111853771655,0,27.25714285714286,37.6,86.0,86.14285714285714
2019-07-08,94.71428571428572,27.0,29.4,25.2,15.9,88.0,8.8,15.5,189,7,2019,7780.111853771655,0,27.185714285714287,52.5,86.57142857142857,87.57142857142857
2019-07-09,94.71428571428572,26.4,28.6,24.5,15.4,86.0,9.5,14.8,190,7,2019,7780.111853771655,0,26.97142857142857,66.3,87.0,89.0
2019-07-10,94.71428571428572,27.7,30.1,25.8,0.4,79.0,12.5,19.7,191,7,2019,7780.111853771655,0,27.042857142857144,54.9,85.85714285714286,90.42857142857143
2019-07-11,94.71428571428572,27.7,30.0,24.7,0.4,79.0,11.0,16.6,192,7,2019,7780.111853771655,0,27.199999999999996,50.1,84.71428571428571,91.85714285714286
2019-07-12,94.71428571428572,27.6,29.9,25.6,0.0,82.0,11.2,17.1,193,7,2019,7780.111853771655,0,27.25714285714286,47.7,84.14285714285714,93.28571428571429
2019-07-13,94.71428571428572,27.4,29.9,25.4,0.4,84.0,11.0,18.0,194,7,2019,7780.111853771655,0,27.285714285714285,41.5,83.57142857142857,94.71428571428572
2019-07-14,92.28571428571428,27.3,29.5,25.1,4.5,85.0,9.5,15.2,195,7,2019,7780.111853771655,0,27.3,37.0,83.28571428571429,94.36734693877551
2019-07-15,92.28571428571428,26.3,27.8,25.4,4.4,86.0,9.7,16.2,196,7,2019,7780.111853771655,0,27.199999999999996,25.5,83.0,94.02040816326532
2019-07-16,92.28571428571428,27.2,29.5,25.6,0.8,80.0,13.6,21.3,197,7,2019,7780.111853771655,0,27.314285714285717,10.9,82.14285714285714,93.67346938775509
2019-07-17,92.28571428571428,27.3,29.6,25.2,1.3,79.0,13.1,22.0,198,7,2019,7780.111853771655,0,27.25714285714286,11.8,82.14285714285714,93.32653061224491
2019-07-18,92.28571428571428,27.7,29.8,25.9,0.4,76.0,14.6,20.3,199,7,2019,7780.111853771655,0,27.25714285714286,11.8,81.71428571428571,92.97959183673468
2019-07-19,92.28571428571428,27.6,29.8,26.0,0.1,78.0,12.8,18.3,200,7,2019,7780.111853771655,0,27.257142857142856,11.9,81.14285714285714,92.63265306122449
2019-07-20,92.28571428571428,27.4,30.2,24.4,0.6,82.0,9.8,14.5,201,7,2019,7780.111853771655,0,27.25714285714286,12.100000000000001,80.85714285714286,92.28571428571428
2019-07-21,86.42857142857143,27.2,29.6,24.8,1.8,86.0,8.3,13.6,202,7,2019,7780.111853771655,0,27.24285714285714,9.4,81.0,91.44897959183673
2019-07-22,86.42857142857143,26.3,28.0,24.8,21.1,90.0,7.2,12.3,203,7,2019,7780.111853771655,0,27.24285714285714,26.1,81.57142857142857,90.61224489795917
2019-07-23,86.42857142857143,26.0,27.2,24.3,14.2,90.0,7.5,11.6,204,7,2019,7780.111853771655,0,27.071428571428573,39.5,83.0,89.77551020408164
2019-07-24,86.42857142857143,26.4,28.5,24.6,13.1,86.0,10.7,18.2,205,7,2019,7780.111853771655,0,26.942857142857143,51.300000000000004,84.0,88.93877551020408
2019-07-25,86.42857142857143,27.3,29.5,25.1,0.5,80.0,9.8,15.1,206,7,2019,7780.111853771655,0,26.885714285714283,51.4,84.57142857142857,88.10204081632654
2019-07-26,86.42857142857143,26.8,29.6,24.0,0.2,83.0,9.3,14.1,207,7,2019,7780.111853771655,0,26.771428571428572,51.5,85.28571428571429,87.26530612244899
2019-07-27,86.42857142857143,27.3,29.9,25.1,1.1,84.0,8.2,12.8,208,7,2019,7780.111853771655,0,26.75714285714286,52.0,85.57142857142857,86.42857142857143
2019-07-28,85.57142857142857,26.4,28.4,24.5,7.7,89.0,9.3,15.9,209,7,2019,7780.111853771655,0,26.642857142857142,57.900000000000006,86.0,86.3061224489796
2019-07-29,85.57142857142857,27.3,29.6,24.8,1.4,85.0,11.0,17.8,210,7,2019,7780.111853771655,0,26.785714285714285,38.199999999999996,85.28571428571429,86.18367346938776
2019-07-30,85.57142857142857,26.8,28.6,25.5,2.1,86.0,9.8,16.0,211,7,2019,7780.111853771655,0,26.900000000000002,26.1,84.71428571428571,86.06122448979592
2019-07-31,85.57142857142857,27.5,29.9,25.5,0.5,76.0,13.5,21.4,212,7,2019,7780.111853771655,0,27.057142857142853,13.5,83.28571428571429,85.93877551020408
2019-08-01,85.57142857142857,27.4,30.0,24.8,0.8,78.0,12.8,20.2,213,8,2019,7780.111853771655,0,27.071428571428573,13.8,83.0,85.81632653061224
2019-08-02,85.57142857142857,27.7,30.0,25.7,0.0,78.0,12.5,19.2,214,8,2019,7780.111853771655,0,27.2,13.600000000000001,82.28571428571429,85.69387755102039
2019-08-03,85.57142857142857,27.9,30.1,26.0,0.3,79.0,11.3,18.8,215,8,2019,7780.111853771655,0,27.285714285714285,12.799999999999999,81.57142857142857,85.57142857142857
2019-08-04,74.71428571428571,27.7,29.7,25.8,0.3,81.0,12.6,19.3,216,8,2019,7780.111853771655,0,27.47142857142857,5.4,80.42857142857143,84.0204081632653
2019-08-05,74.71428571428571,27.5,29.4,26.2,1.5,80.0,13.5,20.3,217,8,2019,7780.111853771655,0,27.5,5.5,79.71428571428571,82.46938775510203
2019-08-06,74.71428571428571,27.5,29.8,26.0,1.0,81.0,13.6,18.9,218,8,2019,7780.111853771655,0,27.599999999999998,4.4,79.0,80.91836734693878
2019-08-07,74.71428571428571,27.5,29.6,25.8,1.7,81.0,11.3,17.9,219,8,2019,7780.111853771655,0,27.599999999999998,5.6,79.71428571428571,79.36734693877551
2019-08-08,74.71428571428571,27.6,29.9,25.8,0.3,78.0,13.2,21.7,220,8,2019,7780.111853771655,0,27.62857142857143,5.1,79.71428571428571,77.81632653061224
2019-08-09,74.71428571428571,27.7,29.9,26.1,1.0,80.0,14.0,21.1,221,8,2019,7780.111853771655,0,27.628571428571426,6.1,80.0,76.26530612244899
2019-08-10,74.71428571428571,27.8,30.2,26.3,1.1,79.0,14.7,20.6,222,8,2019,7780.111853771655,0,27.614285714285717,6.9,80.0,74.71428571428571
2019-08-11,74.85714285714286,28.1,30.4,26.1,1.2,79.0,13.5,20.7,223,8,2019,7780.111853771655,0,27.67142857142857,7.8,79.71428571428571,74.73469387755101
2019-08-12,74.85714285714286,28.1,31.0,26.2,0.6,79.0,11.6,16.4,224,8,2019,7780.111853771655,0,27.75714285714286,6.9,79.57142857142857,74.75510204081631
2019-08-13,74.85714285714286,28.0,30.4,26.1,0.5,81.0,11.7,16.5,225,8,2019,7780.111853771655,0,27.82857142857143,6.4,79.57142857142857,74.77551020408164
2019-08-14,74.85714285714286,27.8,30.0,26.0,1.5,82.0,9.6,14.2,226,8,2019,7780.111853771655,0,27.87142857142857,6.2,79.71428571428571,74.79591836734694
2019-08-15,74.85714285714286,27.0,28.8,24.6,7.6,85.0,7.6,14.2,227,8,2019,7780.111853771655,0,27.785714285714285,13.5,80.71428571428571,74.81632653061226
2019-08-16,74.85714285714286,27.6,29.9,25.8,5.5,80.0,11.3,17.7,228,8,2019,7780.111853771655,0,27.771428571428572,18.0,80.71428571428571,74.83673469387756
2019-08-17,74.85714285714286,27.5,30.0,25.5,1.9,82.0,12.6,19.5,229,8,2019,7780.111853771655,0,27.728571428571428,18.799999999999997,81.14285714285714,74.85714285714286
2019-08-18,67.71428571428571,28.2,31.4,26.0,0.5,76.0,14.6,19.4,230,8,2019,7780.111853771655,0,27.742857142857144,18.099999999999998,80.71428571428571,73.83673469387756
2019-08-19,67.71428571428571,27.9,31.0,24.8,0.0,76.0,11.3,17.8,231,8,2019,7780.111853771655,0,27.714285714285715,17.499999999999996,80.28571428571429,72.81632653061224
2019-08-20,67.71428571428571,28.5,31.7,26.4,0.5,76.0,15.4,20.1,232,8,2019,7780.111853771655,0,27.785714285714285,17.499999999999996,79.57142857142857,71.79591836734694
2019-08-21,67.71428571428571,28.1,30.5,26.1,0.5,78.0,12.2,16.8,233,8,2019,7780.111853771655,0,27.82857142857143,16.5,79.0,70.77551020408163
2019-08-22,67.71428571428571,27.2,29.1,25.4,4.1,85.0,9.2,15.0,234,8,2019,7780.111853771655,0,27.857142857142858,13.0,79.0,69.75510204081633
2019-08-23,67.71428571428571,27.6,30.1,25.6,2.7,79.0,11.4,16.9,235,8,2019,7780.111853771655,0,27.857142857142858,10.2,78.85714285714286,68.73469387755101
2019-08-24,67.71428571428571,27.7,30.8,25.1,1.6,77.0,10.6,16.9,236,8,2019,7780.111853771655,0,27.88571428571429,9.9,78.14285714285714,67.71428571428571
2019-08-25,59.142857142857146,27.4,29.0,25.2,5.9,81.0,7.8,13.0,237,8,2019,7780.111853771655,0,27.77142857142857,15.3,78.85714285714286,66.48979591836734
2019-08-26,59.142857142857146,27.3,30.5,24.4,6.8,82.0,6.6,12.2,238,8,2019,7780.111853771655,0,27.685714285714287,22.1,79.71428571428571,65.26530612244898
2019-08-27,59.142857142857146,26.5,28.3,24.6,17.9,88.0,6.6,11.3,239,8,2019,7780.111853771655,0,27.400000000000002,39.5,81.42857142857143,64.0408163265306
2019-08-28,59.142857142857146,26.4,28.1,24.8,9.3,88.0,7.9,13.2,240,8,2019,7780.111853771655,0,27.157142857142855,48.3,82.85714285714286,62.816326530612244
2019-08-29,59.142857142857146,27.7,30.4,25.0,1.0,80.0,15.8,23.7,241,8,2019,7780.111853771655,0,27.228571428571428,45.2,82.14285714285714,61.59183673469388
2019-08-30,59.142857142857146,26.9,29.4,24.8,7.5,81.0,14.2,23.1,242,8,2019,7780.111853771655,0,27.12857142857143,50.0,82.42857142857143,60.367346938775505
2019-08-31,59.142857142857146,27.7,30.3,25.9,0.0,74.0,13.2,17.7,243,8,2019,7780.111853771655,0,27.128571428571426,48.400000000000006,82.0,59.142857142857146
2019-09-01,46.71428571428572,27.7,31.0,24.0,0.0,78.0,11.1,16.3,244,9,2019,7780.111853771655,0,27.171428571428574,42.5,81.57142857142857,57.36734693877552
2019-09-02,46.71428571428572,28.5,31.7,25.9,1.1,78.0,12.8,18.5,245,9,2019,7780.111853771655,0,27.342857142857145,36.8,81.0,55.59183673469388
2019-09-03,46.71428571428572,28.4,31.4,25.8,1.8,80.0,11.2,18.7,246,9,2019,7780.111853771655,0,27.614285714285717,20.7,79.85714285714286,53.81632653061225
2019-09-04,46.71428571428572,27.7,30.2,25.1,4.2,82.0,11.1,18.8,247,9,2019,7780.111853771655,0,27.8,15.600000000000001,79.0,52.04081632653062
2019-09-05,46.71428571428572,27.8,30.8,25.6,0.5,78.0,11.7,17.1,248,9,2019,7780.111853771655,0,27.814285714285713,15.100000000000001,78.71428571428571,50.26530612244898
2019-09-06,46.71428571428572,28.2,31.1,25.0,0.6,79.0,11.7,17.7,249,9,2019,7780.111853771655,0,28.0,8.200000000000001,78.42857142857143,48.489795918367356
2019-09-07,46.71428571428572,28.2,31.0,25.5,0.3,76.0,14.6,19.7,250,9,2019,7780.111853771655,0,28.071428571428573,8.5,78.71428571428571,46.71428571428572
2019-09-08,45.285714285714285,28.3,31.6,25.4,0.3,75.0,13.4,18.7,251,9,2019,7780.111853771655,0,28.157142857142855,8.8,78.28571428571429,46.51020408163266
2019-09-09,45.285714285714285,28.0,30.8,24.8,1.8,78.0,10.7,16.8,252,9,2019,7780.111853771655,0,28.085714285714285,9.5,78.28571428571429,46.30612244897959
2019-09-10,45.285714285714285,28.0,30.5,25.9,0.9,81.0,10.6,15.5,253,9,2019,7780.111853771655,0,28.02857142857143,8.6,78.42857142857143,46.10204081632653
2019-09-11,45.285714285714285,28.3,32.0,25.1,0.9,76.0,10.2,16.7,254,9,2019,7780.111853771655,0,28.114285714285717,5.3,77.57142857142857,45.89795918367347
2019-09-12,45.285714285714285,28.2,31.2,24.4,0.6,77.0,9.6,14.7,255,9,2019,7780.111853771655,0,28.17142857142857,5.4,77.42857142857143,45.693877551020414
2019-09-13,45.285714285714285,28.1,31.5,24.6,0.2,78.0,10.4,17.3,256,9,2019,7780.111853771655,0,28.157142857142855,5.0,77.28571428571429,45.48979591836735
2019-09-14,45.285714285714285,27.3,29.2,24.2,4.9,81.0,10.6,17.1,257,9,2019,7780.111853771655,0,28.028571428571432,9.6,78.0,45.285714285714285
2019-09-15,43.0,27.7,30.6,25.1,0.6,76.0,10.9,17.4,258,9,2019,7780.111853771655,0,27.942857142857143,9.9,78.14285714285714,44.95918367346939
2019-09-16,43.0,28.1,31.4,25.5,0.0,73.0,10.8,16.6,259,9,2019,7780.111853771655,0,27.957142857142856,8.1,77.42857142857143,44.632653061224495
2019-09-17,43.0,28.3,31.8,25.6,0.5,75.0,12.6,18.6,260,9,2019,7780.111853771655,0,28.0,7.699999999999999,76.57142857142857,44.30612244897959
2019-09-18,43.0,28.6,31.5,26.3,1.3,76.0,14.3,21.7,261,9,2019,7780.111853771655,0,28.04285714285714,8.1,76.57142857142857,43.9795918367347
2019-09-19,43.0,28.6,32.6,25.3,0.0,74.0,12.6,18.3,262,9,2019,7780.111853771655,0,28.099999999999998,7.5,76.14285714285714,43.6530612244898
2019-09-20,43.0,28.0,31.9,25.6,1.3,75.0,11.6,15.9,263,9,2019,7780.111853771655,0,28.08571428571429,8.6,75.71428571428571,43.326530612244895
2019-09-21,43.0,28.5,32.5,25.4,0.0,73.0,13.1,18.0,264,9,2019,7780.111853771655,0,28.25714285714286,3.7,74.57142857142857,43.0
2019-09-22,37.285714285714285,28.5,33.2,25.0,0.0,73.0,12.8,16.7,265,9,2019,7780.111853771655,0,28.371428571428574,3.0999999999999996,74.14285714285714,42.183673469387756
2019-09-23,37.285714285714285,27.9,30.4,26.0,2.6,79.0,11.5,18.2,266,9,2019,7780.111853771655,0,28.342857142857145,5.7,75.0,41.367346938775505
2019-09-24,37.285714285714285,27.4,31.4,24.2,3.4,84.0,8.2,22.6,267,9,2019,7780.111853771655,0,28.214285714285715,8.6,76.28571428571429,40.55102040816326
2019-09-25,37.285714285714285,26.0,28.9,25.0,21.8,89.0,8.2,13.1,268,9,2019,7780.111853771655,0,27.842857142857145,29.1,78.14285714285714,39.73469387755102
2019-09-26,37.285714285714285,26.6,29.4,23.5,1.4,86.0,4.5,8.9,269,9,2019,7780.111853771655,0,27.557142857142857,30.5,79.85714285714286,38.91836734693877
2019-09-27,37.285714285714285,27.0,30.0,24.6,3.5,85.0,5.5,10.0,270,9,2019,7780.111853771655,0,27.41428571428571,32.7,81.28571428571429,38.10204081632652
2019-09-28,37.285714285714285,26.7,30.0,23.6,6.9,86.0,5.0,10.1,271,9,2019,7780.111853771655,0,27.157142857142855,39.6,83.14285714285714,37.285714285714285
2019-09-29,35.142857142857146,26.6,30.2,24.7,19.7,87.0,5.5,9.4,272,9,2019,7780.111853771655,0,26.88571428571429,59.3,85.14285714285714,36.97959183673469
2019-09-30,35.142857142857146,26.1,28.1,23.9,8.8,88.0,6.1,13.7,273,9,2019,7780.111853771655,0,26.62857142857143,65.5,86.42857142857143,36.673469387755105
2019-10-01,35.142857142857146,26.0,28.5,23.8,3.0,90.0,6.4,11.3,274,10,2019,7780.111853771655,0,26.428571428571427,65.1,87.28571428571429,36.36734693877551
2019-10-02,35.142857142857146,26.2,28.8,24.3,6.4,89.0,5.3,11.7,275,10,2019,7780.111853771655,0,26.457142857142856,49.7,87.28571428571429,36.06122448979592
2019-10-03,35.142857142857146,26.1,28.8,23.4,2.3,88.0,5.8,11.8,276,10,2019,7780.111853771655,0,26.38571428571429,50.6,87.57142857142857,35.755102040816325
2019-10-04,35.142857142857146,25.8,28.5,24.1,17.1,89.0,5.6,10.6,277,10,2019,7780.111853771655,0,26.214285714285715,64.2,88.14285714285714,35.44897959183674
2019-10-05,35.142857142857146,26.8,30.0,24.5,2.3,83.0,8.3,12.7,278,10,2019,7780.111853771655,0,26.228571428571428,59.6,87.71428571428571,35.142857142857146
2019-10-06,32.42857142857143,26.8,30.1,23.9,1.8,83.0,7.9,16.4,279,10,2019,7780.111853771655,0,26.25714285714286,41.7,87.14285714285714,34.75510204081633
2019-10-07,32.42857142857143,26.4,29.5,24.7,6.7,86.0,7.6,13.0,280,10,2019,7780.111853771655,0,26.3,39.6,86.85714285714286,34.36734693877551
2019-10-08,32.42857142857143,26.3,28.7,24.1,24.4,89.0,4.7,10.1,281,10,2019,7780.111853771655,0,26.342857142857145,61.0,86.71428571428571,33.9795918367347
2019-10-09,32.42857142857143,26.7,29.9,24.5,16.3,87.0,5.4,12.1,282,10,2019,7780.111853771655,0,26.41428571428571,70.9,86.42857142857143,33.59183673469388
2019-10-10,32.42857142857143,26.6,29.4,24.0,4.6,88.0,3.8,7.3,283,10,2019,7780.111853771655,0,26.485714285714288,73.2,86.42857142857143,33.204081632653065
2019-10-11,32.42857142857143,27.0,30.1,24.5,1.9,86.0,7.4,12.8,284,10,2019,7780.111853771655,0,26.657142857142862,57.99999999999999,86.0,32.816326530612244
2019-10-12,32.42857142857143,27.1,30.0,24.4,4.8,87.0,4.6,7.9,285,10,2019,7780.111853771655,0,26.7,60.5,86.57142857142857,32.42857142857143
2019-10-13,34.142857142857146,26.8,30.2,24.5,15.3,88.0,6.4,12.3,286,10,2019,7780.111853771655,0,26.699999999999996,74.0,87.28571428571429,32.673469387755105
2019-10-14,34.142857142857146,26.9,30.8,24.4,4.4,86.0,7.0,12.6,287,10,2019,7780.111853771655,0,26.771428571428572,71.7,87.28571428571429,32.91836734693878
2019-10-15,34.142857142857146,26.5,29.9,23.1,5.8,87.0,5.9,11.2,288,10,2019,7780.111853771655,0,26.8,53.1,87.0,33.16326530612245
2019-10-16,34.142857142857146,27.2,30.5,24.5,7.5,87.0,5.6,10.2,289,10,2019,7780.111853771655,0,26.871428571428574,44.3,87.0,33.40816326530613
2019-10-17,34.142857142857146,26.8,29.7,24.9,12.8,88.0,5.9,9.2,290,10,2019,7780.111853771655,0,26.9,52.5,87.0,33.6530612244898
2019-10-18,34.142857142857146,25.8,28.6,23.9,18.1,90.0,5.4,9.7,291,10,2019,7780.111853771655,0,26.728571428571428,68.7,87.57142857142857,33.89795918367347
2019-10-19,34.142857142857146,26.3,29.5,23.5,7.7,88.0,6.9,12.9,292,10,2019,7780.111853771655,0,26.614285714285717,71.60000000000001,87.71428571428571,34.142857142857146
2019-10-20,34.57142857142857,26.6,29.8,24.9,2.4,89.0,7.6,14.5,293,10,2019,7780.111853771655,0,26.585714285714285,58.7,87.85714285714286,34.204081632653065
2019-10-21,34.57142857142857,26.6,29.2,24.8,17.6,90.0,6.7,13.3,294,10,2019,7780.111853771655,0,26.542857142857144,71.9,88.42857142857143,34.26530612244898
2019-10-22,34.57142857142857,25.4,26.4,24.5,50.9,92.0,4.4,9.7,295,10,2019,7780.111853771655,0,26.38571428571429,117.0,89.14285714285714,34.3265306122449
2019-10-23,34.57142857142857,26.6,29.8,24.4,7.0,85.0,5.1,10.5,296,10,2019,7780.111853771655,0,26.3,116.5,88.85714285714286,34.38775510204082
2019-10-24,34.57142857142857,26.5,29.2,23.8,3.6,89.0,5.8,11.7,297,10,2019,7780.111853771655,0,26.25714285714286,107.3,89.0,34.44897959183673
2019-10-25,34.57142857142857,26.4,29.8,24.1,28.6,89.0,5.8,9.6,298,10,2019,7780.111853771655,0,26.342857142857145,117.8,88.85714285714286,34.51020408163265
2019-10-26,34.57142857142857,26.0,29.4,24.4,58.4,88.0,4.5,7.4,299,10,2019,7780.111853771655,0,26.300000000000004,168.5,88.85714285714286,34.57142857142857
2019-10-27,44.0,25.8,28.1,23.7,39.7,90.0,5.3,10.0,300,10,2019,7780.111853771655,0,26.185714285714283,205.79999999999998,89.0,35.91836734693877
2019-10-28,44.0,25.6,28.3,23.7,36.2,90.0,5.6,9.7,301,10,2019,7780.111853771655,0,26.042857142857144,224.4,89.0,37.265306122448976
2019-10-29,44.0,26.5,29.5,24.1,9.0,89.0,4.8,9.7,302,10,2019,7780.111853771655,0,26.2,182.5,88.57142857142857,38.61224489795918
2019-10-30,44.0,26.5,29.5,23.9,3.7,89.0,5.7,11.0,303,10,2019,7780.111853771655,0,26.185714285714287,179.2,89.14285714285714,39.95918367346939
2019-10-31,44.0,26.6,28.7,24.8,10.2,89.0,5.6,12.3,304,10,2019,7780.111853771655,0,26.2,185.8,89.14285714285714,41.306122448979586
2019-11-01,44.0,27.1,30.2,24.1,7.0,84.0,7.3,10.9,305,11,2019,7780.111853771655,1,26.3,164.2,88.42857142857143,42.6530612244898
2019-11-02,44.0,27.6,30.2,25.0,0.6,83.0,5.5,10.5,306,11,2019,7780.111853771655,1,26.52857142857143,106.39999999999999,87.71428571428571,44.0
2019-11-03,46.0,27.0,29.5,24.5,14.6,85.0,6.2,11.7,307,11,2019,7780.111853771655,1,26.7,81.3,87.0,44.285714285714285
2019-11-04,46.0,27.2,30.8,24.1,5.0,86.0,3.8,9.9,308,11,2019,7780.111853771655,1,26.928571428571427,50.099999999999994,86.42857142857143,44.57142857142857
2019-11-05,46.0,27.2,29.3,25.3,9.1,89.0,4.7,11.4,309,11,2019,7780.111853771655,1,27.02857142857143,50.199999999999996,86.42857142857143,44.857142857142854
2019-11-06,46.0,26.9,29.1,24.5,14.2,90.0,6.8,12.0,310,11,2019,7780.111853771655,1,27.085714285714285,60.699999999999996,86.57142857142857,45.142857142857146
2019-11-07,46.0,27.7,29.9,24.9,1.1,87.0,4.6,9.2,311,11,2019,7780.111853771655,1,27.24285714285714,51.6,86.28571428571429,45.42857142857143
2019-11-08,46.0,25.7,26.9,24.5,12.7,91.0,7.6,12.7,312,11,2019,7780.111853771655,1,27.042857142857144,57.3,87.28571428571429,45.714285714285715
2019-11-09,46.0,27.0,30.0,23.8,5.1,87.0,6.0,10.2,313,11,2019,7780.111853771655,1,26.95714285714286,61.8,87.85714285714286,46.0
2019-11-10,53.285714285714285,27.0,29.8,23.9,0.9,85.0,6.0,9.8,314,11,2019,7780.111853771655,1,26.95714285714286,48.1,87.85714285714286,47.04081632653062
2019-11-11,53.285714285714285,27.0,29.0,25.0,6.5,86.0,7.3,14.1,315,11,2019,7780.111853771655,1,26.928571428571427,49.599999999999994,87.85714285714286,48.08163265306123
2019-11-12,53.285714285714285,27.2,30.0,25.2,9.7,88.0,5.1,11.2,316,11,2019,7780.111853771655,1,26.928571428571427,50.2,87.71428571428571,49.122448979591844
2019-11-13,53.285714285714285,27.0,30.1,24.6,7.0,88.0,4.1,5.7,317,11,2019,7780.111853771655,1,26.942857142857143,43.0,87.42857142857143,50.163265306122454
2019-11-14,53.285714285714285,25.8,27.6,24.0,21.6,92.0,8.5,14.3,318,11,2019,7780.111853771655,1,26.671428571428574,63.5,88.14285714285714,51.204081632653065
2019-11-15,53.285714285714285,25.5,27.0,24.0,11.9,92.0,6.2,11.9,319,11,2019,7780.111853771655,1,26.642857142857142,62.7,88.28571428571429,52.244897959183675
2019-11-16,53.285714285714285,26.5,29.5,23.9,5.1,89.0,4.5,8.2,320,11,2019,7780.111853771655,1,26.571428571428573,62.7,88.57142857142857,53.285714285714285
2019-11-17,47.285714285714285,27.5,30.8,24.2,0.8,83.0,5.6,9.4,321,11,2019,7780.111853771655,1,26.642857142857142,62.6,88.28571428571429,52.42857142857142
2019-11-18,47.285714285714285,26.7,29.9,24.1,8.3,88.0,6.2,11.9,322,11,2019,7780.111853771655,1,26.599999999999998,64.4,88.57142857142857,51.57142857142857
2019-11-19,47.285714285714285,26.3,29.3,24.2,13.9,89.0,6.6,10.1,323,11,2019,7780.111853771655,1,26.47142857142857,68.6,88.71428571428571,50.714285714285715
2019-11-20,47.285714285714285,25.5,27.6,23.5,15.2,92.0,5.3,14.8,324,11,2019,7780.111853771655,1,26.25714285714286,76.8,89.28571428571429,49.857142857142854
2019-11-21,47.285714285714285,25.3,28.2,23.5,23.6,91.0,7.6,13.4,325,11,2019,7780.111853771655,1,26.185714285714283,78.80000000000001,89.14285714285714,49.0
2019-11-22,47.285714285714285,25.5,29.2,24.0,31.9,92.0,7.5,11.2,326,11,2019,7780.111853771655,1,26.185714285714283,98.8,89.14285714285714,48.142857142857146
2019-11-23,47.285714285714285,25.2,27.4,23.4,13.2,92.0,6.8,12.6,327,11,2019,7780.111853771655,1,26.0,106.9,89.57142857142857,47.285714285714285
2019-11-24,42.142857142857146,26.1,29.3,23.9,18.3,89.0,5.0,8.3,328,11,2019,7780.111853771655,1,25.8,124.4,90.42857142857143,46.55102040816327
2019-11-25,42.142857142857146,26.0,29.8,23.6,12.9,91.0,5.4,11.5,329,11,2019,7780.111853771655,1,25.7,129.0,90.85714285714286,45.81632653061224
2019-11-26,42.142857142857146,26.0,29.5,23.2,6.9,90.0,7.3,12.0,330,11,2019,7780.111853771655,1,25.657142857142855,122.0,91.0,45.08163265306122
2019-11-27,42.142857142857146,26.0,29.4,23.8,16.5,90.0,5.6,11.2,331,11,2019,7780.111853771655,1,25.728571428571428,123.3,90.71428571428571,44.3469387755102
2019-11-28,42.142857142857146,26.3,29.5,23.5,6.2,90.0,7.2,13.8,332,11,2019,7780.111853771655,1,25.871428571428574,105.89999999999999,90.57142857142857,43.61224489795918
2019-11-29,42.142857142857146,26.2,29.6,24.2,11.3,91.0,8.2,13.5,333,11,2019,7780.111853771655,1,25.97142857142857,85.3,90.42857142857143,42.87755102040817
2019-11-30,42.142857142857146,26.4,29.5,23.8,7.6,90.0,6.1,9.5,334,11,2019,7780.111853771655,1,26.142857142857142,79.7,90.14285714285714,42.142857142857146
2019-12-01,40.142857142857146,26.3,29.1,24.5,78.4,90.0,5.2,9.4,335,12,2019,7780.111853771655,1,26.17142857142857,139.8,90.28571428571429,41.857142857142854
2019-12-02,40.142857142857146,25.7,28.6,23.6,35.9,91.0,8.5,13.5,336,12,2019,7780.111853771655,1,26.12857142857143,162.8,90.28571428571429,41.57142857142857
2019-12-03,40.142857142857146,25.9,28.3,23.0,1.0,83.0,12.2,17.0,337,12,2019,7780.111853771655,1,26.11428571428571,156.9,89.28571428571429,41.285714285714285
2019-12-04,40.142857142857146,26.5,29.5,24.7,0.1,80.0,14.4,23.1,338,12,2019,7780.111853771655,1,26.185714285714283,140.5,87.85714285714286,41.0
2019-12-05,40.142857142857146,26.4,29.5,24.5,0.0,80.0,13.0,20.1,339,12,2019,7780.111853771655,1,26.2,134.3,86.42857142857143,40.714285714285715
2019-12-06,40.142857142857146,26.1,29.5,23.8,2.9,81.0,14.1,19.8,340,12,2019,7780.111853771655,1,26.185714285714283,125.9,85.0,40.42857142857143
2019-12-07,40.142857142857146,26.2,28.4,24.7,0.3,79.0,16.1,26.7,341,12,2019,7780.111853771655,1,26.157142857142855,118.60000000000001,83.42857142857143,40.142857142857146
2019-12-08,36.71428571428572,25.1,26.9,23.7,6.5,90.0,9.7,18.0,342,12,2019,7780.111853771655,1,25.985714285714288,46.699999999999996,83.42857142857143,39.653061224489804
2019-12-09,36.71428571428572,24.7,26.2,23.6,16.4,92.0,11.8,19.1,343,12,2019,7780.111853771655,1,25.842857142857138,27.2,83.57142857142857,39.163265306122454
2019-12-10,36.71428571428572,25.3,27.6,23.4,4.8,90.0,10.6,16.6,344,12,2019,7780.111853771655,1,25.75714285714286,31.0,84.57142857142857,38.673469387755105
2019-12-11,36.71428571428572,24.5,26.5,23.5,15.9,93.0,9.9,16.3,345,12,2019,7780.111853771655,1,25.47142857142857,46.8,86.42857142857143,38.18367346938776
2019-12-12,36.71428571428572,25.4,29.0,23.2,7.6,85.0,13.4,21.2,346,12,2019,7780.111853771655,1,25.32857142857143,54.4,87.14285714285714,37.693877551020414
2019-12-13,36.71428571428572,24.9,28.2,22.5,21.5,87.0,11.2,18.3,347,12,2019,7780.111853771655,1,25.157142857142862,73.0,88.0,37.204081632653065
2019-12-14,36.71428571428572,24.7,27.3,22.8,27.3,91.0,7.6,18.0,348,12,2019,7780.111853771655,1,24.942857142857143,100.0,89.71428571428571,36.71428571428572
2019-12-15,32.285714285714285,24.7,28.2,23.0,20.5,92.0,4.6,9.3,349,12,2019,7780.111853771655,1,24.885714285714283,114.0,90.0,36.08163265306123
2019-12-16,32.285714285714285,25.0,28.0,23.1,17.9,91.0,7.6,14.7,350,12,2019,7780.111853771655,1,24.928571428571427,115.5,89.85714285714286,35.44897959183674
2019-12-17,32.285714285714285,24.9,27.0,23.5,36.2,94.0,5.0,9.9,351,12,2019,7780.111853771655,1,24.87142857142857,146.9,90.42857142857143,34.816326530612244
2019-12-18,32.285714285714285,25.4,28.3,23.4,18.0,92.0,4.9,8.9,352,12,2019,7780.111853771655,1,25.0,149.0,90.28571428571429,34.183673469387756
2019-12-19,32.285714285714285,25.8,29.0,23.2,3.4,90.0,8.5,13.5,353,12,2019,7780.111853771655,1,25.057142857142853,144.8,91.0,33.55102040816327
2019-12-20,32.285714285714285,26.0,28.5,23.6,3.4,89.0,9.7,14.8,354,12,2019,7780.111853771655,1,25.214285714285715,126.7,91.28571428571429,32.91836734693877
2019-12-21,32.285714285714285,25.7,28.4,23.9,11.8,90.0,9.4,14.3,355,12,2019,7780.111853771655,1,25.357142857142858,111.20000000000002,91.14285714285714,32.285714285714285
2019-12-22,41.42857142857143,25.6,28.2,23.7,5.8,90.0,9.0,17.7,356,12,2019,7780.111853771655,1,25.485714285714288,96.50000000000001,90.85714285714286,33.59183673469388
2019-12-23,41.42857142857143,26.1,30.1,22.8,3.2,87.0,8.2,12.9,357,12,2019,7780.111853771655,1,25.642857142857142,81.80000000000001,90.28571428571429,34.89795918367347
2019-12-24,41.42857142857143,26.4,30.1,24.1,2.7,87.0,12.2,18.3,358,12,2019,7780.111853771655,1,25.857142857142858,48.300000000000004,89.28571428571429,36.204081632653065
2019-12-25,41.42857142857143,26.0,29.6,23.6,8.6,88.0,7.1,12.6,359,12,2019,7780.111853771655,1,25.942857142857143,38.900000000000006,88.71428571428571,37.51020408163265
2019-12-26,41.42857142857143,26.3,30.5,23.6,2.2,83.0,9.2,16.2,360,12,2019,7780.111853771655,1,26.014285714285716,37.7,87.71428571428571,38.816326530612244
2019-12-27,41.42857142857143,26.3,30.2,23.6,0.8,82.0,11.8,16.6,361,12,2019,7780.111853771655,1,26.057142857142857,35.10000000000001,86.71428571428571,40.122448979591844
2019-12-28,41.42857142857143,26.2,29.0,23.6,2.5,83.0,13.3,18.1,362,12,2019,7780.111853771655,1,26.12857142857143,25.8,85.71428571428571,41.42857142857143
2019-12-29,43.285714285714285,26.5,29.9,24.2,1.3,83.0,13.6,18.2,363,12,2019,7780.111853771655,1,26.25714285714286,21.3,84.71428571428571,41.693877551020414
2019-12-30,43.285714285714285,26.6,30.1,23.7,0.4,83.0,12.2,18.7,364,12,2019,7780.111853771655,1,26.32857142857143,18.5,84.14285714285714,41.95918367346939
2019-12-31,43.285714285714285,26.5,29.2,24.1,0.7,84.0,14.4,22.2,365,12,2019,7780.111853771655,1,26.342857142857145,16.5,83.71428571428571,42.224489795918366
2020-01-01,43.285714285714285,26.3,29.6,23.5,0.3,83.0,14.3,22.6,1,1,2020,7755.831400900286,1,26.385714285714283,8.2,83.0,42.48979591836735
2020-01-02,43.285714285714285,26.2,29.0,23.9,1.4,87.0,12.7,18.2,2,1,2020,7755.831400900286,1,26.37142857142857,7.3999999999999995,83.57142857142857,42.755102040816325
2020-01-03,43.285714285714285,26.5,29.5,24.0,1.8,86.0,12.7,17.9,3,1,2020,7755.831400900286,1,26.400000000000002,8.4,84.14285714285714,43.02040816326531
2020-01-04,43.285714285714285,26.5,29.5,24.1,1.0,83.0,15.1,22.7,4,1,2020,7755.831400900286,1,26.442857142857143,6.9,84.14285714285714,43.285714285714285
2020-01-05,49.0,26.6,30.2,23.6,1.0,81.0,14.5,20.9,5,1,2020,7755.831400900286,1,26.457142857142856,6.6,83.85714285714286,44.10204081632653
2020-01-06,49.0,25.9,29.4,23.4,4.8,84.0,14.2,21.3,6,1,2020,7755.831400900286,1,26.357142857142858,11.0,84.0,44.91836734693878
2020-01-07,49.0,25.5,28.4,23.6,19.0,88.0,13.7,22.2,7,1,2020,7755.831400900286,1,26.214285714285715,29.3,84.57142857142857,45.734693877551024
2020-01-08,49.0,26.2,29.4,24.1,2.1,86.0,13.0,19.4,8,1,2020,7755.831400900286,1,26.199999999999996,31.1,85.0,46.55102040816327
2020-01-09,49.0,26.2,29.2,24.0,2.7,86.0,13.0,20.8,9,1,2020,7755.831400900286,1,26.2,32.4,84.85714285714286,47.367346938775505
2020-01-10,49.0,26.2,30.3,23.6,5.5,85.0,9.4,14.6,10,1,2020,7755.831400900286,1,26.157142857142855,36.1,84.71428571428571,48.183673469387756
2020-01-11,49.0,26.2,30.1,24.0,4.2,87.0,7.3,10.9,11,1,2020,7755.831400900286,1,26.11428571428571,39.300000000000004,85.28571428571429,49.0
2020-01-12,57.71428571428572,26.4,29.6,23.7,1.3,86.0,8.1,11.5,12,1,2020,7755.831400900286,1,26.085714285714285,39.6,86.0,50.244897959183675
2020-01-13,57.71428571428572,26.2,29.9,22.6,1.4,84.0,10.8,19.0,13,1,2020,7755.831400900286,1,26.128571428571426,36.199999999999996,86.0,51.48979591836735
2020-01-14,57.71428571428572,26.5,30.5,23.0,0.0,81.0,12.6,19.7,14,1,2020,7755.831400900286,1,26.27142857142857,17.2,85.0,52.734693877551024
2020-01-15,57.71428571428572,26.3,29.5,24.3,0.9,84.0,12.5,18.4,15,1,2020,7755.831400900286,1,26.285714285714285,16.0,84.71428571428571,53.9795918367347
2020-01-16,57.71428571428572,26.7,29.9,24.8,3.1,84.0,10.1,14.5,16,1,2020,7755.831400900286,1,26.357142857142858,16.4,84.42857142857143,55.22448979591837
2020-01-17,57.71428571428572,26.7,30.6,24.0,1.1,81.0,12.4,16.1,17,1,2020,7755.831400900286,1,26.428571428571427,12.0,83.85714285714286,56.46938775510205
2020-01-18,57.71428571428572,26.5,29.8,24.0,2.6,86.0,11.1,15.9,18,1,2020,7755.831400900286,1,26.47142857142857,10.4,83.71428571428571,57.71428571428572
2020-01-19,44.142857142857146,26.8,30.0,24.5,5.1,86.0,11.7,16.9,19,1,2020,7755.831400900286,1,26.52857142857143,14.2,83.71428571428571,55.775510204081634
2020-01-20,44.142857142857146,26.2,29.4,24.5,14.3,89.0,11.3,14.9,20,1,2020,7755.831400900286,1,26.528571428571432,27.1,84.42857142857143,53.83673469387755
2020-01-21,44.142857142857146,25.9,28.2,24.0,7.1,89.0,13.6,21.7,21,1,2020,7755.831400900286,1,26.442857142857143,34.2,85.57142857142857,51.89795918367348
2020-01-22,44.142857142857146,27.0,30.4,24.2,0.0,83.0,15.0,20.5,22,1,2020,7755.831400900286,1,26.542857142857144,33.300000000000004,85.42857142857143,49.95918367346939
2020-01-23,44.142857142857146,26.6,30.1,24.0,3.0,86.0,11.8,16.1,23,1,2020,7755.831400900286,1,26.528571428571432,33.2,85.71428571428571,48.02040816326531
2020-01-24,44.142857142857146,26.7,30.5,24.1,1.0,80.0,14.7,21.7,24,1,2020,7755.831400900286,1,26.52857142857143,33.1,85.57142857142857,46.08163265306123
2020-01-25,44.142857142857146,26.8,31.4,23.1,0.0,78.0,11.4,15.6,25,1,2020,7755.831400900286,1,26.571428571428573,30.5,84.42857142857143,44.142857142857146
2020-01-26,52.85714285714285,27.2,31.8,23.5,0.3,80.0,8.9,12.6,26,1,2020,7755.831400900286,1,26.628571428571426,25.7,83.57142857142857,45.38775510204083
2020-01-27,52.85714285714285,26.9,30.4,24.5,7.4,85.0,7.2,12.0,27,1,2020,7755.831400900286,1,26.728571428571428,18.8,83.0,46.632653061224495
2020-01-28,52.85714285714285,27.0,30.6,24.0,6.4,86.0,6.5,12.8,28,1,2020,7755.831400900286,1,26.885714285714283,18.1,82.57142857142857,47.877551020408156
2020-01-29,52.85714285714285,25.7,27.5,24.3,44.8,92.0,5.9,15.2,29,1,2020,7755.831400900286,1,26.699999999999996,62.9,83.85714285714286,49.12244897959183
2020-01-30,52.85714285714285,26.2,30.5,23.1,3.8,85.0,9.5,14.1,30,1,2020,7755.831400900286,1,26.642857142857142,63.699999999999996,83.71428571428571,50.367346938775505
2020-01-31,52.85714285714285,26.7,29.8,24.4,0.5,82.0,12.3,21.9,31,1,2020,7755.831400900286,1,26.642857142857142,63.199999999999996,84.0,51.61224489795917
2020-02-01,52.85714285714285,26.8,29.8,24.6,1.2,83.0,15.9,24.1,32,2,2020,7755.831400900286,1,26.642857142857142,64.39999999999999,84.71428571428571,52.85714285714285
2020-02-02,57.142857142857146,26.2,29.0,24.4,0.8,83.0,16.5,26.2,33,2,2020,7755.831400900286,1,26.5,64.9,85.14285714285714,53.46938775510204
2020-02-03,57.142857142857146,26.6,29.6,23.8,0.0,79.0,15.7,21.7,34,2,2020,7755.831400900286,1,26.457142857142856,57.49999999999999,84.28571428571429,54.08163265306121
2020-02-04,57.142857142857146,26.2,29.8,22.9,0.3,80.0,11.1,15.5,35,2,2020,7755.831400900286,1,26.342857142857145,51.4,83.42857142857143,54.69387755102041
2020-02-05,57.142857142857146,26.3,30.1,23.0,1.0,81.0,11.9,16.1,36,2,2020,7755.831400900286,1,26.428571428571427,7.6,81.85714285714286,55.306122448979586
2020-02-06,57.142857142857146,26.6,29.5,23.8,1.2,81.0,13.8,19.8,37,2,2020,7755.831400900286,1,26.485714285714288,5.0,81.28571428571429,55.91836734693877
2020-02-07,57.142857142857146,26.6,29.9,24.5,0.7,78.0,14.7,22.7,38,2,2020,7755.831400900286,1,26.47142857142857,5.2,80.71428571428571,56.53061224489796
2020-02-08,57.142857142857146,26.5,31.0,23.5,0.0,76.0,8.9,14.2,39,2,2020,7755.831400900286,1,26.428571428571427,4.0,79.71428571428571,57.142857142857146
2020-02-09,54.285714285714285,25.5,29.1,23.2,6.1,88.0,8.8,15.7,40,2,2020,7755.831400900286,1,26.32857142857143,9.3,80.42857142857143,56.73469387755102
2020-02-10,54.285714285714285,25.3,27.4,23.6,24.5,92.0,8.8,12.6,41,2,2020,7755.831400900286,1,26.142857142857142,33.8,82.28571428571429,56.3265306122449
2020-02-11,54.285714285714285,25.8,28.1,24.0,36.3,91.0,8.5,13.8,42,2,2020,7755.831400900286,1,26.085714285714285,69.8,83.85714285714286,55.91836734693878
2020-02-12,54.285714285714285,26.4,29.2,23.9,10.2,89.0,10.4,14.2,43,2,2020,7755.831400900286,1,26.1,79.0,85.0,55.51020408163266
2020-02-13,54.285714285714285,27.1,29.9,24.6,1.3,86.0,11.7,16.6,44,2,2020,7755.831400900286,1,26.17142857142857,79.1,85.71428571428571,55.10204081632653
2020-02-14,54.285714285714285,27.0,30.9,24.0,1.3,83.0,11.3,19.4,45,2,2020,7755.831400900286,1,26.228571428571428,79.69999999999999,86.42857142857143,54.69387755102041
2020-02-15,54.285714285714285,27.0,31.1,23.1,2.0,84.0,6.2,10.5,46,2,2020,7755.831400900286,1,26.3,81.69999999999999,87.57142857142857,54.285714285714285
2020-02-16,54.42857142857143,27.2,29.7,25.4,4.2,85.0,4.2,6.2,47,2,2020,7755.831400900286,1,26.542857142857144,79.8,87.14285714285714,54.306122448979586
2020-02-17,54.42857142857143,27.2,31.4,24.5,0.2,80.0,10.6,17.3,48,2,2020,7755.831400900286,1,26.814285714285713,55.5,85.42857142857143,54.326530612244895
2020-02-18,54.42857142857143,25.5,27.1,24.4,6.2,90.0,10.7,14.6,49,2,2020,7755.831400900286,1,26.771428571428572,25.4,85.28571428571429,54.3469387755102
2020-02-19,54.42857142857143,26.4,29.9,24.1,1.0,84.0,14.3,20.2,50,2,2020,7755.831400900286,1,26.771428571428572,16.200000000000003,84.57142857142857,54.367346938775505
2020-02-20,54.42857142857143,26.4,29.5,24.1,2.5,84.0,17.6,26.4,51,2,2020,7755.831400900286,1,26.67142857142857,17.4,84.28571428571429,54.38775510204082
2020-02-21,54.42857142857143,26.1,29.0,24.0,5.2,87.0,16.2,25.5,52,2,2020,7755.831400900286,1,26.542857142857144,21.3,84.85714285714286,54.40816326530613
2020-02-22,54.42857142857143,26.2,29.4,23.8,1.0,84.0,17.6,26.4,53,2,2020,7755.831400900286,1,26.428571428571427,20.3,84.85714285714286,54.42857142857143
2020-02-23,53.42857142857143,26.7,29.8,24.3,0.2,81.0,16.8,23.2,54,2,2020,7755.831400900286,1,26.357142857142858,16.3,84.28571428571429,54.285714285714285
2020-02-24,53.42857142857143,26.4,28.7,24.2,3.7,84.0,17.3,25.0,55,2,2020,7755.831400900286,1,26.24285714285714,19.8,84.85714285714286,54.142857142857146
2020-02-25,53.42857142857143,26.7,29.8,24.6,3.8,81.0,13.8,20.0,56,2,2020,7755.831400900286,1,26.41428571428571,17.4,83.57142857142857,54.0
2020-02-26,53.42857142857143,27.0,31.4,23.7,0.2,81.0,13.8,20.7,57,2,2020,7755.831400900286,1,26.5,16.6,83.14285714285714,53.857142857142854
2020-02-27,53.42857142857143,27.1,30.8,24.3,0.0,80.0,14.6,19.5,58,2,2020,7755.831400900286,1,26.6,14.1,82.57142857142857,53.714285714285715
2020-02-28,53.42857142857143,27.1,30.5,24.5,0.7,80.0,14.5,19.5,59,2,2020,7755.831400900286,1,26.74285714285714,9.6,81.57142857142857,53.57142857142857
2020-02-29,53.42857142857143,27.1,31.1,23.8,0.0,77.0,13.3,18.4,60,2,2020,7755.831400900286,1,26.87142857142857,8.600000000000001,80.57142857142857,53.42857142857143
2020-03-01,53.57142857142857,27.2,33.2,23.2,0.0,77.0,12.5,18.7,61,3,2020,7755.831400900286,1,26.942857142857147,8.4,80.0,53.44897959183674
2020-03-02,53.57142857142857,27.4,32.2,23.5,0.2,78.0,11.2,18.5,62,3,2020,7755.831400900286,1,27.085714285714285,4.8999999999999995,79.14285714285714,53.46938775510204
2020-03-03,53.57142857142857,27.5,31.5,24.0,1.0,81.0,12.7,20.3,63,3,2020,7755.831400900286,1,27.199999999999996,2.0999999999999996,79.14285714285714,53.48979591836735
2020-03-04,53.57142857142857,27.6,31.5,24.1,1.1,81.0,9.4,15.3,64,3,2020,7755.831400900286,1,27.285714285714285,3.0,79.14285714285714,53.51020408163265
2020-03-05,53.57142857142857,26.9,29.4,24.9,5.6,86.0,8.2,12.5,65,3,2020,7755.831400900286,1,27.257142857142856,8.6,80.0,53.53061224489796
2020-03-06,53.57142857142857,26.8,30.4,24.8,9.4,88.0,7.3,11.0,66,3,2020,7755.831400900286,1,27.214285714285715,17.3,81.14285714285714,53.55102040816326
2020-03-07,53.57142857142857,27.1,30.6,24.5,9.6,87.0,7.8,14.2,67,3,2020,7755.831400900286,1,27.214285714285715,26.9,82.57142857142857,53.57142857142857
2020-03-08,55.57142857142857,26.8,30.9,24.5,11.2,88.0,5.6,13.9,68,3,2020,7755.831400900286,1,27.157142857142855,38.099999999999994,84.14285714285714,53.857142857142854
2020-03-09,55.57142857142857,27.1,30.8,24.0,5.9,86.0,4.6,7.1,69,3,2020,7755.831400900286,1,27.114285714285717,43.8,85.28571428571429,54.142857142857146
2020-03-10,55.57142857142857,27.7,31.2,24.5,2.0,86.0,6.5,13.2,70,3,2020,7755.831400900286,1,27.142857142857142,44.8,86.0,54.42857142857143
2020-03-11,55.57142857142857,27.8,32.1,25.2,2.2,86.0,6.6,13.9,71,3,2020,7755.831400900286,1,27.17142857142857,45.9,86.71428571428571,54.714285714285715
2020-03-12,55.57142857142857,27.5,31.1,24.0,4.2,82.0,10.3,16.4,72,3,2020,7755.831400900286,1,27.25714285714286,44.5,86.14285714285714,55.0
2020-03-13,55.57142857142857,27.4,31.5,23.0,0.9,83.0,7.1,15.3,73,3,2020,7755.831400900286,1,27.342857142857145,35.99999999999999,85.42857142857143,55.285714285714285
2020-03-14,55.57142857142857,27.8,31.0,25.0,0.3,82.0,10.2,16.6,74,3,2020,7755.831400900286,1,27.442857142857147,26.7,84.71428571428571,55.57142857142857
2020-03-15,52.57142857142857,28.4,32.1,25.6,0.8,80.0,12.4,18.7,75,3,2020,7755.831400900286,1,27.67142857142857,16.299999999999997,83.57142857142857,55.142857142857146
2020-03-16,52.57142857142857,27.8,30.6,25.7,2.8,80.0,13.1,17.4,76,3,2020,7755.831400900286,1,27.771428571428572,13.2,82.71428571428571,54.714285714285715
2020-03-17,52.57142857142857,27.7,31.9,24.5,0.0,73.0,13.4,22.5,77,3,2020,7755.831400900286,1,27.77142857142857,11.2,80.85714285714286,54.285714285714285
2020-03-18,52.57142857142857,27.7,32.2,24.1,2.6,78.0,9.8,17.0,78,3,2020,7755.831400900286,1,27.75714285714286,11.6,79.71428571428571,53.857142857142854
2020-03-19,52.57142857142857,27.2,32.2,23.8,1.9,79.0,7.2,16.7,79,3,2020,7755.831400900286,1,27.714285714285715,9.299999999999997,79.28571428571429,53.42857142857143
2020-03-20,52.57142857142857,27.4,31.2,24.4,1.3,80.0,7.2,12.5,80,3,2020,7755.831400900286,1,27.714285714285715,9.699999999999998,78.85714285714286,53.0
2020-03-21,52.57142857142857,27.0,30.6,24.8,18.5,84.0,7.8,12.6,81,3,2020,7755.831400900286,1,27.599999999999998,27.9,79.14285714285714,52.57142857142857
2020-03-22,53.85714285714285,26.5,30.2,24.2,12.7,89.0,6.0,9.4,82,3,2020,7755.831400900286,1,27.32857142857143,39.8,80.42857142857143,52.755102040816325
2020-03-23,53.85714285714285,26.3,29.9,24.0,24.6,90.0,5.0,10.1,83,3,2020,7755.831400900286,1,27.11428571428571,61.6,81.85714285714286,52.93877551020408
2020-03-24,53.85714285714285,26.9,30.6,24.0,2.2,85.0,9.0,16.3,84,3,2020,7755.831400900286,1,27.0,63.800000000000004,83.57142857142857,53.12244897959183
2020-03-25,53.85714285714285,27.5,30.5,24.9,1.5,84.0,8.3,12.3,85,3,2020,7755.831400900286,1,26.971428571428568,62.7,84.42857142857143,53.306122448979586
2020-03-26,53.85714285714285,27.4,30.6,24.3,3.4,86.0,8.9,14.0,86,3,2020,7755.831400900286,1,27.0,64.2,85.42857142857143,53.48979591836734
2020-03-27,53.85714285714285,27.4,30.9,24.6,3.1,86.0,6.9,13.3,87,3,2020,7755.831400900286,1,27.0,66.0,86.28571428571429,53.6734693877551
2020-03-28,53.85714285714285,27.6,30.4,24.1,3.2,84.0,6.1,11.1,88,3,2020,7755.831400900286,1,27.085714285714285,50.699999999999996,86.28571428571429,53.85714285714285
2020-03-29,45.0,27.9,32.3,24.5,0.3,81.0,8.7,14.5,89,3,2020,7755.831400900286,1,27.285714285714285,38.300000000000004,85.14285714285714,52.59183673469387
2020-03-30,45.0,26.7,30.3,23.0,2.3,84.0,7.2,10.6,90,3,2020,7755.831400900286,1,27.342857142857145,15.999999999999996,84.28571428571429,51.32653061224489
2020-03-31,45.0,27.6,30.9,24.5,2.5,81.0,5.1,10.0,91,3,2020,7755.831400900286,1,27.442857142857143,16.299999999999997,83.71428571428571,50.06122448979591
2020-04-01,45.0,27.7,31.6,24.0,0.9,81.0,5.8,10.3,92,4,2020,7755.831400900286,0,27.47142857142857,15.699999999999998,83.28571428571429,48.795918367346935
2020-04-02,45.0,27.6,31.1,25.0,23.5,88.0,4.8,8.0,93,4,2020,7755.831400900286,0,27.5,35.8,83.57142857142857,47.53061224489796
2020-04-03,45.0,27.4,30.6,25.2,21.5,85.0,4.8,11.3,94,4,2020,7755.831400900286,0,27.5,54.199999999999996,83.42857142857143,46.26530612244898
2020-04-04,45.0,27.6,30.9,25.4,7.5,86.0,7.1,13.6,95,4,2020,7755.831400900286,0,27.5,58.5,83.71428571428571,45.0
2020-04-05,49.0,27.6,31.4,24.9,9.3,86.0,6.4,11.0,96,4,2020,7755.831400900286,0,27.457142857142856,67.5,84.42857142857143,45.57142857142857
2020-04-06,49.0,26.4,28.5,24.6,19.7,90.0,4.5,7.9,97,4,2020,7755.831400900286,0,27.414285714285715,84.9,85.28571428571429,46.142857142857146
2020-04-07,49.0,25.7,28.5,24.0,19.9,89.0,3.7,6.5,98,4,2020,7755.831400900286,0,27.142857142857142,102.3,86.42857142857143,46.714285714285715
2020-04-08,49.0,26.8,31.1,24.0,53.0,89.0,5.6,10.8,99,4,2020,7755.831400900286,0,27.014285714285712,154.39999999999998,87.57142857142857,47.285714285714285
2020-04-09,49.0,27.3,30.8,24.0,0.4,84.0,8.7,12.7,100,4,2020,7755.831400900286,0,26.97142857142857,131.29999999999998,87.0,47.857142857142854
2020-04-10,49.0,27.0,31.0,23.3,0.2,81.0,7.2,12.0,101,4,2020,7755.831400900286,0,26.91428571428571,109.99999999999999,86.42857142857143,48.42857142857143
2020-04-11,49.0,27.5,29.7,25.1,6.7,84.0,6.8,11.4,102,4,2020,7755.831400900286,0,26.900000000000002,109.19999999999999,86.14285714285714,49.0
2020-04-12,51.42857142857143,27.6,31.0,25.1,8.4,86.0,5.6,11.2,103,4,2020,7755.831400900286,0,26.900000000000002,108.3,86.14285714285714,49.3469387755102
2020-04-13,51.42857142857143,27.3,30.8,24.9,13.8,89.0,6.2,11.0,104,4,2020,7755.831400900286,0,27.02857142857143,102.39999999999999,86.0,49.69387755102041
2020-04-14,51.42857142857143,27.5,30.5,24.4,1.0,83.0,8.4,15.1,105,4,2020,7755.831400900286,0,27.285714285714285,83.5,85.14285714285714,50.04081632653061
2020-04-15,51.42857142857143,27.0,30.1,24.0,0.5,83.0,8.0,15.8,106,4,2020,7755.831400900286,0,27.314285714285713,31.0,84.28571428571429,50.38775510204082
2020-04-16,51.42857142857143,27.5,30.9,23.5,0.4,84.0,8.5,12.0,107,4,2020,7755.831400900286,0,27.342857142857138,31.0,84.28571428571429,50.73469387755102
2020-04-17,51.42857142857143,27.7,31.0,24.0,0.9,84.0,6.9,10.6,108,4,2020,7755.831400900286,0,27.442857142857143,31.7,84.71428571428571,51.08163265306122
2020-04-18,51.42857142857143,27.6,31.1,24.9,4.5,83.0,6.6,13.0,109,4,2020,7755.831400900286,0,27.45714285714286,29.5,84.57142857142857,51.42857142857143
2020-04-19,57.142857142857146,28.2,31.5,25.0,1.4,81.0,7.3,12.1,110,4,2020,7755.831400900286,0,27.54285714285714,22.5,83.85714285714286,52.244897959183675
2020-04-20,57.142857142857146,28.4,31.7,24.7,0.6,81.0,8.8,12.4,111,4,2020,7755.831400900286,0,27.7,9.299999999999999,82.71428571428571,53.06122448979592
2020-04-21,57.142857142857146,27.6,31.0,25.1,10.7,87.0,7.9,15.5,112,4,2020,7755.831400900286,0,27.714285714285715,19.0,83.28571428571429,53.87755102040817
2020-04-22,57.142857142857146,27.8,31.5,25.5,4.4,85.0,7.0,9.7,113,4,2020,7755.831400900286,0,27.82857142857143,22.9,83.57142857142857,54.693877551020414
2020-04-23,57.142857142857146,26.7,28.9,25.0,28.6,90.0,4.2,8.7,114,4,2020,7755.831400900286,0,27.714285714285715,51.1,84.42857142857143,55.51020408163265
2020-04-24,57.142857142857146,26.8,30.0,24.8,11.2,91.0,4.7,10.0,115,4,2020,7755.831400900286,0,27.585714285714285,61.400000000000006,85.42857142857143,56.3265306122449
2020-04-25,57.142857142857146,26.5,29.0,25.0,29.8,91.0,3.6,6.0,116,4,2020,7755.831400900286,0,27.428571428571427,86.7,86.57142857142857,57.142857142857146
2020-04-26,55.71428571428572,26.1,29.8,24.5,33.4,92.0,4.8,9.1,117,4,2020,7755.831400900286,0,27.12857142857143,118.69999999999999,88.14285714285714,56.93877551020408
2020-04-27,55.71428571428572,26.5,28.2,24.6,16.1,90.0,5.3,12.0,118,4,2020,7755.831400900286,0,26.857142857142858,134.2,89.42857142857143,56.734693877551024
2020-04-28,55.71428571428572,26.8,29.2,25.0,23.4,89.0,5.6,9.9,119,4,2020,7755.831400900286,0,26.742857142857144,146.9,89.71428571428571,56.53061224489796
2020-04-29,55.71428571428572,27.1,30.0,25.1,13.0,87.0,4.8,7.4,120,4,2020,7755.831400900286,0,26.642857142857142,155.5,90.0,56.326530612244895
2020-04-30,55.71428571428572,26.3,28.5,24.6,27.4,92.0,4.0,7.3,121,4,2020,7755.831400900286,0,26.58571428571429,154.3,90.28571428571429,56.122448979591844
2020-05-01,55.71428571428572,26.0,29.0,25.0,27.4,92.0,7.8,17.3,122,5,2020,7755.831400900286,0,26.47142857142857,170.5,90.42857142857143,55.91836734693878
2020-05-02,55.71428571428572,26.8,29.9,24.5,10.5,88.0,6.4,9.9,123,5,2020,7755.831400900286,0,26.514285714285712,151.2,90.0,55.71428571428572
2020-05-03,72.42857142857143,26.5,29.5,24.0,11.5,90.0,4.3,8.2,124,5,2020,7755.831400900286,0,26.571428571428573,129.29999999999998,89.71428571428571,58.10204081632654
2020-05-04,72.42857142857143,26.9,29.5,25.2,16.1,92.0,4.0,6.9,125,5,2020,7755.831400900286,0,26.62857142857143,129.3,90.0,60.489795918367356
2020-05-05,72.42857142857143,27.2,31.0,24.5,11.0,89.0,4.5,8.4,126,5,2020,7755.831400900286,0,26.685714285714287,116.89999999999999,90.0,62.87755102040818
2020-05-06,72.42857142857143,27.3,30.2,25.2,7.9,88.0,6.0,9.7,127,5,2020,7755.831400900286,0,26.714285714285715,111.80000000000001,90.14285714285714,65.26530612244899
2020-05-07,72.42857142857143,28.3,31.3,25.9,3.6,86.0,5.3,8.8,128,5,2020,7755.831400900286,0,27.0,88.0,89.28571428571429,67.6530612244898
2020-05-08,72.42857142857143,27.8,29.5,25.6,9.3,87.0,9.6,14.2,129,5,2020,7755.831400900286,0,27.257142857142856,69.9,88.57142857142857,70.04081632653062
2020-05-09,72.42857142857143,28.6,30.4,26.8,3.8,83.0,7.4,10.9,130,5,2020,7755.831400900286,0,27.514285714285716,63.2,87.85714285714286,72.42857142857143
2020-05-10,75.14285714285714,28.1,30.8,26.4,9.9,86.0,8.8,12.8,131,5,2020,7755.831400900286,0,27.742857142857144,61.6,87.28571428571429,72.81632653061224
2020-05-11,75.14285714285714,27.6,30.4,25.5,5.2,87.0,7.3,13.3,132,5,2020,7755.831400900286,0,27.842857142857145,50.7,86.57142857142857,73.20408163265306
2020-05-12,75.14285714285714,27.5,29.8,25.9,12.5,90.0,6.3,11.9,133,5,2020,7755.831400900286,0,27.885714285714283,52.2,86.71428571428571,73.59183673469387
2020-05-13,75.14285714285714,25.9,27.0,24.5,31.0,91.0,5.2,10.6,134,5,2020,7755.831400900286,0,27.685714285714287,75.3,87.14285714285714,73.9795918367347
2020-05-14,75.14285714285714,27.3,30.0,25.3,13.8,90.0,4.8,10.0,135,5,2020,7755.831400900286,0,27.542857142857144,85.5,87.71428571428571,74.36734693877551
2020-05-15,75.14285714285714,28.0,30.5,25.5,5.1,86.0,7.2,11.7,136,5,2020,7755.831400900286,0,27.571428571428573,81.3,87.57142857142857,74.75510204081631
2020-05-16,75.14285714285714,28.0,30.1,25.8,4.3,88.0,6.9,12.3,137,5,2020,7755.831400900286,0,27.485714285714284,81.8,88.28571428571429,75.14285714285714
2020-05-17,88.42857142857143,27.4,29.0,26.0,25.4,90.0,5.6,12.2,138,5,2020,7755.831400900286,0,27.385714285714283,97.30000000000001,88.85714285714286,77.0408163265306
2020-05-18,88.42857142857143,27.7,30.0,25.5,28.1,87.0,6.6,12.2,139,5,2020,7755.831400900286,0,27.400000000000002,120.2,88.85714285714286,78.93877551020408
2020-05-19,88.42857142857143,28.1,30.9,25.4,8.8,88.0,5.3,9.7,140,5,2020,7755.831400900286,0,27.485714285714288,116.5,88.57142857142857,80.83673469387756
2020-05-20,88.42857142857143,27.5,30.2,25.0,10.6,88.0,6.2,9.5,141,5,2020,7755.831400900286,0,27.714285714285715,96.10000000000001,88.14285714285714,82.73469387755101
2020-05-21,88.42857142857143,28.3,32.2,26.1,5.3,85.0,3.9,6.7,142,5,2020,7755.831400900286,0,27.857142857142858,87.60000000000001,87.42857142857143,84.63265306122449
2020-05-22,88.42857142857143,27.1,29.8,24.9,39.6,89.0,5.8,12.3,143,5,2020,7755.831400900286,0,27.728571428571428,122.1,87.85714285714286,86.53061224489797
2020-05-23,88.42857142857143,26.1,27.7,24.4,74.5,92.0,5.4,9.8,144,5,2020,7755.831400900286,0,27.45714285714286,192.3,88.42857142857143,88.42857142857143
2020-05-24,104.57142857142856,27.6,30.6,25.0,0.3,86.0,5.1,8.7,145,5,2020,7755.831400900286,0,27.485714285714288,167.2,87.85714285714286,90.73469387755104
2020-05-25,104.57142857142856,28.0,30.5,25.5,1.7,88.0,6.7,10.2,146,5,2020,7755.831400900286,0,27.52857142857143,140.8,88.0,93.04081632653062
2020-05-26,104.57142857142856,27.9,30.2,25.8,14.1,88.0,5.0,8.3,147,5,2020,7755.831400900286,0,27.5,146.1,88.0,95.34693877551021
2020-05-27,104.57142857142856,27.2,29.0,25.8,25.3,90.0,6.3,11.8,148,5,2020,7755.831400900286,0,27.457142857142856,160.79999999999998,88.28571428571429,97.65306122448979
2020-05-28,104.57142857142856,27.8,30.9,24.8,4.6,85.0,7.0,12.7,149,5,2020,7755.831400900286,0,27.385714285714283,160.1,88.28571428571429,99.95918367346938
2020-05-29,104.57142857142856,27.4,30.1,25.4,18.0,88.0,5.9,9.5,150,5,2020,7755.831400900286,0,27.428571428571427,138.5,88.14285714285714,102.26530612244896
2020-05-30,104.57142857142856,27.6,31.0,24.8,2.0,86.0,4.7,9.0,151,5,2020,7755.831400900286,0,27.642857142857142,65.99999999999999,87.28571428571429,104.57142857142856
2020-05-31,124.0,27.3,29.5,25.5,9.3,90.0,5.8,11.2,152,5,2020,7755.831400900286,0,27.6,74.99999999999999,87.85714285714286,107.3469387755102
2020-06-01,124.0,26.8,28.4,25.5,16.3,90.0,6.9,14.1,153,6,2020,7755.831400900286,0,27.428571428571427,89.6,88.14285714285714,110.12244897959182
2020-06-02,124.0,27.8,30.6,24.6,0.5,83.0,6.5,8.7,154,6,2020,7755.831400900286,0,27.414285714285715,76.0,87.42857142857143,112.89795918367346
2020-06-03,124.0,27.5,29.5,25.7,7.0,88.0,7.2,14.0,155,6,2020,7755.831400900286,0,27.45714285714286,57.69999999999999,87.14285714285714,115.67346938775509
2020-06-04,124.0,26.7,28.8,25.3,24.2,89.0,8.1,14.2,156,6,2020,7755.831400900286,0,27.3,77.29999999999998,87.71428571428571,118.44897959183673
2020-06-05,124.0,26.2,27.0,25.1,27.9,90.0,10.1,16.3,157,6,2020,7755.831400900286,0,27.12857142857143,87.19999999999999,88.0,121.22448979591836
2020-06-06,124.0,26.3,27.1,24.9,10.6,89.0,5.8,11.3,158,6,2020,7755.831400900286,0,26.942857142857143,95.79999999999998,88.42857142857143,124.0
2020-06-07,164.71428571428572,27.7,30.0,26.0,1.1,86.0,8.0,13.0,159,6,2020,7755.831400900286,0,27.0,87.6,87.85714285714286,129.81632653061223
2020-06-08,164.71428571428572,27.5,30.2,25.4,3.3,89.0,4.5,7.6,160,6,2020,7755.831400900286,0,27.1,74.59999999999998,87.71428571428571,135.6326530612245
2020-06-09,164.71428571428572,27.8,30.0,25.2,1.4,86.0,8.7,15.0,161,6,2020,7755.831400900286,0,27.099999999999998,75.49999999999999,88.14285714285714,141.44897959183672
2020-06-10,164.71428571428572,27.7,29.6,26.2,9.9,89.0,8.0,13.7,162,6,2020,7755.831400900286,0,27.12857142857143,78.39999999999998,88.28571428571429,147.26530612244898
2020-06-11,164.71428571428572,27.5,29.2,26.3,16.4,90.0,5.8,13.3,163,6,2020,7755.831400900286,0,27.242857142857144,70.6,88.42857142857143,153.0816326530612
2020-06-12,164.71428571428572,26.8,29.4,25.1,10.6,90.0,5.0,10.4,164,6,2020,7755.831400900286,0,27.328571428571426,53.29999999999998,88.42857142857143,158.89795918367346
2020-06-13,164.71428571428572,25.7,27.6,24.0,142.9,91.0,7.9,16.9,165,6,2020,7755.831400900286,0,27.242857142857144,185.6,88.71428571428571,164.71428571428572
2020-06-14,195.8571428571429,27.2,29.1,25.5,2.8,86.0,9.2,16.0,166,6,2020,7755.831400900286,0,27.17142857142857,187.3,88.71428571428571,169.16326530612247
2020-06-15,195.8571428571429,27.9,30.4,26.0,1.4,86.0,9.0,15.8,167,6,2020,7755.831400900286,0,27.228571428571428,185.39999999999998,88.28571428571429,173.6122448979592
2020-06-16,195.8571428571429,26.9,28.6,25.5,13.8,90.0,6.1,10.1,168,6,2020,7755.831400900286,0,27.099999999999998,197.79999999999998,88.85714285714286,178.06122448979593
2020-06-17,195.8571428571429,26.1,28.1,24.6,38.6,92.0,4.7,14.4,169,6,2020,7755.831400900286,0,26.87142857142857,226.49999999999997,89.28571428571429,182.5102040816327
2020-06-18,195.8571428571429,26.7,28.7,25.0,15.4,87.0,5.3,9.7,170,6,2020,7755.831400900286,0,26.757142857142856,225.5,88.85714285714286,186.9591836734694
2020-06-19,195.8571428571429,26.3,27.9,25.1,15.4,90.0,5.6,12.0,171,6,2020,7755.831400900286,0,26.685714285714287,230.3,88.85714285714286,191.40816326530617
2020-06-20,195.8571428571429,25.9,27.0,24.9,41.1,92.0,7.1,15.4,172,6,2020,7755.831400900286,0,26.714285714285715,128.5,89.0,195.8571428571429
2020-06-21,208.57142857142856,26.0,28.0,24.8,23.4,91.0,9.6,15.3,173,6,2020,7755.831400900286,0,26.542857142857144,149.1,89.71428571428571,197.67346938775515
2020-06-22,208.57142857142856,26.1,27.9,25.0,19.0,90.0,9.2,15.8,174,6,2020,7755.831400900286,0,26.285714285714285,166.7,90.28571428571429,199.48979591836738
2020-06-23,208.57142857142856,25.4,26.0,24.7,63.3,93.0,9.5,12.5,175,6,2020,7755.831400900286,0,26.071428571428573,216.2,90.71428571428571,201.30612244897958
2020-06-24,208.57142857142856,25.6,27.0,24.5,16.1,92.0,11.5,16.2,176,6,2020,7755.831400900286,0,26.0,193.7,90.71428571428571,203.1224489795918
2020-06-25,208.57142857142856,26.3,29.4,23.5,0.3,86.0,9.1,13.1,177,6,2020,7755.831400900286,0,25.942857142857143,178.6,90.57142857142857,204.9387755102041
2020-06-26,208.57142857142856,27.1,29.1,24.5,5.2,86.0,9.4,13.8,178,6,2020,7755.831400900286,0,26.057142857142857,168.4,90.0,206.75510204081633
2020-06-27,208.57142857142856,27.2,28.6,26.0,3.1,87.0,9.7,14.7,179,6,2020,7755.831400900286,0,26.24285714285714,130.4,89.28571428571429,208.57142857142856
2020-06-28,206.8571428571429,27.7,29.6,26.1,1.4,84.0,12.7,20.8,180,6,2020,7755.831400900286,0,26.485714285714284,108.39999999999999,88.28571428571429,208.32653061224488
2020-06-29,206.8571428571429,27.5,30.0,25.5,13.1,84.0,10.8,15.2,181,6,2020,7755.831400900286,0,26.685714285714283,102.5,87.42857142857143,208.08163265306123
2020-06-30,206.8571428571429,27.5,30.1,25.8,2.5,85.0,11.7,18.8,182,6,2020,7755.831400900286,0,26.985714285714284,41.7,86.28571428571429,207.83673469387756
2020-07-01,206.8571428571429,26.4,27.9,25.1,19.5,90.0,7.2,11.4,183,7,2020,7755.831400900286,0,27.099999999999998,45.1,86.0,207.59183673469389
2020-07-02,206.8571428571429,27.2,29.3,25.2,2.2,87.0,11.6,18.8,184,7,2020,7755.831400900286,0,27.22857142857143,47.00000000000001,86.14285714285714,207.3469387755102
2020-07-03,206.8571428571429,27.4,29.6,25.9,4.9,86.0,8.6,15.2,185,7,2020,7755.831400900286,0,27.27142857142857,46.7,86.14285714285714,207.10204081632656
2020-07-04,206.8571428571429,27.1,30.0,24.4,10.6,87.0,7.4,13.0,186,7,2020,7755.831400900286,0,27.25714285714286,54.2,86.14285714285714,206.8571428571429
2020-07-05,238.1428571428572,26.7,29.7,23.8,6.5,88.0,5.7,11.2,187,7,2020,7755.831400900286,0,27.114285714285717,59.3,86.71428571428571,211.3265306122449
2020-07-06,238.1428571428572,27.8,30.4,26.0,1.6,81.0,8.6,14.0,188,7,2020,7755.831400900286,0,27.157142857142862,47.8,86.28571428571429,215.79591836734699
2020-07-07,238.1428571428572,26.6,28.5,25.2,20.1,89.0,7.5,13.0,189,7,2020,7755.831400900286,0,27.028571428571432,65.4,86.85714285714286,220.265306122449
2020-07-08,238.1428571428572,26.1,27.8,24.4,10.4,90.0,5.8,10.7,190,7,2020,7755.831400900286,0,26.985714285714288,56.300000000000004,86.85714285714286,224.73469387755105
2020-07-09,238.1428571428572,25.1,25.8,24.2,36.0,92.0,9.6,18.1,191,7,2020,7755.831400900286,0,26.685714285714283,90.1,87.57142857142857,229.2040816326531
2020-07-10,238.1428571428572,26.1,28.4,24.2,8.5,88.0,4.9,8.6,192,7,2020,7755.831400900286,0,26.5,93.70000000000002,87.85714285714286,233.67346938775515
2020-07-11,238.1428571428572,26.2,28.5,24.5,11.0,90.0,6.9,14.0,193,7,2020,7755.831400900286,0,26.37142857142857,94.1,88.28571428571429,238.1428571428572
2020-07-12,247.0,26.1,28.1,24.5,17.3,89.0,8.4,14.8,194,7,2020,7755.831400900286,0,26.285714285714285,104.9,88.42857142857143,239.4081632653062
2020-07-13,247.0,25.4,26.2,24.5,43.0,92.0,9.8,17.0,195,7,2020,7755.831400900286,0,25.942857142857143,146.3,90.0,240.67346938775515
2020-07-14,247.0,25.5,26.6,24.7,4.8,90.0,8.7,15.5,196,7,2020,7755.831400900286,0,25.785714285714285,131.0,90.14285714285714,241.93877551020412
2020-07-15,247.0,26.4,28.4,23.8,6.3,88.0,7.3,12.3,197,7,2020,7755.831400900286,0,25.82857142857143,126.9,89.85714285714286,243.20408163265307
2020-07-16,247.0,27.1,30.0,25.1,4.6,87.0,7.1,10.6,198,7,2020,7755.831400900286,0,26.114285714285717,95.50000000000001,89.14285714285714,244.46938775510208
2020-07-17,247.0,26.9,29.3,24.1,8.3,88.0,5.4,10.1,199,7,2020,7755.831400900286,0,26.228571428571428,95.3,89.14285714285714,245.73469387755105
2020-07-18,247.0,26.9,28.5,25.2,11.1,88.0,7.4,14.1,200,7,2020,7755.831400900286,0,26.328571428571426,95.4,88.85714285714286,247.0
2020-07-19,256.0,27.0,29.4,24.8,3.1,88.0,5.9,8.8,201,7,2020,7755.831400900286,0,26.457142857142856,81.2,88.71428571428571,248.28571428571428
2020-07-20,256.0,27.4,29.6,25.1,1.0,86.0,7.7,10.5,202,7,2020,7755.831400900286,0,26.74285714285714,39.2,87.85714285714286,249.57142857142858
2020-07-21,256.0,27.4,30.0,25.2,3.7,85.0,8.1,12.5,203,7,2020,7755.831400900286,0,27.014285714285712,38.1,87.14285714285714,250.85714285714286
2020-07-22,256.0,26.6,28.5,24.8,28.4,90.0,6.0,11.5,204,7,2020,7755.831400900286,0,27.04285714285714,60.199999999999996,87.42857142857143,252.14285714285714
2020-07-23,256.0,26.2,28.0,24.5,12.5,90.0,5.8,10.7,205,7,2020,7755.831400900286,0,26.91428571428571,68.1,87.85714285714286,253.42857142857142
2020-07-24,256.0,26.4,28.8,24.5,12.9,89.0,6.7,10.4,206,7,2020,7755.831400900286,0,26.842857142857138,72.7,88.0,254.71428571428572
2020-07-25,256.0,26.4,28.4,24.9,19.7,90.0,7.3,12.8,207,7,2020,7755.831400900286,0,26.771428571428572,81.3,88.28571428571429,256.0
2020-07-26,196.8571428571429,26.6,28.6,25.1,9.3,87.0,10.6,15.3,208,7,2020,7755.831400900286,0,26.714285714285715,87.5,88.14285714285714,247.55102040816328
2020-07-27,196.8571428571429,26.9,29.0,25.2,9.5,85.0,10.5,18.0,209,7,2020,7755.831400900286,0,26.642857142857142,96.0,88.0,239.10204081632654
2020-07-28,196.8571428571429,26.7,29.1,25.5,2.9,85.0,11.3,18.4,210,7,2020,7755.831400900286,0,26.54285714285714,95.2,88.0,230.65306122448982
2020-07-29,196.8571428571429,25.2,25.9,24.6,19.6,93.0,6.5,11.7,211,7,2020,7755.831400900286,0,26.342857142857145,86.4,88.42857142857143,222.20408163265307
2020-07-30,196.8571428571429,26.4,29.4,23.2,3.0,89.0,7.1,13.7,212,7,2020,7755.831400900286,0,26.371428571428567,76.9,88.28571428571429,213.75510204081635
2020-07-31,196.8571428571429,26.5,28.4,24.9,14.1,88.0,9.1,15.3,213,7,2020,7755.831400900286,0,26.385714285714283,78.10000000000001,88.14285714285714,205.3061224489796
2020-08-01,196.8571428571429,27.0,29.0,25.2,1.1,85.0,11.3,20.8,214,8,2020,7755.831400900286,0,26.47142857142857,59.5,87.42857142857143,196.8571428571429
2020-08-02,238.1428571428572,27.5,29.2,25.6,1.0,83.0,11.0,16.5,215,8,2020,7755.831400900286,0,26.599999999999998,51.2,86.85714285714286,202.75510204081635
2020-08-03,238.1428571428572,27.7,29.7,26.0,0.3,82.0,10.4,15.1,216,8,2020,7755.831400900286,0,26.714285714285715,42.0,86.42857142857143,208.65306122448982
2020-08-04,238.1428571428572,26.9,28.4,25.3,4.9,88.0,6.8,10.7,217,8,2020,7755.831400900286,0,26.742857142857144,44.0,86.85714285714286,214.5510204081633
2020-08-05,238.1428571428572,27.8,29.6,26.6,0.9,84.0,11.7,18.3,218,8,2020,7755.831400900286,0,27.11428571428571,25.3,85.57142857142857,220.44897959183677
2020-08-06,238.1428571428572,27.9,29.9,26.4,0.1,86.0,8.4,11.4,219,8,2020,7755.831400900286,0,27.328571428571426,22.400000000000002,85.14285714285714,226.3469387755102
2020-08-07,238.1428571428572,27.9,30.2,25.3,0.6,86.0,9.1,14.5,220,8,2020,7755.831400900286,0,27.528571428571432,8.9,84.85714285714286,232.2448979591837
2020-08-08,238.1428571428572,28.2,30.5,25.9,0.5,86.0,9.8,16.7,221,8,2020,7755.831400900286,0,27.699999999999996,8.3,85.0,238.1428571428572
2020-08-09,191.28571428571428,28.0,29.5,26.6,3.7,88.0,9.0,14.2,222,8,2020,7755.831400900286,0,27.77142857142857,11.000000000000002,85.71428571428571,231.44897959183677
2020-08-10,191.28571428571428,28.1,29.8,26.8,1.2,87.0,10.9,18.1,223,8,2020,7755.831400900286,0,27.828571428571426,11.9,86.42857142857143,224.75510204081638
2020-08-11,191.28571428571428,28.3,30.5,25.8,10.3,85.0,10.8,18.1,224,8,2020,7755.831400900286,0,28.02857142857143,17.3,86.0,218.06122448979593
2020-08-12,191.28571428571428,27.4,29.6,25.4,2.5,87.0,7.4,13.8,225,8,2020,7755.831400900286,0,27.97142857142857,18.900000000000002,86.42857142857143,211.3673469387755
2020-08-13,191.28571428571428,27.2,29.1,25.1,5.2,87.0,6.6,12.4,226,8,2020,7755.831400900286,0,27.87142857142857,24.0,86.57142857142857,204.67346938775512
2020-08-14,191.28571428571428,26.2,28.4,24.5,12.3,89.0,5.7,11.6,227,8,2020,7755.831400900286,0,27.628571428571426,35.7,87.0,197.9795918367347
2020-08-15,191.28571428571428,26.6,29.0,23.6,4.6,86.0,5.5,10.6,228,8,2020,7755.831400900286,0,27.400000000000002,39.8,87.0,191.28571428571428
2020-08-16,183.8571428571429,26.6,28.9,24.5,5.0,87.0,7.7,13.3,229,8,2020,7755.831400900286,0,27.2,41.1,86.85714285714286,190.22448979591837
2020-08-17,183.8571428571429,26.5,28.2,24.5,16.9,90.0,6.8,13.2,230,8,2020,7755.831400900286,0,26.97142857142857,56.8,87.28571428571429,189.16326530612244
2020-08-18,183.8571428571429,26.7,28.9,24.8,7.6,87.0,8.1,16.6,231,8,2020,7755.831400900286,0,26.74285714285714,54.1,87.57142857142857,188.10204081632654
2020-08-19,183.8571428571429,26.5,29.2,24.7,12.6,87.0,5.7,9.8,232,8,2020,7755.831400900286,0,26.61428571428571,64.19999999999999,87.57142857142857,187.04081632653063
2020-08-20,183.8571428571429,26.8,29.5,24.2,5.2,86.0,7.0,11.9,233,8,2020,7755.831400900286,0,26.557142857142857,64.2,87.42857142857143,185.9795918367347
2020-08-21,183.8571428571429,27.9,30.5,25.5,0.1,80.0,10.7,17.5,234,8,2020,7755.831400900286,0,26.8,52.0,86.14285714285714,184.9183673469388
2020-08-22,183.8571428571429,27.2,29.2,25.5,6.5,85.0,7.7,13.0,235,8,2020,7755.831400900286,0,26.885714285714283,53.9,86.0,183.8571428571429
2020-08-23,164.85714285714286,25.5,27.5,23.3,19.1,91.0,7.4,11.2,236,8,2020,7755.831400900286,0,26.728571428571428,68.0,86.57142857142857,181.14285714285717
2020-08-24,164.85714285714286,26.7,29.6,24.2,2.5,87.0,8.1,13.0,237,8,2020,7755.831400900286,0,26.75714285714286,53.6,86.14285714285714,178.42857142857147
2020-08-25,164.85714285714286,26.4,28.4,25.0,5.1,89.0,8.1,12.8,238,8,2020,7755.831400900286,0,26.714285714285715,51.1,86.42857142857143,175.71428571428575
2020-08-26,164.85714285714286,26.3,28.5,24.5,7.6,87.0,8.1,13.8,239,8,2020,7755.831400900286,0,26.685714285714287,46.099999999999994,86.42857142857143,173.0
2020-08-27,164.85714285714286,26.6,28.9,24.6,2.8,87.0,8.9,13.3,240,8,2020,7755.831400900286,0,26.657142857142855,43.7,86.57142857142857,170.28571428571428
2020-08-28,164.85714285714286,27.5,29.8,25.4,1.1,81.0,10.6,17.6,241,8,2020,7755.831400900286,0,26.599999999999998,44.7,86.71428571428571,167.57142857142858
2020-08-29,164.85714285714286,27.0,28.9,25.8,9.4,87.0,9.2,15.3,242,8,2020,7755.831400900286,0,26.571428571428573,47.6,87.0,164.85714285714286
2020-08-30,134.0,27.4,29.8,25.5,5.2,86.0,9.4,18.2,243,8,2020,7755.831400900286,0,26.842857142857145,33.7,86.28571428571429,160.44897959183672
2020-08-31,134.0,27.8,30.2,25.8,1.6,84.0,10.1,15.5,244,8,2020,7755.831400900286,0,27.0,32.8,85.85714285714286,156.0408163265306
2020-09-01,134.0,26.8,28.9,25.5,15.9,89.0,8.9,13.4,245,9,2020,7755.831400900286,0,27.057142857142857,43.6,85.85714285714286,151.63265306122452
2020-09-02,134.0,26.7,29.4,24.5,22.5,89.0,6.3,11.6,246,9,2020,7755.831400900286,0,27.114285714285717,58.5,86.14285714285714,147.22448979591837
2020-09-03,134.0,26.1,27.6,25.0,18.3,91.0,4.8,9.9,247,9,2020,7755.831400900286,0,27.042857142857144,74.0,86.71428571428571,142.81632653061223
2020-09-04,134.0,26.4,28.2,24.8,8.0,89.0,7.1,13.3,248,9,2020,7755.831400900286,0,26.885714285714283,80.9,87.85714285714286,138.40816326530611
2020-09-05,134.0,25.1,25.7,24.5,32.4,93.0,8.3,12.6,249,9,2020,7755.831400900286,0,26.614285714285717,103.9,88.71428571428571,134.0
2020-09-06,103.57142857142856,26.4,29.5,24.6,2.7,85.0,7.9,14.5,250,9,2020,7755.831400900286,0,26.47142857142857,101.4,88.57142857142857,129.6530612244898
2020-09-07,103.57142857142856,26.7,30.2,24.1,5.6,86.0,8.5,16.6,251,9,2020,7755.831400900286,0,26.314285714285713,105.4,88.85714285714286,125.3061224489796
2020-09-08,103.57142857142856,26.5,28.7,24.7,9.6,90.0,8.6,12.1,252,9,2020,7755.831400900286,0,26.271428571428572,99.1,89.0,120.95918367346938
2020-09-09,103.57142857142856,26.8,29.5,25.0,21.6,89.0,6.5,10.6,253,9,2020,7755.831400900286,0,26.285714285714285,98.2,89.0,116.61224489795917
2020-09-10,103.57142857142856,25.5,26.4,24.2,26.5,92.0,7.7,15.6,254,9,2020,7755.831400900286,0,26.199999999999996,106.4,89.14285714285714,112.26530612244896
2020-09-11,103.57142857142856,26.3,28.5,25.1,4.2,86.0,8.7,14.2,255,9,2020,7755.831400900286,0,26.185714285714287,102.60000000000001,88.71428571428571,107.91836734693877
2020-09-12,103.57142857142856,26.0,27.5,24.8,18.4,90.0,6.6,15.0,256,9,2020,7755.831400900286,0,26.314285714285713,88.6,88.28571428571429,103.57142857142856
2020-09-13,95.85714285714286,25.8,27.8,24.5,4.0,87.0,7.2,13.9,257,9,2020,7755.831400900286,0,26.22857142857143,89.89999999999999,88.57142857142857,102.46938775510203
2020-09-14,95.85714285714286,24.9,26.8,22.0,15.7,91.0,7.7,14.4,258,9,2020,7755.831400900286,0,25.97142857142857,100.0,89.28571428571429,101.36734693877551
2020-09-15,95.85714285714286,26.6,29.0,24.5,9.2,88.0,7.7,13.8,259,9,2020,7755.831400900286,0,25.985714285714288,99.60000000000001,89.0,100.26530612244899
2020-09-16,95.85714285714286,26.2,28.2,24.1,9.6,88.0,8.5,14.8,260,9,2020,7755.831400900286,0,25.900000000000002,87.6,88.85714285714286,99.16326530612244
2020-09-17,95.85714285714286,26.7,29.5,24.1,4.6,87.0,9.9,16.3,261,9,2020,7755.831400900286,0,26.071428571428573,65.69999999999999,88.14285714285714,98.06122448979592
2020-09-18,95.85714285714286,27.3,29.2,25.5,2.4,85.0,10.0,16.8,262,9,2020,7755.831400900286,0,26.214285714285715,63.89999999999999,88.0,96.9591836734694
2020-09-19,95.85714285714286,27.3,29.1,25.2,0.4,85.0,9.1,15.2,263,9,2020,7755.831400900286,0,26.400000000000002,45.9,87.28571428571429,95.85714285714286
2020-09-20,84.42857142857143,26.8,29.1,25.0,13.6,89.0,6.1,12.7,264,9,2020,7755.831400900286,0,26.54285714285714,55.49999999999999,87.57142857142857,94.22448979591836
2020-09-21,84.42857142857143,25.7,27.5,23.6,14.6,91.0,4.0,8.6,265,9,2020,7755.831400900286,0,26.657142857142855,54.4,87.57142857142857,92.59183673469387
2020-09-22,84.42857142857143,26.2,28.9,24.3,12.2,89.0,7.4,12.8,266,9,2020,7755.831400900286,0,26.599999999999998,57.400000000000006,87.71428571428571,90.95918367346938
2020-09-23,84.42857142857143,27.6,30.2,25.0,1.3,85.0,6.3,10.8,267,9,2020,7755.831400900286,0,26.8,49.1,87.28571428571429,89.32653061224491
2020-09-24,84.42857142857143,26.9,29.1,25.1,3.4,87.0,8.2,15.3,268,9,2020,7755.831400900286,0,26.828571428571426,47.9,87.28571428571429,87.6938775510204
2020-09-25,84.42857142857143,26.9,30.1,24.6,18.2,88.0,6.3,11.8,269,9,2020,7755.831400900286,0,26.771428571428572,63.7,87.71428571428571,86.06122448979592
2020-09-26,84.42857142857143,25.5,27.6,24.2,23.8,89.0,8.9,16.0,270,9,2020,7755.831400900286,0,26.514285714285712,87.1,88.28571428571429,84.42857142857143
2020-09-27,86.42857142857143,25.5,27.0,24.3,11.5,87.0,11.0,16.1,271,9,2020,7755.831400900286,0,26.32857142857143,85.0,88.0,84.71428571428571
2020-09-28,86.42857142857143,26.7,29.6,25.2,7.3,86.0,9.3,18.7,272,9,2020,7755.831400900286,0,26.471428571428568,77.7,87.28571428571429,85.0
2020-09-29,86.42857142857143,26.4,28.6,24.5,10.1,89.0,9.5,16.3,273,9,2020,7755.831400900286,0,26.5,75.6,87.28571428571429,85.28571428571429
2020-09-30,86.42857142857143,26.4,29.5,24.0,10.8,89.0,7.5,16.0,274,9,2020,7755.831400900286,0,26.32857142857143,85.1,87.85714285714286,85.57142857142857
2020-10-01,86.42857142857143,26.3,29.0,24.4,20.1,90.0,4.3,8.3,275,10,2020,7755.831400900286,0,26.24285714285714,101.8,88.28571428571429,85.85714285714286
2020-10-02,86.42857142857143,26.4,28.6,24.2,19.4,88.0,6.9,12.2,276,10,2020,7755.831400900286,0,26.17142857142857,103.0,88.28571428571429,86.14285714285714
2020-10-03,86.42857142857143,26.7,29.7,24.9,13.2,82.0,10.2,16.9,277,10,2020,7755.831400900286,0,26.342857142857138,92.39999999999999,87.28571428571429,86.42857142857143
2020-10-04,75.57142857142857,26.8,29.2,24.1,0.1,82.0,8.4,14.0,278,10,2020,7755.831400900286,0,26.52857142857143,81.0,86.57142857142857,84.87755102040818
2020-10-05,75.57142857142857,27.1,29.8,24.5,1.1,85.0,5.7,10.9,279,10,2020,7755.831400900286,0,26.585714285714285,74.8,86.42857142857143,83.3265306122449
2020-10-06,75.57142857142857,27.0,28.9,24.9,2.4,88.0,8.9,17.3,280,10,2020,7755.831400900286,0,26.67142857142857,67.1,86.28571428571429,81.77551020408164
2020-10-07,75.57142857142857,26.9,29.8,24.5,17.9,87.0,8.9,13.9,281,10,2020,7755.831400900286,0,26.74285714285714,74.2,86.0,80.22448979591836
2020-10-08,75.57142857142857,26.2,28.8,24.7,13.3,90.0,11.0,15.9,282,10,2020,7755.831400900286,0,26.72857142857143,67.39999999999999,86.0,78.67346938775509
2020-10-09,75.57142857142857,26.7,28.4,25.7,8.6,85.0,11.0,15.5,283,10,2020,7755.831400900286,0,26.771428571428572,56.6,85.57142857142857,77.12244897959184
2020-10-10,75.57142857142857,26.1,27.0,25.1,6.6,89.0,8.9,12.8,284,10,2020,7755.831400900286,0,26.685714285714283,50.0,86.57142857142857,75.57142857142857
2020-10-11,84.57142857142857,26.4,28.6,24.3,18.0,87.0,10.6,14.7,285,10,2020,7755.831400900286,0,26.62857142857143,67.9,87.28571428571429,76.85714285714286
2020-10-12,84.57142857142857,27.2,28.5,26.1,1.7,82.0,18.0,27.7,286,10,2020,7755.831400900286,0,26.642857142857142,68.5,86.85714285714286,78.14285714285714
2020-10-13,84.57142857142857,27.4,29.1,25.6,0.1,79.0,9.8,15.8,287,10,2020,7755.831400900286,0,26.7,66.2,85.57142857142857,79.42857142857143
2020-10-14,84.57142857142857,27.4,29.4,25.4,5.3,84.0,10.0,17.3,288,10,2020,7755.831400900286,0,26.771428571428572,53.6,85.14285714285714,80.71428571428571
2020-10-15,84.57142857142857,27.1,29.8,24.4,10.4,84.0,10.7,14.5,289,10,2020,7755.831400900286,0,26.9,50.699999999999996,84.28571428571429,82.0
2020-10-16,84.57142857142857,27.8,30.0,26.0,0.3,81.0,10.7,14.8,290,10,2020,7755.831400900286,0,27.057142857142857,42.4,83.71428571428571,83.28571428571429
2020-10-17,84.57142857142857,27.9,30.0,26.0,1.7,86.0,9.4,14.8,291,10,2020,7755.831400900286,0,27.314285714285713,37.5,83.28571428571429,84.57142857142857
2020-10-18,80.71428571428571,27.6,29.6,26.4,3.7,87.0,9.4,13.6,292,10,2020,7755.831400900286,0,27.485714285714288,23.2,83.28571428571429,84.0204081632653
2020-10-19,80.71428571428571,27.5,29.6,25.8,1.5,85.0,6.4,11.1,293,10,2020,7755.831400900286,0,27.528571428571432,23.0,83.71428571428571,83.46938775510203
2020-10-20,80.71428571428571,27.1,29.0,25.0,12.6,89.0,4.9,8.7,294,10,2020,7755.831400900286,0,27.485714285714288,35.5,85.14285714285714,82.91836734693878
2020-10-21,80.71428571428571,27.2,30.8,24.4,19.6,87.0,5.0,10.2,295,10,2020,7755.831400900286,0,27.457142857142856,49.800000000000004,85.57142857142857,82.36734693877551
2020-10-22,80.71428571428571,25.5,27.2,23.5,54.8,90.0,9.6,16.9,296,10,2020,7755.831400900286,0,27.228571428571428,94.2,86.42857142857143,81.81632653061224
2020-10-23,80.71428571428571,27.3,30.9,24.9,21.7,85.0,6.2,9.4,297,10,2020,7755.831400900286,0,27.157142857142855,115.60000000000001,87.0,81.26530612244896
2020-10-24,80.71428571428571,26.6,30.0,24.0,21.9,88.0,5.1,8.8,298,10,2020,7755.831400900286,0,26.97142857142857,135.8,87.28571428571429,80.71428571428571
2020-10-25,62.85714285714285,26.5,29.4,23.9,7.2,86.0,8.6,17.1,299,10,2020,7755.831400900286,0,26.814285714285713,139.29999999999998,87.14285714285714,78.16326530612244
2020-10-26,62.85714285714285,26.0,27.0,25.1,12.4,91.0,7.9,13.8,300,10,2020,7755.831400900286,0,26.599999999999998,150.2,88.0,75.61224489795917
2020-10-27,62.85714285714285,27.5,29.8,25.3,1.4,84.0,7.3,15.0,301,10,2020,7755.831400900286,0,26.657142857142855,139.0,87.28571428571429,73.06122448979592
2020-10-28,62.85714285714285,26.3,28.1,25.1,8.4,90.0,7.1,9.4,302,10,2020,7755.831400900286,0,26.528571428571432,127.8,87.71428571428571,70.51020408163264
2020-10-29,62.85714285714285,27.0,29.1,25.2,19.0,90.0,6.7,11.9,303,10,2020,7755.831400900286,0,26.742857142857144,92.0,87.71428571428571,67.95918367346938
2020-10-30,62.85714285714285,26.9,29.9,24.1,12.1,90.0,4.8,9.8,304,10,2020,7755.831400900286,0,26.685714285714287,82.39999999999999,88.42857142857143,65.40816326530611
2020-10-31,62.85714285714285,26.6,29.5,24.2,17.0,88.0,4.9,8.8,305,10,2020,7755.831400900286,0,26.685714285714287,77.5,88.42857142857143,62.85714285714285
2020-11-01,58.285714285714285,26.5,29.2,24.6,10.9,89.0,8.5,15.6,306,11,2020,7755.831400900286,1,26.685714285714287,81.2,88.85714285714286,62.20408163265306
2020-11-02,58.285714285714285,26.3,29.2,24.1,16.4,90.0,6.1,9.8,307,11,2020,7755.831400900286,1,26.728571428571428,85.19999999999999,88.71428571428571,61.551020408163254
2020-11-03,58.285714285714285,25.9,28.1,24.0,13.3,92.0,4.3,8.8,308,11,2020,7755.831400900286,1,26.5,97.10000000000001,89.85714285714286,60.89795918367346
2020-11-04,58.285714285714285,25.2,27.0,24.1,8.1,91.0,4.8,7.6,309,11,2020,7755.831400900286,1,26.342857142857138,96.8,90.0,60.24489795918367
2020-11-05,58.285714285714285,26.4,29.8,23.1,0.8,85.0,4.9,9.3,310,11,2020,7755.831400900286,1,26.257142857142856,78.6,89.28571428571429,59.59183673469387
2020-11-06,58.285714285714285,27.0,29.5,24.5,5.4,86.0,6.7,12.0,311,11,2020,7755.831400900286,1,26.27142857142857,71.9,88.71428571428571,58.93877551020408
2020-11-07,58.285714285714285,25.2,26.5,24.0,37.5,93.0,6.7,12.1,312,11,2020,7755.831400900286,1,26.071428571428573,92.4,89.42857142857143,58.285714285714285
2020-11-08,50.71428571428572,26.0,28.5,23.8,11.1,89.0,6.4,10.5,313,11,2020,7755.831400900286,1,26.0,92.6,89.42857142857143,57.204081632653065
2020-11-09,50.71428571428572,25.6,27.0,24.1,17.0,91.0,5.4,11.2,314,11,2020,7755.831400900286,1,25.900000000000002,93.2,89.57142857142857,56.122448979591844
2020-11-10,50.71428571428572,26.0,27.5,24.5,9.8,91.0,5.4,9.7,315,11,2020,7755.831400900286,1,25.914285714285715,89.7,89.42857142857143,55.04081632653062
2020-11-11,50.71428571428572,27.5,30.2,24.5,0.2,84.0,7.4,14.7,316,11,2020,7755.831400900286,1,26.24285714285714,81.8,88.42857142857143,53.95918367346939
2020-11-12,50.71428571428572,27.8,30.5,25.8,0.8,82.0,10.4,15.6,317,11,2020,7755.831400900286,1,26.442857142857147,81.8,88.0,52.87755102040817
2020-11-13,50.71428571428572,27.3,30.1,25.0,1.9,88.0,9.1,13.8,318,11,2020,7755.831400900286,1,26.485714285714288,78.30000000000001,88.28571428571429,51.79591836734694
2020-11-14,50.71428571428572,26.7,30.2,24.8,15.8,89.0,7.9,15.5,319,11,2020,7755.831400900286,1,26.699999999999996,56.6,87.71428571428571,50.71428571428572
2020-11-15,36.85714285714285,26.2,29.2,24.9,25.3,91.0,9.1,14.3,320,11,2020,7755.831400900286,1,26.728571428571428,70.80000000000001,88.0,48.734693877551024
2020-11-16,36.85714285714285,26.5,29.6,24.1,4.7,89.0,9.3,14.7,321,11,2020,7755.831400900286,1,26.857142857142858,58.50000000000001,87.71428571428571,46.755102040816325
2020-11-17,36.85714285714285,26.2,29.5,24.0,17.5,90.0,6.2,12.2,322,11,2020,7755.831400900286,1,26.885714285714283,66.2,87.57142857142857,44.775510204081634
2020-11-18,36.85714285714285,26.8,30.1,24.1,2.5,87.0,5.4,11.3,323,11,2020,7755.831400900286,1,26.785714285714285,68.5,88.0,42.795918367346935
2020-11-19,36.85714285714285,26.5,29.6,24.4,13.0,88.0,5.1,8.2,324,11,2020,7755.831400900286,1,26.599999999999998,80.7,88.85714285714286,40.81632653061224
2020-11-20,36.85714285714285,26.4,30.1,23.9,13.1,89.0,3.9,7.1,325,11,2020,7755.831400900286,1,26.47142857142857,91.9,89.0,38.83673469387754
2020-11-21,36.85714285714285,25.5,28.0,24.0,29.1,92.0,6.4,8.7,326,11,2020,7755.831400900286,1,26.300000000000004,105.19999999999999,89.42857142857143,36.85714285714285
2020-11-22,39.85714285714285,25.5,28.3,23.8,22.6,90.0,6.3,11.2,327,11,2020,7755.831400900286,1,26.2,102.5,89.28571428571429,37.28571428571428
2020-11-23,39.85714285714285,25.3,28.0,23.9,17.1,92.0,5.4,10.5,328,11,2020,7755.831400900286,1,26.02857142857143,114.9,89.71428571428571,37.71428571428571
2020-11-24,39.85714285714285,25.2,26.5,23.8,9.6,92.0,6.8,10.4,329,11,2020,7755.831400900286,1,25.88571428571429,107.0,90.0,38.14285714285713
2020-11-25,39.85714285714285,25.2,27.4,23.6,6.9,93.0,5.8,9.0,330,11,2020,7755.831400900286,1,25.657142857142855,111.4,90.85714285714286,38.57142857142856
2020-11-26,39.85714285714285,25.2,27.0,24.1,15.9,93.0,5.0,8.0,331,11,2020,7755.831400900286,1,25.471428571428568,114.3,91.57142857142857,38.99999999999999
2020-11-27,39.85714285714285,25.6,28.3,23.4,19.9,92.0,7.1,12.1,332,11,2020,7755.831400900286,1,25.357142857142858,121.1,92.0,39.42857142857142
2020-11-28,39.85714285714285,25.9,28.5,24.2,3.8,88.0,3.5,6.5,333,11,2020,7755.831400900286,1,25.41428571428571,95.80000000000001,91.42857142857143,39.85714285714285
2020-11-29,32.57142857142857,25.9,29.1,24.3,5.5,89.0,7.0,14.2,334,11,2020,7755.831400900286,1,25.471428571428568,78.7,91.28571428571429,38.81632653061224
2020-11-30,32.57142857142857,26.1,29.4,24.0,18.2,90.0,7.0,15.9,335,11,2020,7755.831400900286,1,25.585714285714285,79.8,91.0,37.77551020408163
2020-12-01,32.57142857142857,26.7,30.1,23.6,6.1,87.0,6.5,11.2,336,12,2020,7755.831400900286,1,25.8,76.3,90.28571428571429,36.73469387755102
2020-12-02,32.57142857142857,27.0,30.1,24.7,2.5,90.0,5.6,9.3,337,12,2020,7755.831400900286,1,26.057142857142857,71.89999999999999,89.85714285714286,35.69387755102041
2020-12-03,32.57142857142857,26.3,30.0,24.4,12.9,90.0,8.8,12.6,338,12,2020,7755.831400900286,1,26.214285714285715,68.9,89.42857142857143,34.65306122448979
2020-12-04,32.57142857142857,25.4,28.9,23.6,17.0,91.0,10.2,15.2,339,12,2020,7755.831400900286,1,26.185714285714283,66.0,89.28571428571429,33.61224489795918
2020-12-05,32.57142857142857,25.7,28.2,23.6,7.4,87.0,12.5,19.9,340,12,2020,7755.831400900286,1,26.157142857142862,69.60000000000001,89.14285714285714,32.57142857142857
2020-12-06,32.42857142857143,26.9,30.3,24.3,0.5,81.0,13.8,20.2,341,12,2020,7755.831400900286,1,26.3,64.60000000000001,88.0,32.55102040816327
2020-12-07,32.42857142857143,26.8,30.1,24.2,5.9,83.0,12.1,21.3,342,12,2020,7755.831400900286,1,26.400000000000002,52.3,87.0,32.53061224489796
2020-12-08,32.42857142857143,26.4,29.9,24.4,4.2,87.0,11.8,18.0,343,12,2020,7755.831400900286,1,26.357142857142858,50.4,87.0,32.51020408163266
2020-12-09,32.42857142857143,26.4,29.5,24.0,6.4,89.0,8.5,14.7,344,12,2020,7755.831400900286,1,26.27142857142857,54.3,86.85714285714286,32.48979591836734
2020-12-10,32.42857142857143,26.5,29.9,24.4,7.3,88.0,9.2,16.3,345,12,2020,7755.831400900286,1,26.3,48.7,86.57142857142857,32.46938775510204
2020-12-11,32.42857142857143,26.6,30.0,24.0,5.4,87.0,10.3,14.9,346,12,2020,7755.831400900286,1,26.47142857142857,37.1,86.0,32.44897959183673
2020-12-12,32.42857142857143,26.0,29.5,23.9,20.2,89.0,10.4,14.8,347,12,2020,7755.831400900286,1,26.514285714285716,49.900000000000006,86.28571428571429,32.42857142857143
2020-12-13,33.714285714285715,26.3,30.0,24.4,13.2,87.0,9.2,15.0,348,12,2020,7755.831400900286,1,26.428571428571427,62.6,87.14285714285714,32.61224489795918
2020-12-14,33.714285714285715,26.0,28.9,24.5,26.5,90.0,7.3,10.8,349,12,2020,7755.831400900286,1,26.314285714285713,83.2,88.14285714285714,32.79591836734694
2020-12-15,33.714285714285715,25.8,28.5,23.9,24.7,90.0,5.6,11.4,350,12,2020,7755.831400900286,1,26.228571428571428,103.7,88.57142857142857,32.97959183673469
2020-12-16,33.714285714285715,25.6,27.6,24.0,20.0,91.0,6.4,12.6,351,12,2020,7755.831400900286,1,26.114285714285717,117.3,88.85714285714286,33.163265306122454
2020-12-17,33.714285714285715,25.5,27.8,23.4,6.4,91.0,9.2,15.3,352,12,2020,7755.831400900286,1,25.97142857142857,116.39999999999999,89.28571428571429,33.3469387755102
2020-12-18,33.714285714285715,24.5,25.8,23.9,14.3,93.0,7.9,11.0,353,12,2020,7755.831400900286,1,25.67142857142857,125.30000000000001,90.14285714285714,33.53061224489796
2020-12-19,33.714285714285715,25.0,27.1,23.4,3.0,91.0,9.2,13.5,354,12,2020,7755.831400900286,1,25.52857142857143,108.10000000000001,90.42857142857143,33.714285714285715
2020-12-20,27.714285714285715,25.3,28.6,23.2,15.6,89.0,10.8,14.8,355,12,2020,7755.831400900286,1,25.38571428571429,110.5,90.71428571428571,32.857142857142854
2020-12-21,28.0,25.5,28.9,23.3,12.8,89.0,7.3,15.3,356,12,2020,7755.831400900286,1,25.314285714285717,96.8,90.57142857142857,32.04081632653062
2020-12-22,28.0,26.3,30.0,23.5,3.1,84.0,9.4,16.3,357,12,2020,7755.831400900286,1,25.385714285714283,75.2,89.71428571428571,31.22448979591837
2020-12-23,27.714285714285715,26.3,29.4,23.7,5.8,88.0,7.6,10.9,358,12,2020,7755.831400900286,1,25.485714285714288,61.0,89.28571428571429,30.36734693877551
2020-12-24,28.0,25.1,26.5,23.5,35.7,93.0,6.0,12.0,359,12,2020,7755.831400900286,1,25.428571428571427,90.30000000000001,89.57142857142857,29.55102040816326
2020-12-25,28.0,26.6,29.8,24.5,1.9,87.0,6.9,11.7,360,12,2020,7755.831400900286,1,25.72857142857143,77.9,88.71428571428571,28.734693877551024
2020-12-26,27.714285714285715,26.6,29.6,25.0,25.8,88.0,7.6,12.3,361,12,2020,7755.831400900286,1,25.95714285714286,100.7,88.28571428571429,27.877551020408163
2020-12-27,27.714285714285715,26.337500000000002,29.3,24.725,23.625,88.5,7.6875,12.4,362,12,2020,7755.831400900286,1,26.105357142857144,108.725,88.21428571428571,27.877551020408163
2020-12-28,27.714285714285715,26.075000000000003,29.0,24.45,21.450000000000003,89.0,7.775,12.5,363,12,2020,7755.831400900286,1,26.1875,117.375,88.21428571428571,27.836734693877553
2020-12-29,27.714285714285715,25.8125,28.7,24.175,19.275000000000002,89.5,7.8625,12.6,364,12,2020,7755.831400900286,1,26.117857142857144,133.55,89.0,27.795918367346935
2020-12-30,27.714285714285715,25.55,28.4,23.9,17.1,90.0,7.95,12.7,365,12,2020,7755.831400900286,1,26.01071428571429,144.85000000000002,89.28571428571429,27.795918367346935
2020-12-31,27.714285714285715,25.2875,28.1,23.625,14.925,90.5,8.0375,12.8,366,12,2020,7755.831400900286,1,26.0375,124.075,88.92857142857143,27.755102040816325
2021-01-01,27.714285714285715,25.025,27.8,23.35,12.750000000000002,91.0,8.125,12.9,1,1,2021,7439.094257263675,1,25.812500000000004,134.925,89.5,27.714285714285715
2021-01-02,27.714285714285715,24.7625,27.5,23.075,10.575000000000003,91.5,8.2125,13.0,2,1,2021,7439.094257263675,1,25.55,119.70000000000002,90.0,27.714285714285715
2021-01-03,27.714285714285715,24.5,27.2,22.8,8.4,92.0,8.3,13.1,3,1,2021,7439.094257263675,1,25.287499999999998,104.47500000000002,90.5,27.714285714285715
2021-01-04,27.714285714285715,24.7,27.4,22.6,3.5,89.0,11.1,17.3,4,1,2021,7439.094257263675,1,25.09107142857143,86.525,90.5,27.714285714285715
2021-01-05,27.714285714285715,25.8,30.0,23.4,5.1,89.0,11.4,17.9,5,1,2021,7439.094257263675,1,25.089285714285715,72.35000000000001,90.42857142857143,27.714285714285715
2021-01-06,27.714285714285715,25.4,27.8,23.6,9.2,91.0,9.9,16.6,6,1,2021,7439.094257263675,1,25.067857142857143,64.45,90.57142857142857,27.714285714285715
2021-01-07,27.714285714285715,24.6,26.2,23.5,7.4,93.0,10.2,14.2,7,1,2021,7439.094257263675,1,24.969642857142855,56.92500000000001,90.92857142857143,27.714285714285715
2021-01-08,27.714285714285715,24.8,27.0,23.3,10.6,93.0,11.3,17.1,8,1,2021,7439.094257263675,1,24.9375,54.775,91.21428571428571,27.714285714285715
2021-01-09,27.714285714285715,25.1,27.5,23.9,32.6,91.0,12.5,18.7,9,1,2021,7439.094257263675,1,24.985714285714288,76.8,91.14285714285714,27.714285714285715
2021-01-10,23.714285714285715,23.8,24.5,23.3,94.9,95.0,12.6,20.5,10,1,2021,7439.094257263675,1,24.88571428571429,163.3,91.57142857142857,27.142857142857142
2021-01-11,23.714285714285715,24.4,26.1,23.1,23.6,92.0,13.8,18.4,11,1,2021,7439.094257263675,1,24.842857142857138,183.4,92.0,26.571428571428573
2021-01-12,23.714285714285715,24.5,26.9,23.4,9.5,90.0,15.9,21.6,12,1,2021,7439.094257263675,1,24.657142857142855,187.8,92.14285714285714,26.0
2021-01-13,23.714285714285715,24.5,26.4,23.0,3.6,88.0,13.9,19.4,13,1,2021,7439.094257263675,1,24.52857142857143,182.2,91.71428571428571,25.428571428571427
2021-01-14,23.714285714285715,24.7,27.5,22.8,0.4,87.0,12.9,21.1,14,1,2021,7439.094257263675,1,24.542857142857144,175.2,90.85714285714286,24.857142857142858
2021-01-15,23.714285714285715,25.0,27.9,23.0,1.1,85.0,11.9,17.1,15,1,2021,7439.094257263675,1,24.571428571428573,165.7,89.71428571428571,24.285714285714285
2021-01-16,23.714285714285715,25.7,28.9,23.2,1.7,85.0,11.3,14.7,16,1,2021,7439.094257263675,1,24.657142857142855,134.8,88.85714285714286,23.714285714285715
2021-01-17,21.714285714285715,25.9,28.9,24.1,1.8,82.0,16.8,22.1,17,1,2021,7439.094257263675,1,24.957142857142856,41.7,87.0,23.428571428571427
2021-01-18,21.714285714285715,25.1,27.4,23.6,0.0,75.0,19.7,28.7,18,1,2021,7439.094257263675,1,25.057142857142857,18.1,84.57142857142857,23.142857142857142
2021-01-19,21.714285714285715,25.2,28.6,22.6,0.0,76.0,14.2,18.8,19,1,2021,7439.094257263675,1,25.157142857142862,8.6,82.57142857142857,22.857142857142858
2021-01-20,21.714285714285715,25.2,28.5,22.4,1.9,81.0,12.5,17.3,20,1,2021,7439.094257263675,1,25.25714285714286,6.9,81.57142857142857,22.571428571428573
2021-01-21,21.714285714285715,25.5,29.4,22.5,3.3,84.0,10.2,14.1,21,1,2021,7439.094257263675,1,25.37142857142857,9.8,81.14285714285714,22.285714285714285
2021-01-22,21.714285714285715,25.5,29.4,23.0,3.5,86.0,8.6,14.0,22,1,2021,7439.094257263675,1,25.442857142857143,12.2,81.28571428571429,22.0
2021-01-23,21.714285714285715,25.5,28.5,23.5,2.8,85.0,11.6,18.2,23,1,2021,7439.094257263675,1,25.414285714285715,13.299999999999999,81.28571428571429,21.714285714285715
2021-01-24,19.285714285714285,26.0,29.3,23.1,3.8,84.0,11.5,18.9,24,1,2021,7439.094257263675,1,25.428571428571427,15.3,81.57142857142857,21.36734693877551
2021-01-25,19.285714285714285,26.1,29.8,22.9,1.5,83.0,11.2,16.3,25,1,2021,7439.094257263675,1,25.571428571428573,16.8,82.71428571428571,21.020408163265305
2021-01-26,19.285714285714285,26.0,29.5,23.3,1.2,83.0,8.7,15.0,26,1,2021,7439.094257263675,1,25.685714285714287,18.0,83.71428571428571,20.6734693877551
2021-01-27,19.285714285714285,25.9,30.0,22.5,1.0,84.0,8.8,14.7,27,1,2021,7439.094257263675,1,25.785714285714285,17.1,84.14285714285714,20.3265306122449
2021-01-28,19.285714285714285,25.2,28.5,23.5,10.4,90.0,10.3,18.2,28,1,2021,7439.094257263675,1,25.74285714285714,24.200000000000003,85.0,19.97959183673469
2021-01-29,19.285714285714285,25.5,29.0,22.4,0.6,82.0,11.7,16.8,29,1,2021,7439.094257263675,1,25.74285714285714,21.3,84.42857142857143,19.632653061224488
2021-01-30,19.285714285714285,25.5,29.2,23.4,1.0,82.0,15.2,22.0,30,1,2021,7439.094257263675,1,25.74285714285714,19.5,84.0,19.285714285714285
2021-01-31,20.142857142857142,25.6,28.8,22.8,1.5,82.0,12.2,16.6,31,1,2021,7439.094257263675,1,25.685714285714287,17.2,83.71428571428571,19.408163265306122
2021-02-01,20.142857142857142,25.8,29.5,23.5,0.7,84.0,14.9,23.3,32,2,2021,7439.094257263675,1,25.642857142857142,16.4,83.85714285714286,19.53061224489796
2021-02-02,20.142857142857142,26.1,29.9,23.8,0.7,81.0,14.0,20.6,33,2,2021,7439.094257263675,1,25.657142857142855,15.9,83.57142857142857,19.653061224489793
2021-02-03,20.142857142857142,25.9,29.4,23.1,1.6,80.0,14.3,19.3,34,2,2021,7439.094257263675,1,25.657142857142855,16.5,83.0,19.775510204081634
2021-02-04,20.142857142857142,25.7,30.1,22.6,0.0,76.0,15.0,22.4,35,2,2021,7439.094257263675,1,25.72857142857143,6.1,81.0,19.897959183673468
2021-02-05,20.142857142857142,25.6,30.0,22.0,2.1,82.0,13.0,21.1,36,2,2021,7439.094257263675,1,25.742857142857144,7.6000000000000005,81.0,20.020408163265305
2021-02-06,20.142857142857142,26.5,30.5,23.5,0.4,79.0,15.3,21.1,37,2,2021,7439.094257263675,1,25.88571428571429,7.0,80.57142857142857,20.142857142857142
2021-02-07,20.428571428571427,26.7,31.0,23.2,0.6,78.0,15.2,21.5,38,2,2021,7439.094257263675,1,26.042857142857144,6.1,80.0,20.183673469387752
2021-02-08,20.428571428571427,26.5,30.8,23.5,1.1,82.0,14.0,19.1,39,2,2021,7439.094257263675,1,26.142857142857142,6.5,79.71428571428571,20.22448979591837
2021-02-09,20.428571428571427,27.0,31.8,23.7,1.5,79.0,11.1,16.5,40,2,2021,7439.094257263675,1,26.271428571428572,7.300000000000001,79.42857142857143,20.265306122448976
2021-02-10,20.428571428571427,26.6,31.0,23.4,1.4,83.0,10.0,14.3,41,2,2021,7439.094257263675,1,26.37142857142857,7.1000000000000005,79.85714285714286,20.30612244897959
2021-02-11,20.428571428571427,26.8,31.4,23.9,6.1,82.0,11.3,17.4,42,2,2021,7439.094257263675,1,26.52857142857143,13.2,80.71428571428571,20.346938775510203
2021-02-12,20.428571428571427,26.6,30.6,23.8,4.7,83.0,12.8,18.8,43,2,2021,7439.094257263675,1,26.67142857142857,15.8,80.85714285714286,20.387755102040817
2021-02-13,20.428571428571427,26.5,30.1,23.8,2.6,81.0,12.4,20.0,44,2,2021,7439.094257263675,1,26.67142857142857,18.0,81.14285714285714,20.428571428571427
2021-02-14,21.142857142857142,26.3,29.8,23.6,1.2,80.0,14.1,18.1,45,2,2021,7439.094257263675,1,26.614285714285717,18.599999999999998,81.42857142857143,20.53061224489796
2021-02-15,21.142857142857142,26.1,29.7,23.5,0.6,74.0,15.3,20.7,46,2,2021,7439.094257263675,1,26.557142857142857,18.1,80.28571428571429,20.632653061224488
2021-02-16,21.142857142857142,26.3,30.8,22.9,0.1,72.0,13.6,18.7,47,2,2021,7439.094257263675,1,26.45714285714286,16.7,79.28571428571429,20.73469387755102
2021-02-17,21.142857142857142,26.1,30.9,22.4,0.0,72.0,13.6,19.0,48,2,2021,7439.094257263675,1,26.38571428571429,15.3,77.71428571428571,20.83673469387755
2021-02-18,21.142857142857142,26.0,31.1,21.9,0.0,70.0,15.4,21.3,49,2,2021,7439.094257263675,1,26.271428571428572,9.200000000000001,76.0,20.938775510204085
2021-02-19,21.142857142857142,26.5,30.8,23.5,0.0,69.0,18.1,24.9,50,2,2021,7439.094257263675,1,26.25714285714286,4.5,74.0,21.04081632653061
2021-02-20,21.142857142857142,26.2,29.6,23.8,1.3,75.0,17.4,23.7,51,2,2021,7439.094257263675,1,26.214285714285715,3.2,73.14285714285714,21.142857142857142
2021-02-21,20.857142857142858,26.1,30.6,23.1,1.1,77.0,15.8,20.3,52,2,2021,7439.094257263675,1,26.185714285714287,3.0999999999999996,72.71428571428571,21.102040816326532
2021-02-22,20.857142857142858,26.6,31.5,23.0,0.5,71.0,14.3,20.5,53,2,2021,7439.094257263675,1,26.25714285714286,3.0,72.28571428571429,21.061224489795922
2021-02-23,20.857142857142858,26.7,32.5,22.6,2.6,72.0,11.6,18.5,54,2,2021,7439.094257263675,1,26.314285714285713,5.5,72.28571428571429,21.020408163265305
2021-02-24,20.857142857142858,26.6,31.4,23.0,1.2,77.0,11.4,17.0,55,2,2021,7439.094257263675,1,26.385714285714283,6.7,73.0,20.979591836734695
2021-02-25,20.857142857142858,26.9,32.6,23.0,3.9,77.0,10.9,17.1,56,2,2021,7439.094257263675,1,26.514285714285712,10.600000000000001,74.0,20.938775510204085
2021-02-26,20.857142857142858,27.1,32.3,22.8,0.1,79.0,8.1,11.5,57,2,2021,7439.094257263675,1,26.599999999999998,10.700000000000001,75.42857142857143,20.89795918367347
2021-02-27,20.857142857142858,27.2,32.3,22.9,1.0,79.0,6.7,13.0,58,2,2021,7439.094257263675,1,26.742857142857144,10.4,76.0,20.857142857142858
2021-02-28,20.0,27.5,31.6,23.7,0.9,78.0,8.5,13.6,59,2,2021,7439.094257263675,1,26.942857142857143,10.2,76.14285714285714,20.73469387755102
2021-03-01,20.0,27.6,32.2,23.6,1.9,77.0,9.0,13.8,60,3,2021,7439.094257263675,1,27.085714285714285,11.6,77.0,20.612244897959183
2021-03-02,20.0,27.4,32.5,24.0,0.0,76.0,13.5,20.7,61,3,2021,7439.094257263675,1,27.185714285714287,9.0,77.57142857142857,20.48979591836735
2021-03-03,20.0,27.9,33.6,22.9,0.0,71.0,11.5,19.9,62,3,2021,7439.094257263675,1,27.37142857142857,7.800000000000001,76.71428571428571,20.36734693877551
2021-03-04,20.0,27.7,32.5,24.0,2.4,77.0,12.0,18.1,63,3,2021,7439.094257263675,1,27.485714285714288,6.300000000000001,76.71428571428571,20.244897959183675
2021-03-05,20.0,28.0,32.1,24.0,2.5,76.0,12.5,17.1,64,3,2021,7439.094257263675,1,27.614285714285717,8.700000000000001,76.28571428571429,20.122448979591837
2021-03-06,20.0,27.9,32.0,24.4,5.2,78.0,13.3,20.5,65,3,2021,7439.094257263675,1,27.714285714285715,12.900000000000002,76.14285714285714,20.0
2021-03-07,20.714285714285715,25.9,30.1,24.2,47.2,86.0,7.1,13.4,66,3,2021,7439.094257263675,1,27.485714285714284,59.2,77.28571428571429,20.102040816326532
2021-03-08,20.714285714285715,26.4,31.2,21.9,3.5,81.0,7.8,15.7,67,3,2021,7439.094257263675,1,27.314285714285713,60.800000000000004,77.85714285714286,20.204081632653065
2021-03-09,20.714285714285715,26.3,30.5,22.1,0.4,80.0,12.4,18.9,68,3,2021,7439.094257263675,1,27.157142857142855,61.2,78.42857142857143,20.30612244897959
2021-03-10,20.714285714285715,26.7,32.0,22.6,0.2,77.0,12.5,20.0,69,3,2021,7439.094257263675,1,26.985714285714284,61.400000000000006,79.28571428571429,20.408163265306122
2021-03-11,20.714285714285715,26.7,30.5,23.2,1.8,81.0,12.2,18.6,70,3,2021,7439.094257263675,1,26.842857142857145,60.800000000000004,79.85714285714286,20.510204081632654
2021-03-12,20.714285714285715,25.9,29.7,24.0,27.3,87.0,8.2,13.4,71,3,2021,7439.094257263675,1,26.54285714285714,85.60000000000001,81.42857142857143,20.612244897959183
2021-03-13,20.714285714285715,25.8,30.0,22.5,11.7,88.0,7.7,13.0,72,3,2021,7439.094257263675,1,26.24285714285714,92.1,82.85714285714286,20.714285714285715
2021-03-14,18.428571428571427,26.4,29.8,23.5,5.3,85.0,9.2,14.6,73,3,2021,7439.094257263675,1,26.314285714285717,50.199999999999996,82.71428571428571,20.387755102040817
2021-03-15,18.428571428571427,26.7,30.1,23.8,5.7,84.0,10.0,17.1,74,3,2021,7439.094257263675,1,26.357142857142858,52.4,83.14285714285714,20.061224489795922
2021-03-16,18.428571428571427,26.4,29.0,23.5,9.9,87.0,7.9,14.0,75,3,2021,7439.094257263675,1,26.37142857142857,61.9,84.14285714285714,19.73469387755102
2021-03-17,18.428571428571427,26.1,29.5,23.5,12.7,88.0,5.6,10.3,76,3,2021,7439.094257263675,1,26.285714285714285,74.39999999999999,85.71428571428571,19.408163265306122
2021-03-18,18.428571428571427,26.4,29.4,24.2,13.1,87.0,6.5,14.6,77,3,2021,7439.094257263675,1,26.24285714285714,85.7,86.57142857142857,19.081632653061224
2021-03-19,18.428571428571427,26.8,30.1,23.8,3.1,85.0,5.1,9.7,78,3,2021,7439.094257263675,1,26.371428571428574,61.5,86.28571428571429,18.755102040816325
2021-03-20,18.428571428571427,26.7,30.0,23.7,10.1,87.0,5.6,10.1,79,3,2021,7439.094257263675,1,26.5,59.9,86.14285714285714,18.428571428571427
2021-03-21,17.142857142857142,27.0,30.8,24.2,5.0,87.0,4.6,7.3,80,3,2021,7439.094257263675,1,26.585714285714285,59.6,86.42857142857143,18.24489795918367
2021-03-22,17.142857142857142,27.0,30.8,25.0,2.7,85.0,8.4,16.5,81,3,2021,7439.094257263675,1,26.62857142857143,56.6,86.57142857142857,18.061224489795915
2021-03-23,17.142857142857142,26.0,28.9,23.9,22.1,90.0,9.5,15.5,82,3,2021,7439.094257263675,1,26.571428571428573,68.8,87.0,17.877551020408163
2021-03-24,17.142857142857142,25.8,28.9,23.8,26.5,90.0,7.2,15.4,83,3,2021,7439.094257263675,1,26.52857142857143,82.6,87.28571428571429,17.69387755102041
2021-03-25,17.142857142857142,24.9,26.1,23.5,21.5,94.0,7.6,15.0,84,3,2021,7439.094257263675,1,26.314285714285713,91.0,88.28571428571429,17.510204081632654
2021-03-26,17.142857142857142,26.7,29.9,24.4,9.7,86.0,8.4,16.7,85,3,2021,7439.094257263675,1,26.3,97.6,88.42857142857143,17.3265306122449
2021-03-27,17.142857142857142,26.2,29.0,24.1,33.3,90.0,6.0,11.0,86,3,2021,7439.094257263675,1,26.228571428571428,120.8,88.85714285714286,17.142857142857142
2021-03-28,16.142857142857142,26.8,30.4,23.9,6.5,85.0,4.0,10.0,87,3,2021,7439.094257263675,1,26.2,122.3,88.57142857142857,17.0
2021-03-29,16.142857142857142,26.0,27.8,23.8,37.5,91.0,6.7,12.3,88,3,2021,7439.094257263675,1,26.057142857142857,157.1,89.42857142857143,16.857142857142858
2021-03-30,16.142857142857142,27.1,30.5,24.2,6.9,88.0,5.8,11.2,89,3,2021,7439.094257263675,1,26.214285714285715,141.9,89.14285714285714,16.714285714285715
2021-03-31,16.142857142857142,27.0,29.8,24.1,3.4,85.0,7.0,13.3,90,3,2021,7439.094257263675,1,26.385714285714283,118.8,88.42857142857143,16.571428571428573
2021-04-01,16.142857142857142,27.6,30.2,25.9,0.4,82.0,8.5,18.0,91,4,2021,7439.094257263675,0,26.771428571428572,97.7,86.71428571428571,16.428571428571427
2021-04-02,16.142857142857142,27.2,30.4,24.8,10.1,88.0,7.4,14.1,92,4,2021,7439.094257263675,0,26.842857142857138,98.1,87.0,16.285714285714285
2021-04-03,16.142857142857142,26.9,30.9,24.5,18.6,89.0,6.1,12.4,93,4,2021,7439.094257263675,0,26.942857142857143,83.4,86.85714285714286,16.142857142857142
2021-04-04,14.571428571428571,26.2,29.8,24.1,14.1,91.0,5.7,9.0,94,4,2021,7439.094257263675,0,26.857142857142858,91.0,87.71428571428571,15.918367346938775
2021-04-05,14.571428571428571,26.5,29.6,24.2,6.3,89.0,7.8,17.0,95,4,2021,7439.094257263675,0,26.928571428571427,59.800000000000004,87.42857142857143,15.693877551020408
2021-04-06,14.571428571428571,26.6,30.2,24.5,8.3,89.0,5.7,9.7,96,4,2021,7439.094257263675,0,26.857142857142858,61.2,87.57142857142857,15.469387755102042
2021-04-07,14.571428571428571,27.0,31.0,24.6,7.8,85.0,5.7,10.4,97,4,2021,7439.094257263675,0,26.857142857142858,65.60000000000001,87.57142857142857,15.244897959183673
2021-04-08,14.571428571428571,26.7,30.6,24.0,6.7,86.0,7.2,11.0,98,4,2021,7439.094257263675,0,26.728571428571428,71.9,88.14285714285714,15.020408163265305
2021-04-09,14.571428571428571,26.3,30.0,24.0,13.3,88.0,8.0,12.6,99,4,2021,7439.094257263675,0,26.599999999999998,75.10000000000001,88.14285714285714,14.795918367346939
2021-04-10,14.571428571428571,26.9,30.5,23.2,1.7,85.0,6.4,11.7,100,4,2021,7439.094257263675,0,26.6,58.199999999999996,87.57142857142857,14.571428571428571
2021-04-11,16.0,27.0,30.0,24.0,3.4,87.0,7.2,11.8,101,4,2021,7439.094257263675,0,26.714285714285715,47.5,87.0,14.775510204081632
2021-04-12,16.0,27.3,30.9,24.7,2.0,83.0,4.7,8.8,102,4,2021,7439.094257263675,0,26.828571428571426,43.199999999999996,86.14285714285714,14.979591836734695
2021-04-13,16.0,26.9,29.8,24.4,9.0,87.0,5.5,9.8,103,4,2021,7439.094257263675,0,26.87142857142857,43.9,85.85714285714286,15.183673469387754
2021-04-14,16.0,26.8,29.4,24.8,10.3,86.0,5.4,12.5,104,4,2021,7439.094257263675,0,26.842857142857145,46.400000000000006,86.0,15.387755102040815
2021-04-15,16.0,26.7,31.0,24.1,13.4,85.0,3.8,7.9,105,4,2021,7439.094257263675,0,26.842857142857145,53.1,85.85714285714286,15.591836734693876
2021-04-16,16.0,26.8,29.1,24.1,6.8,87.0,4.3,7.6,106,4,2021,7439.094257263675,0,26.914285714285715,46.599999999999994,85.71428571428571,15.795918367346939
2021-04-17,16.0,26.0,28.6,24.8,41.2,91.0,6.0,14.4,107,4,2021,7439.094257263675,0,26.785714285714285,86.1,86.57142857142857,16.0
2021-04-18,18.428571428571427,26.5,29.6,23.5,5.6,87.0,5.3,9.1,108,4,2021,7439.094257263675,0,26.714285714285715,88.3,86.57142857142857,16.346938775510203
2021-04-19,18.428571428571427,26.7,28.2,24.0,11.5,87.0,6.2,11.8,109,4,2021,7439.094257263675,0,26.62857142857143,97.8,87.14285714285714,16.69387755102041
2021-04-20,18.428571428571427,27.1,30.2,24.3,5.6,87.0,5.2,10.6,110,4,2021,7439.094257263675,0,26.657142857142855,94.39999999999999,87.14285714285714,17.04081632653061
2021-04-21,18.428571428571427,27.1,29.5,25.0,7.6,87.0,6.0,10.1,111,4,2021,7439.094257263675,0,26.699999999999996,91.7,87.28571428571429,17.387755102040817
2021-04-22,18.428571428571427,26.2,27.5,24.9,23.1,90.0,6.6,13.4,112,4,2021,7439.094257263675,0,26.62857142857143,101.4,88.0,17.73469387755102
2021-04-23,18.428571428571427,27.1,29.4,24.6,4.5,86.0,9.5,16.6,113,4,2021,7439.094257263675,0,26.67142857142857,99.1,87.85714285714286,18.081632653061224
2021-04-24,18.428571428571427,26.0,27.9,25.0,24.7,90.0,5.4,12.4,114,4,2021,7439.094257263675,0,26.67142857142857,82.6,87.71428571428571,18.428571428571427
2021-04-25,12.0,27.6,30.4,24.8,0.6,83.0,6.1,12.3,115,4,2021,7439.094257263675,0,26.828571428571426,77.60000000000001,87.14285714285714,17.51020408163265
2021-04-26,12.0,27.1,30.1,24.8,15.9,89.0,6.1,10.6,116,4,2021,7439.094257263675,0,26.88571428571429,82.0,87.42857142857143,16.591836734693878
2021-04-27,12.0,26.9,29.8,24.6,18.7,89.0,3.3,9.2,117,4,2021,7439.094257263675,0,26.857142857142858,95.1,87.71428571428571,15.673469387755102
2021-04-28,12.0,26.7,30.1,23.6,7.0,88.0,5.6,11.5,118,4,2021,7439.094257263675,0,26.8,94.5,87.85714285714286,14.755102040816325
2021-04-29,12.0,26.9,29.7,24.2,8.4,88.0,6.5,12.6,119,4,2021,7439.094257263675,0,26.900000000000002,79.80000000000001,87.57142857142857,13.836734693877549
2021-04-30,12.0,26.6,29.1,24.5,19.2,89.0,4.9,8.9,120,4,2021,7439.094257263675,0,26.82857142857143,94.5,88.0,12.918367346938775
2021-05-01,12.0,26.5,30.2,23.7,15.9,89.0,6.6,14.5,121,5,2021,7439.094257263675,0,26.900000000000002,85.7,87.85714285714286,12.0
2021-05-02,16.714285714285715,27.5,31.0,24.3,1.1,84.0,7.7,13.8,122,5,2021,7439.094257263675,0,26.88571428571429,86.2,88.0,12.673469387755103
2021-05-03,16.714285714285715,27.2,29.4,25.2,8.1,88.0,6.8,15.0,123,5,2021,7439.094257263675,0,26.9,78.4,87.85714285714286,13.346938775510205
2021-05-04,16.714285714285715,26.8,30.2,24.6,10.4,90.0,5.0,12.3,124,5,2021,7439.094257263675,0,26.88571428571429,70.1,88.0,14.020408163265307
2021-05-05,16.714285714285715,26.3,29.4,24.4,20.3,90.0,5.1,10.2,125,5,2021,7439.094257263675,0,26.828571428571426,83.4,88.28571428571429,14.693877551020408
2021-05-06,16.714285714285715,26.0,27.6,24.6,21.9,92.0,5.0,11.0,126,5,2021,7439.094257263675,0,26.699999999999996,96.89999999999999,88.85714285714286,15.367346938775512
2021-05-07,16.714285714285715,26.5,29.9,24.0,14.0,87.0,6.7,13.8,127,5,2021,7439.094257263675,0,26.685714285714283,91.69999999999999,88.57142857142857,16.040816326530614
2021-05-08,16.714285714285715,26.5,28.0,24.4,14.4,91.0,3.7,7.1,128,5,2021,7439.094257263675,0,26.685714285714283,90.2,88.85714285714286,16.714285714285715
2021-05-09,13.142857142857142,26.7,30.3,24.3,6.9,89.0,4.8,10.0,129,5,2021,7439.094257263675,0,26.571428571428573,96.0,89.57142857142857,16.20408163265306
2021-05-10,13.142857142857142,27.7,30.9,24.5,1.3,86.0,5.7,9.1,130,5,2021,7439.094257263675,0,26.642857142857142,89.2,89.28571428571429,15.693877551020408
2021-05-11,13.142857142857142,27.5,30.0,25.6,12.9,89.0,7.2,13.5,131,5,2021,7439.094257263675,0,26.74285714285714,91.7,89.14285714285714,15.183673469387754
2021-05-12,13.142857142857142,26.2,27.8,24.5,24.9,92.0,5.8,11.6,132,5,2021,7439.094257263675,0,26.72857142857143,96.3,89.42857142857143,14.673469387755103
2021-05-13,13.142857142857142,27.2,30.1,24.5,19.0,89.0,6.0,11.5,133,5,2021,7439.094257263675,0,26.900000000000002,93.4,89.0,14.16326530612245
2021-05-14,13.142857142857142,27.1,28.5,25.8,12.3,90.0,5.1,8.7,134,5,2021,7439.094257263675,0,26.985714285714288,91.7,89.42857142857143,13.653061224489795
2021-05-15,13.142857142857142,26.9,29.0,25.3,18.8,91.0,5.8,10.7,135,5,2021,7439.094257263675,0,27.042857142857144,96.1,89.42857142857143,13.142857142857142
2021-05-16,17.0,27.2,29.2,25.0,11.1,89.0,5.3,9.8,136,5,2021,7439.094257263675,0,27.11428571428571,100.3,89.42857142857143,13.693877551020408
2021-05-17,17.0,26.1,27.5,24.6,29.3,94.0,4.2,8.2,137,5,2021,7439.094257263675,0,26.885714285714283,128.3,90.57142857142857,14.244897959183675
2021-05-18,17.0,25.9,27.1,24.5,34.3,93.0,7.4,14.2,138,5,2021,7439.094257263675,0,26.657142857142855,149.7,91.14285714285714,14.79591836734694
2021-05-19,17.0,26.3,28.9,24.6,13.4,91.0,4.6,8.4,139,5,2021,7439.094257263675,0,26.67142857142857,138.2,91.0,15.346938775510202
2021-05-20,17.0,26.8,29.9,24.0,4.7,88.0,5.8,10.2,140,5,2021,7439.094257263675,0,26.614285714285717,123.89999999999999,90.85714285714286,15.897959183673468
2021-05-21,17.0,27.0,29.4,24.5,27.1,90.0,5.9,10.5,141,5,2021,7439.094257263675,0,26.599999999999998,138.7,90.85714285714286,16.448979591836736
2021-05-22,17.0,26.7,28.0,25.4,3.4,89.0,9.1,14.2,142,5,2021,7439.094257263675,0,26.571428571428573,123.3,90.57142857142857,17.0
2021-05-23,18.571428571428573,27.9,30.4,25.4,0.0,81.0,9.6,13.7,143,5,2021,7439.094257263675,0,26.671428571428574,112.2,89.42857142857143,17.22448979591837
2021-05-24,18.571428571428573,28.1,30.9,25.2,2.8,84.0,8.5,13.0,144,5,2021,7439.094257263675,0,26.95714285714286,85.7,88.0,17.448979591836736
2021-05-25,18.571428571428573,28.2,30.9,25.8,1.9,85.0,9.0,16.4,145,5,2021,7439.094257263675,0,27.285714285714285,53.300000000000004,86.85714285714286,17.6734693877551
2021-05-26,18.571428571428573,28.0,30.4,25.5,7.0,86.0,7.0,13.1,146,5,2021,7439.094257263675,0,27.52857142857143,46.900000000000006,86.14285714285714,17.89795918367347
2021-05-27,18.571428571428573,27.3,30.0,25.7,14.6,88.0,5.9,9.0,147,5,2021,7439.094257263675,0,27.599999999999998,56.8,86.14285714285714,18.12244897959184
2021-05-28,18.571428571428573,27.4,30.2,25.2,12.0,88.0,4.8,8.3,148,5,2021,7439.094257263675,0,27.657142857142855,41.7,85.85714285714286,18.346938775510207
2021-05-29,18.571428571428573,26.8,28.4,25.0,5.2,88.0,6.9,10.5,149,5,2021,7439.094257263675,0,27.67142857142857,43.5,85.71428571428571,18.571428571428573
2021-05-30,16.857142857142858,27.9,30.9,26.0,3.1,85.0,6.5,13.1,150,5,2021,7439.094257263675,0,27.67142857142857,46.6,86.28571428571429,18.3265306122449
2021-05-31,16.857142857142858,27.5,30.0,25.1,5.9,88.0,7.4,11.7,151,5,2021,7439.094257263675,0,27.585714285714285,49.699999999999996,86.85714285714286,18.081632653061227
2021-06-01,16.857142857142858,27.5,29.0,26.0,11.9,89.0,7.9,12.5,152,6,2021,7439.094257263675,0,27.485714285714288,59.7,87.42857142857143,17.836734693877553
2021-06-02,16.857142857142858,27.6,29.0,26.3,19.9,88.0,8.5,12.1,153,6,2021,7439.094257263675,0,27.428571428571427,72.6,87.71428571428571,17.591836734693878
2021-06-03,16.857142857142858,27.7,29.6,25.5,10.3,88.0,8.1,12.4,154,6,2021,7439.094257263675,0,27.485714285714288,68.30000000000001,87.71428571428571,17.346938775510203
2021-06-04,16.857142857142858,27.6,29.2,25.8,6.1,90.0,6.9,12.8,155,6,2021,7439.094257263675,0,27.514285714285712,62.400000000000006,88.0,17.102040816326532
2021-06-05,16.857142857142858,27.7,29.0,26.2,2.9,87.0,8.9,13.2,156,6,2021,7439.094257263675,0,27.642857142857142,60.1,87.85714285714286,16.857142857142858
2021-06-06,19.571428571428573,27.7,29.8,25.0,0.8,85.0,8.5,15.1,157,6,2021,7439.094257263675,0,27.614285714285717,57.8,87.85714285714286,17.244897959183675
2021-06-07,19.571428571428573,27.6,29.6,25.9,3.3,85.0,8.8,15.0,158,6,2021,7439.094257263675,0,27.62857142857143,55.2,87.42857142857143,17.63265306122449
2021-06-08,19.571428571428573,27.6,29.9,25.1,1.3,85.0,8.8,14.0,159,6,2021,7439.094257263675,0,27.642857142857142,44.599999999999994,86.85714285714286,18.02040816326531
2021-06-09,19.571428571428573,27.5,29.0,25.8,9.4,86.0,7.6,16.0,160,6,2021,7439.094257263675,0,27.62857142857143,34.1,86.57142857142857,18.408163265306122
2021-06-10,19.571428571428573,27.4,29.4,25.5,7.7,87.0,5.6,11.5,161,6,2021,7439.094257263675,0,27.585714285714285,31.5,86.42857142857143,18.79591836734694
2021-06-11,19.571428571428573,27.1,29.5,24.8,3.7,86.0,7.9,15.0,162,6,2021,7439.094257263675,0,27.514285714285712,29.1,85.85714285714286,19.183673469387752
2021-06-12,19.571428571428573,27.5,29.8,26.0,7.6,86.0,7.4,14.2,163,6,2021,7439.094257263675,0,27.485714285714288,33.8,85.71428571428571,19.571428571428573
2021-06-13,19.285714285714285,27.2,29.1,24.8,8.2,86.0,9.7,14.9,164,6,2021,7439.094257263675,0,27.41428571428571,41.2,85.85714285714286,19.53061224489796
2021-06-14,19.285714285714285,27.1,29.2,25.0,24.5,88.0,5.6,10.8,165,6,2021,7439.094257263675,0,27.342857142857145,62.4,86.28571428571429,19.48979591836735
2021-06-15,19.285714285714285,26.3,28.6,24.5,24.4,90.0,4.7,9.0,166,6,2021,7439.094257263675,0,27.157142857142855,85.5,87.0,19.448979591836736
2021-06-16,19.285714285714285,26.3,28.9,23.2,10.6,90.0,5.7,11.8,167,6,2021,7439.094257263675,0,26.985714285714288,86.69999999999999,87.57142857142857,19.408163265306122
2021-06-17,19.285714285714285,27.8,30.3,25.5,10.2,84.0,5.5,11.4,168,6,2021,7439.094257263675,0,27.042857142857144,89.19999999999999,87.14285714285714,19.36734693877551
2021-06-18,19.285714285714285,25.8,26.8,24.8,19.6,90.0,5.6,10.3,169,6,2021,7439.094257263675,0,26.857142857142858,105.1,87.71428571428571,19.3265306122449
2021-06-19,19.285714285714285,26.7,29.1,24.2,1.2,85.0,4.8,9.3,170,6,2021,7439.094257263675,0,26.742857142857144,98.69999999999999,87.57142857142857,19.285714285714285
2021-06-20,18.142857142857142,26.9,30.0,24.4,6.1,85.0,6.2,12.8,171,6,2021,7439.094257263675,0,26.699999999999996,96.60000000000001,87.42857142857143,19.122448979591834
2021-06-21,18.142857142857142,27.1,29.8,24.5,1.7,86.0,7.5,12.0,172,6,2021,7439.094257263675,0,26.7,73.79999999999998,87.14285714285714,18.95918367346939
2021-06-22,18.142857142857142,27.3,29.8,25.3,5.2,85.0,7.0,11.1,173,6,2021,7439.094257263675,0,26.842857142857145,54.6,86.42857142857143,18.795918367346935
2021-06-23,18.142857142857142,27.1,29.9,24.2,3.3,84.0,7.2,11.6,174,6,2021,7439.094257263675,0,26.957142857142856,47.3,85.57142857142857,18.632653061224488
2021-06-24,18.142857142857142,27.1,29.5,24.8,6.5,86.0,4.8,8.3,175,6,2021,7439.094257263675,0,26.857142857142858,43.6,85.85714285714286,18.46938775510204
2021-06-25,18.142857142857142,26.0,28.5,24.0,18.2,91.0,5.3,11.1,176,6,2021,7439.094257263675,0,26.88571428571429,42.2,86.0,18.30612244897959
2021-06-26,18.142857142857142,26.2,28.6,24.0,18.8,88.0,6.8,10.8,177,6,2021,7439.094257263675,0,26.814285714285713,59.8,86.42857142857143,18.142857142857142
2021-06-27,16.0,26.4,28.6,24.5,47.9,88.0,5.3,8.4,178,6,2021,7439.094257263675,0,26.742857142857144,101.6,86.85714285714286,17.836734693877553
2021-06-28,16.0,27.1,29.4,25.0,3.4,89.0,4.7,9.0,179,6,2021,7439.094257263675,0,26.74285714285714,103.3,87.28571428571429,17.53061224489796
2021-06-29,16.0,25.4,26.4,24.5,66.9,92.0,5.2,9.7,180,6,2021,7439.094257263675,0,26.47142857142857,165.0,88.28571428571429,17.22448979591837
2021-06-30,16.0,26.5,28.5,24.5,20.4,85.0,7.8,12.3,181,6,2021,7439.094257263675,0,26.385714285714283,182.1,88.42857142857143,16.918367346938773
2021-07-01,16.0,26.3,27.9,24.6,8.7,88.0,9.6,16.2,182,7,2021,7439.094257263675,0,26.27142857142857,184.3,88.71428571428571,16.612244897959183
2021-07-02,16.0,26.6,28.9,24.6,8.2,88.0,5.6,12.5,183,7,2021,7439.094257263675,0,26.357142857142858,174.3,88.28571428571429,16.30612244897959
2021-07-03,16.0,26.5,29.3,24.4,6.4,89.0,5.4,9.8,184,7,2021,7439.094257263675,0,26.400000000000002,161.89999999999998,88.42857142857143,16.0
2021-07-04,14.857142857142858,26.2,28.6,24.2,6.1,88.0,7.3,11.7,185,7,2021,7439.094257263675,0,26.37142857142857,120.10000000000001,88.42857142857143,15.83673469387755
2021-07-05,14.857142857142858,26.7,28.6,25.2,5.4,87.0,9.9,15.2,186,7,2021,7439.094257263675,0,26.314285714285713,122.10000000000001,88.14285714285714,15.673469387755103
2021-07-06,14.857142857142858,27.0,29.1,25.6,7.2,85.0,7.7,12.6,187,7,2021,7439.094257263675,0,26.542857142857144,62.4,87.14285714285714,15.510204081632654
2021-07-07,14.857142857142858,26.8,29.0,24.8,2.7,87.0,6.7,10.9,188,7,2021,7439.094257263675,0,26.585714285714285,44.7,87.42857142857143,15.346938775510207
2021-07-08,14.857142857142858,27.1,29.8,24.6,6.3,87.0,6.6,9.6,189,7,2021,7439.094257263675,0,26.7,42.3,87.28571428571429,15.183673469387756
2021-07-09,14.857142857142858,26.8,29.3,24.9,13.6,88.0,7.2,12.7,190,7,2021,7439.094257263675,0,26.728571428571428,47.7,87.28571428571429,15.020408163265305
2021-07-10,14.857142857142858,25.2,27.5,24.0,98.6,93.0,5.0,9.7,191,7,2021,7439.094257263675,0,26.54285714285714,139.9,87.85714285714286,14.857142857142858
2021-07-11,10.714285714285714,25.5,27.0,24.3,19.8,92.0,6.6,10.7,192,7,2021,7439.094257263675,0,26.442857142857143,153.60000000000002,88.42857142857143,14.26530612244898
2021-07-12,10.714285714285714,25.6,29.1,23.5,34.3,91.0,4.5,7.6,193,7,2021,7439.094257263675,0,26.285714285714285,182.5,89.0,13.673469387755103
2021-07-13,10.714285714285714,24.9,25.3,24.5,44.2,89.0,11.6,17.8,194,7,2021,7439.094257263675,0,25.985714285714284,219.5,89.57142857142857,13.081632653061224
2021-07-14,10.714285714285714,25.2,26.9,23.2,3.3,85.0,7.2,15.3,195,7,2021,7439.094257263675,0,25.75714285714286,220.1,89.28571428571429,12.489795918367347
2021-07-15,10.714285714285714,26.5,29.8,23.1,0.0,87.0,7.7,14.8,196,7,2021,7439.094257263675,0,25.671428571428574,213.8,89.28571428571429,11.89795918367347
2021-07-16,10.714285714285714,27.4,30.0,24.8,1.2,84.0,9.2,14.4,197,7,2021,7439.094257263675,0,25.75714285714286,201.39999999999998,88.71428571428571,11.306122448979592
2021-07-17,10.714285714285714,27.5,30.0,24.8,0.3,83.0,9.1,14.6,198,7,2021,7439.094257263675,0,26.08571428571429,103.10000000000001,87.28571428571429,10.714285714285714
2021-07-18,11.428571428571429,27.3,29.0,25.4,0.9,85.0,8.2,12.6,199,7,2021,7439.094257263675,0,26.342857142857145,84.20000000000002,86.28571428571429,10.816326530612244
2021-07-19,11.428571428571429,26.9,28.8,25.3,9.2,90.0,6.1,9.0,200,7,2021,7439.094257263675,0,26.52857142857143,59.100000000000016,86.14285714285714,10.918367346938776
2021-07-20,11.428571428571429,27.4,29.7,25.0,2.0,87.0,7.9,12.7,201,7,2021,7439.094257263675,0,26.88571428571429,16.900000000000013,85.85714285714286,11.020408163265305
2021-07-21,11.428571428571429,28.1,30.3,26.5,0.9,83.0,14.0,19.5,202,7,2021,7439.094257263675,0,27.3,14.500000000000012,85.57142857142857,11.122448979591837
2021-07-22,11.428571428571429,28.1,30.2,26.5,2.6,83.0,11.2,17.4,203,7,2021,7439.094257263675,0,27.52857142857143,17.100000000000016,85.0,11.224489795918368
2021-07-23,11.428571428571429,27.3,29.6,25.1,11.5,88.0,8.4,14.5,204,7,2021,7439.094257263675,0,27.514285714285716,27.400000000000013,85.57142857142857,11.326530612244898
2021-07-24,11.428571428571429,27.4,29.8,25.1,2.4,84.0,12.3,19.5,205,7,2021,7439.094257263675,0,27.5,29.50000000000001,85.71428571428571,11.428571428571429
2021-07-25,11.714285714285714,28.2,30.5,26.5,0.7,81.0,11.5,17.5,206,7,2021,7439.094257263675,0,27.62857142857143,29.300000000000015,85.14285714285714,11.469387755102042
2021-07-26,11.714285714285714,27.9,29.6,26.4,3.1,83.0,11.4,17.6,207,7,2021,7439.094257263675,0,27.771428571428572,23.200000000000014,84.14285714285714,11.510204081632653
2021-07-27,11.714285714285714,27.9,29.6,26.0,4.3,82.0,10.5,15.6,208,7,2021,7439.094257263675,0,27.842857142857138,25.500000000000014,83.42857142857143,11.551020408163266
2021-07-28,11.714285714285714,28.2,30.5,26.5,0.4,79.0,12.1,19.2,209,7,2021,7439.094257263675,0,27.857142857142858,25.000000000000014,82.85714285714286,11.591836734693876
2021-07-29,11.714285714285714,28.4,30.5,27.0,0.1,77.0,13.3,18.8,210,7,2021,7439.094257263675,0,27.900000000000002,22.500000000000014,82.0,11.632653061224488
2021-07-30,11.714285714285714,28.2,30.1,26.4,3.0,82.0,9.7,15.3,211,7,2021,7439.094257263675,0,28.02857142857143,14.000000000000014,81.14285714285714,11.673469387755102
2021-07-31,11.714285714285714,27.2,28.8,24.9,9.6,86.0,7.7,17.3,212,7,2021,7439.094257263675,0,28.0,21.200000000000014,81.42857142857143,11.714285714285714
2021-08-01,10.0,27.0,28.4,25.5,8.8,85.0,7.9,12.4,213,8,2021,7439.094257263675,0,27.828571428571426,29.300000000000015,82.0,11.469387755102039
2021-08-02,10.0,27.4,28.8,26.0,12.8,86.0,8.2,13.6,214,8,2021,7439.094257263675,0,27.757142857142856,39.000000000000014,82.42857142857143,11.224489795918368
2021-08-03,10.0,27.4,29.9,25.6,4.6,85.0,8.7,16.7,215,8,2021,7439.094257263675,0,27.685714285714287,39.30000000000002,82.85714285714286,10.979591836734693
2021-08-04,10.0,26.4,28.1,24.6,16.7,88.0,9.2,15.6,216,8,2021,7439.094257263675,0,27.428571428571427,55.600000000000016,84.14285714285714,10.73469387755102
2021-08-05,10.0,27.7,29.5,26.3,1.8,84.0,12.0,19.0,217,8,2021,7439.094257263675,0,27.32857142857143,57.30000000000001,85.14285714285714,10.489795918367347
2021-08-06,10.0,27.6,29.5,25.8,4.0,86.0,10.8,17.4,218,8,2021,7439.094257263675,0,27.24285714285714,58.30000000000001,85.71428571428571,10.244897959183675
2021-08-07,10.0,27.2,30.2,24.8,3.0,88.0,8.2,14.1,219,8,2021,7439.094257263675,0,27.24285714285714,51.70000000000001,86.0,10.0
2021-08-08,11.571428571428571,26.6,29.5,24.0,21.2,90.0,6.6,11.7,220,8,2021,7439.094257263675,0,27.185714285714287,64.10000000000001,86.71428571428571,10.224489795918368
2021-08-09,11.571428571428571,26.9,30.0,23.8,0.5,86.0,6.5,11.6,221,8,2021,7439.094257263675,0,27.114285714285717,51.80000000000001,86.71428571428571,10.448979591836734
2021-08-10,11.571428571428571,27.1,29.0,25.1,13.2,87.0,8.8,16.2,222,8,2021,7439.094257263675,0,27.071428571428573,60.400000000000006,87.0,10.673469387755103
2021-08-11,11.571428571428571,26.8,28.4,25.1,11.7,89.0,8.8,15.0,223,8,2021,7439.094257263675,0,27.12857142857143,55.40000000000001,87.14285714285714,10.89795918367347
2021-08-12,11.571428571428571,27.3,29.4,25.8,5.5,86.0,9.3,18.1,224,8,2021,7439.094257263675,0,27.071428571428573,59.100000000000016,87.42857142857143,11.122448979591837
2021-08-13,11.571428571428571,26.7,28.9,25.4,10.4,87.0,8.8,16.4,225,8,2021,7439.094257263675,0,26.942857142857143,65.50000000000001,87.57142857142857,11.346938775510205
2021-08-14,11.571428571428571,26.5,29.2,24.9,18.8,88.0,7.3,11.4,226,8,2021,7439.094257263675,0,26.842857142857138,81.30000000000001,87.57142857142857,11.571428571428571
2021-08-15,8.0,26.4,28.5,24.6,16.6,89.0,5.3,9.1,227,8,2021,7439.094257263675,0,26.814285714285713,76.70000000000002,87.42857142857143,11.061224489795919
2021-08-16,8.0,26.6,29.1,24.7,6.5,88.0,5.8,10.7,228,8,2021,7439.094257263675,0,26.771428571428572,82.70000000000002,87.71428571428571,10.551020408163266
2021-08-17,8.0,25.4,26.7,23.7,50.4,91.0,5.1,10.5,229,8,2021,7439.094257263675,0,26.52857142857143,119.9,88.28571428571429,10.040816326530612
2021-08-18,8.0,25.1,26.3,24.1,16.9,92.0,7.3,12.7,230,8,2021,7439.094257263675,0,26.285714285714285,125.10000000000002,88.71428571428571,9.530612244897961
2021-08-19,8.0,25.3,27.5,23.9,9.5,87.0,10.6,19.5,231,8,2021,7439.094257263675,0,26.0,129.10000000000002,88.85714285714286,9.020408163265307
2021-08-20,8.0,24.8,25.6,24.2,23.3,91.0,5.8,12.0,232,8,2021,7439.094257263675,0,25.72857142857143,142.00000000000003,89.42857142857143,8.510204081632653
2021-08-21,8.0,26.0,27.7,24.1,3.7,87.0,7.8,11.4,233,8,2021,7439.094257263675,0,25.657142857142862,126.9,89.28571428571429,8.0
2021-08-22,7.571428571428571,25.7,27.1,24.4,11.7,90.0,5.5,11.3,234,8,2021,7439.094257263675,0,25.557142857142857,122.00000000000001,89.42857142857143,7.938775510204081
2021-08-23,7.571428571428571,25.8,28.5,23.4,10.7,91.0,6.4,9.9,235,8,2021,7439.094257263675,0,25.442857142857147,126.20000000000002,89.85714285714286,7.877551020408163
2021-08-24,7.571428571428571,25.8,27.9,24.4,7.2,89.0,8.0,13.8,236,8,2021,7439.094257263675,0,25.5,83.0,89.57142857142857,7.816326530612245
2021-08-25,7.571428571428571,26.0,27.9,24.5,1.5,87.0,10.0,15.2,237,8,2021,7439.094257263675,0,25.62857142857143,67.60000000000001,88.85714285714286,7.755102040816326
2021-08-26,7.571428571428571,26.0,28.8,24.0,8.3,89.0,7.5,14.3,238,8,2021,7439.094257263675,0,25.728571428571428,66.4,89.14285714285714,7.693877551020408
2021-08-27,7.571428571428571,26.3,28.0,23.8,6.3,87.0,9.6,14.9,239,8,2021,7439.094257263675,0,25.942857142857143,49.40000000000001,88.57142857142857,7.63265306122449
2021-08-28,7.571428571428571,27.1,29.2,25.3,1.4,84.0,8.8,11.9,240,8,2021,7439.094257263675,0,26.099999999999998,47.100000000000016,88.14285714285714,7.571428571428571
2021-08-29,6.571428571428571,26.2,28.7,24.1,9.4,89.0,8.0,13.6,241,8,2021,7439.094257263675,0,26.17142857142857,44.80000000000002,88.0,7.428571428571429
2021-08-30,6.571428571428571,26.0,27.7,24.4,10.7,89.0,8.8,14.1,242,8,2021,7439.094257263675,0,26.199999999999996,44.80000000000001,87.71428571428571,7.285714285714286
2021-08-31,6.571428571428571,26.3,28.4,24.5,4.1,88.0,6.7,9.6,243,8,2021,7439.094257263675,0,26.271428571428572,41.70000000000001,87.57142857142857,7.142857142857143
2021-09-01,6.571428571428571,26.2,28.1,24.6,2.4,87.0,10.4,15.5,244,9,2021,7439.094257263675,0,26.300000000000004,42.60000000000001,87.57142857142857,7.0
2021-09-02,6.571428571428571,25.0,25.8,24.0,13.0,91.0,7.8,12.5,245,9,2021,7439.094257263675,0,26.157142857142862,47.30000000000001,87.85714285714286,6.857142857142857
2021-09-03,6.571428571428571,26.3,29.0,24.0,6.6,86.0,5.9,10.1,246,9,2021,7439.094257263675,0,26.157142857142855,47.600000000000016,87.71428571428571,6.714285714285714
2021-09-04,6.571428571428571,26.5,28.9,24.0,5.8,87.0,6.4,12.5,247,9,2021,7439.094257263675,0,26.071428571428573,52.00000000000001,88.14285714285714,6.571428571428571
2021-09-05,8.714285714285714,27.0,29.9,24.5,3.4,85.0,6.6,10.2,248,9,2021,7439.094257263675,0,26.185714285714287,46.000000000000014,87.57142857142857,6.877551020408163
2021-09-06,8.714285714285714,27.1,29.6,24.9,9.6,87.0,5.8,10.0,249,9,2021,7439.094257263675,0,26.342857142857145,44.90000000000001,87.28571428571429,7.183673469387755
2021-09-07,8.714285714285714,26.6,28.7,24.9,8.9,87.0,7.9,14.3,250,9,2021,7439.094257263675,0,26.38571428571429,49.70000000000002,87.14285714285714,7.489795918367347
2021-09-08,8.714285714285714,26.7,27.8,25.5,0.0,80.0,13.7,22.9,251,9,2021,7439.094257263675,0,26.457142857142856,47.30000000000001,86.14285714285714,7.795918367346938
2021-09-09,8.714285714285714,27.4,29.1,25.9,0.6,83.0,9.9,16.2,252,9,2021,7439.094257263675,0,26.8,34.90000000000001,85.0,8.10204081632653
2021-09-10,8.714285714285714,26.6,29.0,25.0,3.7,86.0,7.4,12.7,253,9,2021,7439.094257263675,0,26.842857142857145,32.000000000000014,85.0,8.408163265306122
2021-09-11,8.714285714285714,27.5,30.1,24.8,0.2,83.0,9.4,16.3,254,9,2021,7439.094257263675,0,26.985714285714288,26.400000000000013,84.42857142857143,8.714285714285714
2021-09-12,10.571428571428571,27.2,29.5,24.8,8.2,87.0,6.7,12.1,255,9,2021,7439.094257263675,0,27.014285714285712,31.200000000000014,84.71428571428571,8.979591836734693
2021-09-13,10.571428571428571,25.9,27.1,24.9,12.7,92.0,8.2,14.5,256,9,2021,7439.094257263675,0,26.842857142857145,34.30000000000001,85.42857142857143,9.244897959183673
2021-09-14,10.571428571428571,26.9,29.1,24.7,0.0,85.0,6.8,11.2,257,9,2021,7439.094257263675,0,26.885714285714283,25.400000000000013,85.14285714285714,9.510204081632653
2021-09-15,10.571428571428571,27.3,30.2,24.7,1.4,83.0,8.8,13.4,258,9,2021,7439.094257263675,0,26.97142857142857,26.80000000000001,85.57142857142857,9.775510204081632
2021-09-16,10.571428571428571,27.3,30.2,24.9,1.6,84.0,8.8,14.8,259,9,2021,7439.094257263675,0,26.957142857142856,27.80000000000001,85.71428571428571,10.040816326530612
2021-09-17,10.571428571428571,27.6,30.8,24.3,0.5,83.0,8.8,13.9,260,9,2021,7439.094257263675,0,27.099999999999998,24.600000000000012,85.28571428571429,10.306122448979592
2021-09-18,10.571428571428571,27.0,29.5,24.5,6.0,88.0,6.6,11.4,261,9,2021,7439.094257263675,0,27.02857142857143,30.400000000000013,86.0,10.571428571428571
2021-09-19,15.714285714285714,26.0,27.0,24.5,24.1,90.0,8.6,18.2,262,9,2021,7439.094257263675,0,26.857142857142858,46.30000000000001,86.42857142857143,11.306122448979592
2021-09-20,15.714285714285714,27.3,29.5,25.3,0.7,84.0,8.9,13.8,263,9,2021,7439.094257263675,0,27.057142857142857,34.30000000000001,85.28571428571429,12.040816326530612
2021-09-21,15.714285714285714,26.9,28.8,25.0,2.9,87.0,8.0,11.2,264,9,2021,7439.094257263675,0,27.057142857142857,37.20000000000001,85.57142857142857,12.775510204081632
2021-09-22,15.714285714285714,27.5,29.9,25.3,4.9,83.0,9.3,16.2,265,9,2021,7439.094257263675,0,27.08571428571429,40.70000000000002,85.57142857142857,13.510204081632653
2021-09-23,15.714285714285714,27.3,29.5,25.1,2.4,85.0,8.7,15.7,266,9,2021,7439.094257263675,0,27.085714285714285,41.50000000000002,85.71428571428571,14.244897959183675
2021-09-24,15.714285714285714,27.4,30.0,25.5,9.5,85.0,6.5,9.9,267,9,2021,7439.094257263675,0,27.057142857142857,50.500000000000014,86.0,14.979591836734693
2021-09-25,15.714285714285714,27.2,30.0,24.5,11.1,87.0,4.6,11.4,268,9,2021,7439.094257263675,0,27.08571428571429,55.60000000000001,85.85714285714286,15.714285714285714
2021-09-26,15.0,27.3,30.6,23.9,12.7,86.0,7.3,15.9,269,9,2021,7439.094257263675,0,27.271428571428572,44.20000000000002,85.28571428571429,15.612244897959183
2021-09-27,15.0,26.2,29.8,24.2,22.9,89.0,5.0,10.2,270,9,2021,7439.094257263675,0,27.114285714285717,66.4,86.0,15.51020408163265
2021-09-28,15.0,26.6,30.4,24.5,21.2,88.0,4.0,7.4,271,9,2021,7439.094257263675,0,27.071428571428573,84.70000000000002,86.14285714285714,15.40816326530612
2021-09-29,15.0,26.3,29.1,23.9,50.8,90.0,5.8,13.4,272,9,2021,7439.094257263675,0,26.9,130.6,87.14285714285714,15.306122448979592
2021-09-30,15.0,25.8,27.1,24.5,26.2,89.0,10.3,17.2,273,9,2021,7439.094257263675,0,26.685714285714287,154.4,87.71428571428571,15.20408163265306
2021-10-01,15.0,26.3,28.0,25.1,16.3,88.0,11.3,19.2,274,10,2021,7439.094257263675,0,26.528571428571432,161.2,88.14285714285714,15.10204081632653
2021-10-02,15.0,25.8,28.6,23.4,1.8,89.0,5.5,9.2,275,10,2021,7439.094257263675,0,26.328571428571426,151.9,88.42857142857143,15.0
2021-10-03,14.857142857142858,26.6,30.6,23.5,1.4,85.0,5.1,10.2,276,10,2021,7439.094257263675,0,26.22857142857143,140.60000000000002,88.28571428571429,14.979591836734695
2021-10-04,14.857142857142858,27.0,29.7,24.3,4.6,88.0,5.0,12.2,277,10,2021,7439.094257263675,0,26.34285714285715,122.30000000000001,88.14285714285714,14.959183673469388
2021-10-05,14.857142857142858,26.9,29.2,25.2,4.5,89.0,9.1,14.0,278,10,2021,7439.094257263675,0,26.385714285714283,105.60000000000002,88.28571428571429,14.938775510204083
2021-10-06,14.857142857142858,27.5,30.4,24.8,0.9,83.0,10.6,18.1,279,10,2021,7439.094257263675,0,26.557142857142857,55.70000000000002,87.28571428571429,14.918367346938776
2021-10-07,14.857142857142858,27.4,30.0,25.5,5.9,84.0,12.3,19.2,280,10,2021,7439.094257263675,0,26.785714285714285,35.40000000000001,86.57142857142857,14.89795918367347
2021-10-08,14.857142857142858,27.9,30.4,25.8,1.9,83.0,10.2,15.9,281,10,2021,7439.094257263675,0,27.014285714285712,21.000000000000014,85.85714285714286,14.877551020408164
2021-10-09,14.857142857142858,28.2,30.6,25.8,0.6,83.0,9.9,15.1,282,10,2021,7439.094257263675,0,27.357142857142858,19.800000000000015,85.0,14.857142857142858
2021-10-10,12.142857142857142,27.4,29.4,25.4,14.7,88.0,8.5,14.4,283,10,2021,7439.094257263675,0,27.471428571428568,33.100000000000016,85.42857142857143,14.469387755102042
2021-10-11,12.142857142857142,28.0,30.1,25.9,1.3,83.0,11.4,18.5,284,10,2021,7439.094257263675,0,27.614285714285717,29.80000000000001,84.71428571428571,14.081632653061224
2021-10-12,12.142857142857142,27.6,29.6,25.9,5.7,88.0,8.8,15.4,285,10,2021,7439.094257263675,0,27.714285714285715,31.000000000000014,84.57142857142857,13.693877551020407
2021-10-13,12.142857142857142,27.7,30.5,25.1,3.4,85.0,8.5,12.7,286,10,2021,7439.094257263675,0,27.74285714285714,33.500000000000014,84.85714285714286,13.306122448979593
2021-10-14,12.142857142857142,28.1,29.6,26.5,5.9,85.0,12.0,17.0,287,10,2021,7439.094257263675,0,27.842857142857145,33.500000000000014,85.0,12.918367346938776
2021-10-15,12.142857142857142,27.8,30.1,24.1,7.8,84.0,9.2,12.0,288,10,2021,7439.094257263675,0,27.828571428571426,39.40000000000001,85.14285714285714,12.530612244897958
2021-10-16,12.142857142857142,28.2,30.3,26.2,2.2,83.0,7.3,12.6,289,10,2021,7439.094257263675,0,27.82857142857143,41.000000000000014,85.14285714285714,12.142857142857142
2021-10-17,10.857142857142858,26.6,29.8,25.0,11.3,88.0,6.3,15.0,290,10,2021,7439.094257263675,0,27.714285714285715,37.600000000000016,85.14285714285714,11.959183673469386
2021-10-18,10.857142857142858,25.7,28.3,24.0,23.9,91.0,6.0,11.4,291,10,2021,7439.094257263675,0,27.385714285714283,60.20000000000001,86.28571428571429,11.775510204081632
2021-10-19,10.857142857142858,26.8,30.0,24.2,1.0,87.0,5.2,11.5,292,10,2021,7439.094257263675,0,27.271428571428572,55.500000000000014,86.14285714285714,11.59183673469388
2021-10-20,10.857142857142858,26.0,28.5,24.2,28.5,89.0,7.2,13.7,293,10,2021,7439.094257263675,0,27.02857142857143,80.60000000000002,86.71428571428571,11.40816326530612
2021-10-21,10.857142857142858,25.9,29.3,24.1,11.3,90.0,7.7,13.7,294,10,2021,7439.094257263675,0,26.714285714285715,86.00000000000001,87.42857142857143,11.224489795918368
2021-10-22,10.857142857142858,25.7,28.9,23.9,18.6,90.0,5.6,10.0,295,10,2021,7439.094257263675,0,26.414285714285715,96.80000000000001,88.28571428571429,11.040816326530614
2021-10-23,10.857142857142858,25.8,29.0,23.6,6.1,90.0,6.1,12.0,296,10,2021,7439.094257263675,0,26.071428571428573,100.70000000000002,89.28571428571429,10.857142857142858
2021-10-24,10.714285714285714,25.8,29.8,23.2,21.8,90.0,6.3,14.7,297,10,2021,7439.094257263675,0,25.957142857142856,111.20000000000002,89.57142857142857,10.83673469387755
2021-10-25,10.714285714285714,26.3,29.2,23.6,11.0,89.0,6.6,11.3,298,10,2021,7439.094257263675,0,26.042857142857144,98.30000000000001,89.28571428571429,10.816326530612244
2021-10-26,10.714285714285714,26.5,30.5,23.8,10.7,89.0,6.1,11.9,299,10,2021,7439.094257263675,0,26.0,108.00000000000001,89.57142857142857,10.795918367346939
2021-10-27,10.714285714285714,27.0,30.4,23.4,9.5,84.0,7.3,11.9,300,10,2021,7439.094257263675,0,26.142857142857142,89.00000000000003,88.85714285714286,10.775510204081632
2021-10-28,10.714285714285714,26.9,29.1,24.5,5.5,86.0,7.8,12.8,301,10,2021,7439.094257263675,0,26.285714285714285,83.20000000000002,88.28571428571429,10.755102040816325
2021-10-29,10.714285714285714,27.3,29.4,24.7,1.4,85.0,7.7,13.7,302,10,2021,7439.094257263675,0,26.514285714285712,66.00000000000001,87.57142857142857,10.73469387755102
2021-10-30,10.714285714285714,26.4,30.5,23.8,15.6,88.0,5.7,9.8,303,10,2021,7439.094257263675,0,26.599999999999998,75.50000000000001,87.28571428571429,10.714285714285714
2021-10-31,8.428571428571429,25.8,29.1,23.5,18.0,90.0,6.5,10.8,304,10,2021,7439.094257263675,0,26.6,71.70000000000002,87.28571428571429,10.387755102040815
2021-11-01,8.428571428571429,25.1,27.5,23.0,30.3,92.0,6.7,15.9,305,11,2021,7439.094257263675,1,26.428571428571427,91.00000000000001,87.71428571428571,10.061224489795917
2021-11-02,8.428571428571429,25.6,28.5,24.2,31.4,92.0,6.6,12.0,306,11,2021,7439.094257263675,1,26.3,111.70000000000002,88.14285714285714,9.73469387755102
2021-11-03,8.428571428571429,25.6,28.5,23.8,15.5,91.0,6.8,11.9,307,11,2021,7439.094257263675,1,26.099999999999998,117.70000000000002,89.14285714285714,9.408163265306124
2021-11-04,8.428571428571429,25.6,29.8,23.0,15.8,89.0,5.3,10.5,308,11,2021,7439.094257263675,1,25.914285714285715,128.0,89.57142857142857,9.081632653061224
2021-11-05,8.428571428571429,25.5,28.4,23.1,24.1,91.0,5.5,11.3,309,11,2021,7439.094257263675,1,25.657142857142862,150.70000000000002,90.42857142857143,8.755102040816327
2021-11-06,8.428571428571429,26.6,29.8,23.5,0.7,88.0,4.9,7.9,310,11,2021,7439.094257263675,1,25.685714285714287,135.80000000000004,90.42857142857143,8.428571428571429
2021-11-07,6.0,26.6,30.5,23.9,16.7,89.0,5.5,12.9,311,11,2021,7439.094257263675,1,25.8,134.5,90.28571428571429,8.081632653061225
2021-11-08,6.0,26.1,28.4,24.0,14.4,89.0,4.5,11.3,312,11,2021,7439.094257263675,1,25.942857142857147,118.60000000000001,89.85714285714286,7.734693877551021
2021-11-09,6.0,26.5,30.3,24.7,8.4,89.0,8.0,14.4,313,11,2021,7439.094257263675,1,26.071428571428573,95.60000000000002,89.42857142857143,7.387755102040816
2021-11-10,6.0,25.4,28.2,24.1,24.2,92.0,9.3,15.9,314,11,2021,7439.094257263675,1,26.04285714285714,104.30000000000003,89.57142857142857,7.040816326530613
2021-11-11,6.0,26.3,29.6,24.6,8.3,86.0,11.6,20.9,315,11,2021,7439.094257263675,1,26.142857142857142,96.80000000000001,89.14285714285714,6.6938775510204085
2021-11-12,6.0,27.0,29.1,25.2,2.5,87.0,10.6,17.2,316,11,2021,7439.094257263675,1,26.357142857142858,75.20000000000002,88.57142857142857,6.346938775510204
2021-11-13,6.0,26.2,27.6,24.4,7.8,89.0,8.4,13.0,317,11,2021,7439.094257263675,1,26.3,82.30000000000001,88.71428571428571,6.0
2021-11-14,8.0,26.5,30.0,24.0,15.3,88.0,7.2,11.0,318,11,2021,7439.094257263675,1,26.285714285714285,80.9,88.57142857142857,6.285714285714286
2021-11-15,8.0,26.8,29.5,24.8,3.8,89.0,5.6,10.1,319,11,2021,7439.094257263675,1,26.385714285714283,70.30000000000003,88.57142857142857,6.571428571428571
2021-11-16,8.0,27.2,30.5,24.4,0.8,85.0,5.4,8.9,320,11,2021,7439.094257263675,1,26.485714285714284,62.70000000000002,88.0,6.857142857142857
2021-11-17,8.0,26.3,29.1,24.4,11.4,90.0,6.1,13.7,321,11,2021,7439.094257263675,1,26.614285714285717,49.90000000000001,87.71428571428571,7.142857142857143
2021-11-18,8.0,25.9,28.8,23.8,15.2,89.0,5.9,9.2,322,11,2021,7439.094257263675,1,26.557142857142857,56.80000000000001,88.14285714285714,7.428571428571429
2021-11-19,8.0,26.4,30.0,24.1,14.2,89.0,5.5,10.4,323,11,2021,7439.094257263675,1,26.471428571428568,68.50000000000001,88.42857142857143,7.714285714285714
2021-11-20,8.0,26.3,29.5,23.7,12.3,87.0,6.8,15.1,324,11,2021,7439.094257263675,1,26.485714285714288,73.00000000000001,88.14285714285714,8.0
2021-11-21,9.0,26.0,30.0,23.5,15.0,89.0,6.2,14.9,325,11,2021,7439.094257263675,1,26.414285714285715,72.70000000000002,88.28571428571429,8.142857142857142
2021-11-22,9.0,26.4,30.0,24.0,9.2,88.0,5.5,8.4,326,11,2021,7439.094257263675,1,26.357142857142858,78.10000000000002,88.14285714285714,8.285714285714286
2021-11-23,9.0,25.7,28.4,23.5,13.8,91.0,6.9,11.4,327,11,2021,7439.094257263675,1,26.142857142857142,91.10000000000002,89.0,8.428571428571429
2021-11-24,9.0,25.4,26.9,24.4,8.1,93.0,5.0,10.2,328,11,2021,7439.094257263675,1,26.014285714285712,87.80000000000001,89.42857142857143,8.571428571428571
2021-11-25,9.0,26.3,30.5,23.3,4.1,87.0,6.6,19.4,329,11,2021,7439.094257263675,1,26.071428571428573,76.70000000000002,89.14285714285714,8.714285714285714
2021-11-26,9.0,26.3,29.8,23.9,0.3,87.0,9.4,16.0,330,11,2021,7439.094257263675,1,26.057142857142857,62.80000000000001,88.85714285714286,8.857142857142858
2021-11-27,9.0,26.1,29.5,24.3,14.0,89.0,5.7,15.3,331,11,2021,7439.094257263675,1,26.02857142857143,64.50000000000001,89.14285714285714,9.0
2021-11-28,6.857142857142857,26.0,29.2,23.3,10.5,90.0,6.6,11.9,332,11,2021,7439.094257263675,1,26.02857142857143,60.000000000000014,89.28571428571429,8.693877551020408
2021-11-29,6.857142857142857,27.3,30.2,24.5,0.2,81.0,9.2,17.6,333,11,2021,7439.094257263675,1,26.157142857142855,51.000000000000014,88.28571428571429,8.387755102040815
2021-11-30,6.857142857142857,27.5,30.6,25.1,0.1,81.0,7.7,13.8,334,11,2021,7439.094257263675,1,26.414285714285715,37.30000000000002,86.85714285714286,8.081632653061224
2021-12-01,6.857142857142857,27.7,30.3,25.0,1.6,85.0,6.2,9.5,335,12,2021,7439.094257263675,1,26.74285714285714,30.800000000000015,85.71428571428571,7.775510204081632
2021-12-02,6.857142857142857,25.2,26.5,24.0,49.2,92.0,7.8,14.0,336,12,2021,7439.094257263675,1,26.585714285714285,75.90000000000002,86.42857142857143,7.469387755102041
2021-12-03,6.857142857142857,25.8,29.2,24.0,7.9,88.0,10.3,16.3,337,12,2021,7439.094257263675,1,26.514285714285712,83.50000000000003,86.57142857142857,7.163265306122448
2021-12-04,6.857142857142857,25.9,28.6,24.0,1.4,85.0,13.3,19.6,338,12,2021,7439.094257263675,1,26.485714285714288,70.90000000000002,86.0,6.857142857142857
2021-12-05,9.285714285714286,25.3,28.1,23.4,9.6,88.0,8.8,15.2,339,12,2021,7439.094257263675,1,26.38571428571429,70.00000000000003,85.71428571428571,7.204081632653062
2021-12-06,9.285714285714286,25.9,29.8,23.4,3.5,84.0,11.6,16.3,340,12,2021,7439.094257263675,1,26.185714285714287,73.30000000000003,86.14285714285714,7.551020408163265
2021-12-07,9.285714285714286,26.6,30.0,23.8,1.5,81.0,12.4,18.4,341,12,2021,7439.094257263675,1,26.057142857142857,74.70000000000003,86.14285714285714,7.8979591836734695
2021-12-08,9.285714285714286,26.5,29.0,24.3,1.7,83.0,13.3,20.3,342,12,2021,7439.094257263675,1,25.88571428571429,74.80000000000001,85.85714285714286,8.244897959183673
2021-12-09,9.285714285714286,26.7,30.3,23.4,0.7,81.0,11.2,18.0,343,12,2021,7439.094257263675,1,26.099999999999998,26.300000000000015,84.28571428571429,8.591836734693876
2021-12-10,9.285714285714286,26.0,29.5,23.8,10.6,85.0,10.3,18.5,344,12,2021,7439.094257263675,1,26.12857142857143,29.000000000000014,83.85714285714286,8.938775510204083
2021-12-11,9.285714285714286,25.5,29.1,23.3,10.5,90.0,10.0,17.8,345,12,2021,7439.094257263675,1,26.071428571428573,38.100000000000016,84.57142857142857,9.285714285714286
2021-12-12,8.714285714285714,25.3,27.5,23.5,14.2,89.0,10.6,17.6,346,12,2021,7439.094257263675,1,26.071428571428573,42.70000000000001,84.71428571428571,9.204081632653061
2021-12-13,8.714285714285714,25.8,29.1,23.7,10.6,85.0,10.6,18.0,347,12,2021,7439.094257263675,1,26.057142857142857,49.80000000000001,84.85714285714286,9.122448979591837
2021-12-14,8.714285714285714,26.4,29.8,24.0,1.2,82.0,13.2,23.8,348,12,2021,7439.094257263675,1,26.02857142857143,49.500000000000014,85.0,9.040816326530612
2021-12-15,8.714285714285714,25.7,29.0,23.9,10.3,88.0,10.0,16.0,349,12,2021,7439.094257263675,1,25.91428571428571,58.100000000000016,85.71428571428571,8.959183673469388
2021-12-16,8.714285714285714,26.6,29.8,23.9,2.5,85.0,10.4,16.5,350,12,2021,7439.094257263675,1,25.900000000000002,59.90000000000001,86.28571428571429,8.877551020408164
2021-12-17,8.714285714285714,25.6,27.8,24.4,22.2,90.0,12.9,18.4,351,12,2021,7439.094257263675,1,25.842857142857145,71.50000000000001,87.0,8.795918367346939
2021-12-18,8.714285714285714,25.9,29.2,24.0,26.2,90.0,4.8,9.8,352,12,2021,7439.094257263675,1,25.900000000000002,87.20000000000002,87.0,8.714285714285714
2021-12-19,9.714285714285714,25.5,28.1,23.4,10.7,91.0,8.5,15.8,353,12,2021,7439.094257263675,1,25.928571428571427,83.7,87.28571428571429,8.857142857142856
2021-12-20,9.714285714285714,26.4,30.2,23.9,0.1,84.0,9.9,14.8,354,12,2021,7439.094257263675,1,26.014285714285716,73.20000000000002,87.14285714285714,8.999999999999998
2021-12-21,9.714285714285714,26.7,30.6,24.1,1.3,84.0,8.1,12.6,355,12,2021,7439.094257263675,1,26.057142857142857,73.30000000000001,87.42857142857143,9.142857142857142
2021-12-22,9.714285714285714,26.1,29.3,23.2,4.7,88.0,5.8,14.4,356,12,2021,7439.094257263675,1,26.11428571428571,67.70000000000002,87.42857142857143,9.285714285714286
2021-12-23,9.714285714285714,25.5,28.6,23.3,8.5,89.0,5.8,10.9,357,12,2021,7439.094257263675,1,25.957142857142856,73.70000000000002,88.0,9.428571428571429
2021-12-24,9.714285714285714,25.4,28.6,23.0,19.2,90.0,5.9,13.9,358,12,2021,7439.094257263675,1,25.928571428571427,70.70000000000002,88.0,9.571428571428571
2021-12-25,9.714285714285714,25.6,29.5,23.1,9.7,90.0,7.4,16.2,359,12,2021,7439.094257263675,1,25.885714285714283,54.20000000000002,88.0,9.714285714285714
2021-12-26,11.285714285714286,26.2,29.8,23.5,1.5,86.0,9.0,16.2,360,12,2021,7439.094257263675,1,25.985714285714284,45.000000000000014,87.28571428571429,9.938775510204081
2021-12-27,11.285714285714286,26.3,30.4,23.6,1.8,86.0,7.3,14.1,361,12,2021,7439.094257263675,1,25.97142857142857,46.70000000000002,87.57142857142857,10.16326530612245
2021-12-28,11.285714285714286,26.7,30.5,23.8,0.4,82.0,11.9,18.2,362,12,2021,7439.094257263675,1,25.97142857142857,45.80000000000001,87.28571428571429,10.387755102040817
2021-12-29,11.285714285714286,26.4,30.0,23.6,2.0,86.0,8.9,16.1,363,12,2021,7439.094257263675,1,26.014285714285712,43.100000000000016,87.0,10.612244897959185
2021-12-30,11.285714285714286,25.8,29.2,23.4,1.9,88.0,9.5,14.2,364,12,2021,7439.094257263675,1,26.057142857142857,36.50000000000001,86.85714285714286,10.83673469387755
2021-12-31,11.285714285714286,24.8,27.0,22.9,27.6,92.0,8.4,14.3,365,12,2021,7439.094257263675,1,25.97142857142857,44.90000000000002,87.14285714285714,11.061224489795919
2022-01-01,11.285714285714286,24.0,26.0,22.6,31.9,94.0,6.0,11.8,1,1,2022,7689.264766061929,1,25.74285714285714,67.10000000000001,87.71428571428571,11.285714285714286
2022-01-02,15.142857142857142,24.2,26.5,22.7,38.9,92.0,7.0,12.2,2,1,2022,7689.264766061929,1,25.45714285714286,104.50000000000001,88.57142857142857,11.83673469387755
2022-01-03,15.142857142857142,25.0,28.3,22.8,4.9,89.0,7.4,11.5,3,1,2022,7689.264766061929,1,25.271428571428572,107.60000000000002,89.0,12.387755102040817
2022-01-04,15.142857142857142,25.0,28.3,22.9,9.2,90.0,11.0,18.6,4,1,2022,7689.264766061929,1,25.02857142857143,116.4,90.14285714285714,12.938775510204081
2022-01-05,15.142857142857142,25.7,29.6,23.4,5.0,88.0,8.9,15.6,5,1,2022,7689.264766061929,1,24.928571428571427,119.4,90.42857142857143,13.489795918367347
2022-01-06,15.142857142857142,26.1,30.2,23.7,3.2,87.0,8.4,12.6,6,1,2022,7689.264766061929,1,24.97142857142857,120.70000000000002,90.28571428571429,14.040816326530614
2022-01-07,15.142857142857142,26.1,29.4,23.5,2.9,87.0,9.4,17.0,7,1,2022,7689.264766061929,1,25.157142857142855,96.00000000000001,89.57142857142857,14.591836734693876
2022-01-08,15.142857142857142,25.8,28.4,23.5,2.7,88.0,11.2,18.3,8,1,2022,7689.264766061929,1,25.414285714285715,66.80000000000003,88.71428571428571,15.142857142857142
2022-01-09,20.857142857142858,26.1,29.1,23.2,0.7,87.0,11.7,20.6,9,1,2022,7689.264766061929,1,25.685714285714287,28.600000000000016,88.0,15.959183673469386
2022-01-10,20.857142857142858,26.1,29.2,23.6,5.5,85.0,10.8,15.5,10,1,2022,7689.264766061929,1,25.842857142857145,29.200000000000017,87.42857142857143,16.775510204081634
2022-01-11,20.857142857142858,26.1,30.1,23.1,0.5,83.0,11.6,16.5,11,1,2022,7689.264766061929,1,26.0,20.500000000000014,86.42857142857143,17.591836734693878
2022-01-12,20.857142857142858,25.9,29.6,23.0,0.0,82.0,12.9,20.3,12,1,2022,7689.264766061929,1,26.028571428571432,15.500000000000014,85.57142857142857,18.408163265306122
2022-01-13,20.857142857142858,25.8,29.2,22.9,0.1,79.0,13.1,18.1,13,1,2022,7689.264766061929,1,25.98571428571429,12.400000000000015,84.42857142857143,19.224489795918366
2022-01-14,20.857142857142858,25.8,29.1,23.5,0.3,78.0,14.3,19.8,14,1,2022,7689.264766061929,1,25.942857142857143,9.800000000000015,83.14285714285714,20.04081632653061
2022-01-15,20.857142857142858,25.8,29.4,22.8,0.8,81.0,11.6,17.7,15,1,2022,7689.264766061929,1,25.942857142857147,7.900000000000014,82.14285714285714,20.857142857142858
2022-01-16,25.714285714285715,26.1,29.9,23.5,0.8,83.0,12.7,19.9,16,1,2022,7689.264766061929,1,25.942857142857143,8.000000000000014,81.57142857142857,21.551020408163264
2022-01-17,25.714285714285715,26.0,29.5,23.6,2.8,85.0,11.5,17.7,17,1,2022,7689.264766061929,1,25.928571428571427,5.300000000000014,81.57142857142857,22.244897959183675
2022-01-18,25.714285714285715,26.4,30.6,23.5,0.4,78.0,13.2,19.5,18,1,2022,7689.264766061929,1,25.97142857142857,5.200000000000014,80.85714285714286,22.938775510204078
2022-01-19,25.714285714285715,25.7,29.2,23.0,2.8,83.0,10.4,19.6,19,1,2022,7689.264766061929,1,25.942857142857143,8.000000000000014,81.0,23.632653061224488
2022-01-20,25.714285714285715,25.8,29.9,22.8,0.7,83.0,8.0,13.4,20,1,2022,7689.264766061929,1,25.942857142857147,8.600000000000014,81.57142857142857,24.3265306122449
2022-01-21,25.714285714285715,26.2,29.9,22.7,0.7,83.0,12.4,16.2,21,1,2022,7689.264766061929,1,26.0,9.000000000000014,82.28571428571429,25.02040816326531
2022-01-22,25.714285714285715,26.5,30.4,23.2,0.4,82.0,10.2,15.3,22,1,2022,7689.264766061929,1,26.099999999999998,8.600000000000014,82.42857142857143,25.714285714285715
2022-01-23,24.428571428571427,26.6,31.0,23.0,0.2,80.0,7.2,13.3,23,1,2022,7689.264766061929,1,26.17142857142857,8.000000000000014,82.0,25.53061224489796
2022-01-24,24.428571428571427,26.7,30.6,22.9,2.0,82.0,5.9,10.7,24,1,2022,7689.264766061929,1,26.271428571428572,7.2000000000000135,81.57142857142857,25.346938775510203
2022-01-25,24.428571428571427,27.1,31.6,23.7,0.5,78.0,10.7,18.2,25,1,2022,7689.264766061929,1,26.37142857142857,7.300000000000013,81.57142857142857,25.16326530612245
2022-01-26,24.428571428571427,26.8,31.9,22.6,0.4,78.0,10.1,17.5,26,1,2022,7689.264766061929,1,26.528571428571432,4.900000000000015,80.85714285714286,24.979591836734695
2022-01-27,24.428571428571427,26.7,31.2,22.7,0.1,79.0,11.3,17.3,27,1,2022,7689.264766061929,1,26.657142857142855,4.300000000000015,80.28571428571429,24.795918367346935
2022-01-28,24.428571428571427,26.8,32.0,22.5,0.7,78.0,8.8,16.2,28,1,2022,7689.264766061929,1,26.742857142857144,4.300000000000014,79.57142857142857,24.612244897959183
2022-01-29,24.428571428571427,26.8,32.2,22.6,1.6,80.0,8.2,13.7,29,1,2022,7689.264766061929,1,26.785714285714285,5.500000000000014,79.28571428571429,24.428571428571427
2022-01-30,22.0,26.6,31.1,22.9,1.5,81.0,8.0,14.2,30,1,2022,7689.264766061929,1,26.785714285714285,6.800000000000014,79.42857142857143,24.081632653061224
2022-01-31,22.0,26.9,30.5,23.3,1.3,81.0,8.3,14.8,31,1,2022,7689.264766061929,1,26.814285714285713,6.100000000000014,79.28571428571429,23.73469387755102
2022-02-01,22.0,27.1,31.4,24.0,1.0,78.0,12.5,20.9,32,2,2022,7689.264766061929,1,26.814285714285713,6.600000000000014,79.28571428571429,23.387755102040813
2022-02-02,22.0,26.8,31.2,22.6,2.2,79.0,8.0,14.3,33,2,2022,7689.264766061929,1,26.814285714285713,8.400000000000015,79.42857142857143,23.04081632653061
2022-02-03,22.0,27.0,31.0,24.2,2.0,81.0,11.1,18.4,34,2,2022,7689.264766061929,1,26.857142857142858,10.300000000000015,79.71428571428571,22.69387755102041
2022-02-04,22.0,27.0,31.7,23.5,1.9,79.0,13.8,22.2,35,2,2022,7689.264766061929,1,26.885714285714283,11.500000000000014,79.85714285714286,22.346938775510203
2022-02-05,22.0,25.8,28.9,24.1,13.5,85.0,9.2,15.2,36,2,2022,7689.264766061929,1,26.742857142857144,23.400000000000013,80.57142857142857,22.0
2022-02-06,24.142857142857142,25.9,30.4,23.6,7.1,85.0,9.2,16.5,37,2,2022,7689.264766061929,1,26.642857142857142,29.000000000000014,81.14285714285714,22.30612244897959
2022-02-07,24.142857142857142,25.9,29.1,23.5,2.3,86.0,13.4,20.7,38,2,2022,7689.264766061929,1,26.5,30.00000000000001,81.85714285714286,22.612244897959183
2022-02-08,24.142857142857142,25.1,29.5,23.4,12.6,90.0,9.2,14.0,39,2,2022,7689.264766061929,1,26.214285714285715,41.60000000000001,83.57142857142857,22.918367346938776
2022-02-09,24.142857142857142,24.7,27.5,22.8,16.0,91.0,7.2,14.6,40,2,2022,7689.264766061929,1,25.914285714285715,55.40000000000002,85.28571428571429,23.22448979591837
2022-02-10,24.142857142857142,23.6,25.1,22.5,26.6,94.0,7.2,13.1,41,2,2022,7689.264766061929,1,25.428571428571427,80.00000000000001,87.14285714285714,23.53061224489796
2022-02-11,24.142857142857142,24.2,27.4,22.0,11.8,89.0,9.2,17.3,42,2,2022,7689.264766061929,1,25.02857142857143,89.9,88.57142857142857,23.836734693877553
2022-02-12,24.142857142857142,25.5,29.7,22.3,2.6,85.0,9.0,13.7,43,2,2022,7689.264766061929,1,24.985714285714284,79.00000000000001,88.57142857142857,24.142857142857142
2022-02-13,29.428571428571427,26.1,29.9,23.0,1.3,86.0,7.3,10.6,44,2,2022,7689.264766061929,1,25.014285714285716,73.20000000000002,88.71428571428571,24.897959183673468
2022-02-14,29.428571428571427,26.4,30.0,23.0,0.5,85.0,7.9,11.4,45,2,2022,7689.264766061929,1,25.08571428571429,71.40000000000002,88.57142857142857,25.653061224489797
2022-02-15,29.428571428571427,26.3,30.2,24.2,5.8,86.0,9.7,14.4,46,2,2022,7689.264766061929,1,25.257142857142856,64.60000000000001,88.0,26.408163265306122
2022-02-16,29.428571428571427,26.2,28.8,23.9,0.7,87.0,6.4,11.0,47,2,2022,7689.264766061929,1,25.47142857142857,49.30000000000001,87.42857142857143,27.163265306122444
2022-02-17,29.428571428571427,26.8,29.4,24.4,1.3,84.0,7.4,13.9,48,2,2022,7689.264766061929,1,25.928571428571427,24.000000000000014,86.0,27.918367346938773
2022-02-18,29.428571428571427,27.4,30.5,25.1,0.7,82.0,10.2,14.6,49,2,2022,7689.264766061929,1,26.38571428571429,12.900000000000015,85.0,28.673469387755098
2022-02-19,29.428571428571427,27.1,30.9,24.4,3.6,84.0,7.2,10.4,50,2,2022,7689.264766061929,1,26.61428571428571,13.900000000000015,84.85714285714286,29.428571428571427
2022-02-20,28.714285714285715,26.6,31.5,24.6,2.2,86.0,7.2,16.2,51,2,2022,7689.264766061929,1,26.685714285714283,14.800000000000015,84.85714285714286,29.3265306122449
2022-02-21,28.714285714285715,26.7,31.4,23.6,1.3,84.0,9.2,14.8,52,2,2022,7689.264766061929,1,26.728571428571428,15.600000000000014,84.71428571428571,29.224489795918366
2022-02-22,28.714285714285715,26.9,31.0,23.0,0.4,80.0,10.4,15.9,53,2,2022,7689.264766061929,1,26.814285714285713,10.200000000000015,83.85714285714286,29.122448979591837
2022-02-23,28.714285714285715,26.1,30.4,23.9,7.7,86.0,10.6,17.7,54,2,2022,7689.264766061929,1,26.800000000000004,17.200000000000014,83.71428571428571,29.02040816326531
2022-02-24,28.714285714285715,24.1,25.7,22.9,27.7,92.0,10.2,15.4,55,2,2022,7689.264766061929,1,26.414285714285715,43.60000000000001,84.85714285714286,28.918367346938773
2022-02-25,28.714285714285715,25.8,30.1,22.9,5.1,85.0,9.5,15.7,56,2,2022,7689.264766061929,1,26.185714285714287,48.000000000000014,85.28571428571429,28.816326530612248
2022-02-26,28.714285714285715,25.9,29.0,23.1,3.2,85.0,5.8,12.0,57,2,2022,7689.264766061929,1,26.014285714285712,47.600000000000016,85.42857142857143,28.714285714285715
2022-02-27,37.57142857142857,26.3,28.6,24.2,6.0,86.0,10.5,17.6,58,2,2022,7689.264766061929,1,25.97142857142857,51.40000000000001,85.42857142857143,29.9795918367347
2022-02-28,37.57142857142857,26.1,29.3,23.5,8.2,87.0,9.1,13.4,59,2,2022,7689.264766061929,1,25.885714285714283,58.30000000000001,85.85714285714286,31.244897959183675
2022-03-01,37.57142857142857,26.4,29.8,24.0,5.7,86.0,7.6,11.2,60,3,2022,7689.264766061929,1,25.814285714285717,63.600000000000016,86.71428571428571,32.51020408163265
2022-03-02,37.57142857142857,26.2,30.9,23.5,4.6,88.0,8.6,15.4,61,3,2022,7689.264766061929,1,25.828571428571426,60.500000000000014,87.0,33.775510204081634
2022-03-03,37.57142857142857,26.2,30.5,23.9,8.9,87.0,9.4,15.5,62,3,2022,7689.264766061929,1,26.12857142857143,41.70000000000001,86.28571428571429,35.04081632653061
2022-03-04,37.57142857142857,26.2,30.2,23.9,6.7,87.0,9.0,15.2,63,3,2022,7689.264766061929,1,26.185714285714283,43.30000000000002,86.57142857142857,36.30612244897959
2022-03-05,37.57142857142857,25.9,30.8,23.4,3.1,87.0,8.5,15.3,64,3,2022,7689.264766061929,1,26.185714285714287,43.20000000000001,86.85714285714286,37.57142857142857
2022-03-06,52.71428571428572,25.7,29.0,23.0,0.7,88.0,4.5,8.3,65,3,2022,7689.264766061929,1,26.099999999999998,37.90000000000001,87.14285714285714,39.734693877551024
2022-03-07,52.71428571428572,26.3,29.5,24.6,6.6,88.0,7.1,13.6,66,3,2022,7689.264766061929,1,26.12857142857143,36.30000000000001,87.28571428571429,41.89795918367347
2022-03-08,52.71428571428572,26.5,30.1,23.4,2.9,85.0,6.7,11.1,67,3,2022,7689.264766061929,1,26.142857142857142,33.500000000000014,87.14285714285714,44.06122448979592
2022-03-09,52.71428571428572,26.4,29.1,24.1,4.9,88.0,6.3,13.2,68,3,2022,7689.264766061929,1,26.171428571428574,33.80000000000001,87.14285714285714,46.22448979591837
2022-03-10,52.71428571428572,26.3,29.0,24.5,7.3,88.0,7.2,12.5,69,3,2022,7689.264766061929,1,26.185714285714283,32.20000000000002,87.28571428571429,48.38775510204082
2022-03-11,52.71428571428572,26.1,30.5,23.0,4.7,87.0,6.7,10.6,70,3,2022,7689.264766061929,1,26.17142857142857,30.200000000000017,87.28571428571429,50.55102040816327
2022-03-12,52.71428571428572,26.5,30.0,23.6,1.8,85.0,8.7,14.5,71,3,2022,7689.264766061929,1,26.25714285714286,28.900000000000013,87.0,52.71428571428572
2022-03-13,60.142857142857146,26.7,31.6,22.2,1.0,83.0,6.6,12.7,72,3,2022,7689.264766061929,1,26.400000000000002,29.200000000000014,86.28571428571429,53.77551020408164
2022-03-14,60.142857142857146,27.2,30.8,24.2,4.2,85.0,5.6,9.3,73,3,2022,7689.264766061929,1,26.52857142857143,26.80000000000002,85.85714285714286,54.83673469387755
2022-03-15,60.142857142857146,26.7,29.8,24.0,17.2,87.0,6.5,10.6,74,3,2022,7689.264766061929,1,26.557142857142857,41.10000000000001,86.14285714285714,55.89795918367348
2022-03-16,60.142857142857146,27.2,30.2,24.7,1.4,85.0,5.6,9.0,75,3,2022,7689.264766061929,1,26.67142857142857,37.600000000000016,85.71428571428571,56.9591836734694
2022-03-17,60.142857142857146,26.3,30.5,24.0,39.9,90.0,5.2,10.2,76,3,2022,7689.264766061929,1,26.671428571428574,70.20000000000002,86.0,58.02040816326531
2022-03-18,60.142857142857146,26.7,30.9,23.9,4.0,86.0,5.6,10.0,77,3,2022,7689.264766061929,1,26.75714285714286,69.5,85.85714285714286,59.08163265306123
2022-03-19,60.142857142857146,27.7,31.0,24.9,0.0,83.0,7.1,11.6,78,3,2022,7689.264766061929,1,26.928571428571427,67.70000000000002,85.57142857142857,60.142857142857146
2022-03-20,63.0,27.8,30.1,25.9,0.4,84.0,6.7,9.6,79,3,2022,7689.264766061929,1,27.085714285714285,67.10000000000001,85.71428571428571,60.55102040816327
2022-03-21,63.0,27.6,30.9,25.5,0.0,82.0,5.2,10.2,80,3,2022,7689.264766061929,1,27.142857142857142,62.900000000000006,85.28571428571429,60.9591836734694
2022-03-22,63.0,27.9,30.6,26.0,1.6,83.0,7.2,13.2,81,3,2022,7689.264766061929,1,27.314285714285713,47.30000000000001,84.71428571428571,61.36734693877552
2022-03-23,63.0,27.3,29.8,25.0,3.0,88.0,5.5,8.2,82,3,2022,7689.264766061929,1,27.32857142857143,48.90000000000001,85.14285714285714,61.775510204081634
2022-03-24,63.0,27.8,31.4,25.0,1.8,84.0,8.1,13.8,83,3,2022,7689.264766061929,1,27.54285714285714,10.800000000000015,84.28571428571429,62.18367346938776
2022-03-25,63.0,28.0,31.5,25.2,2.0,83.0,7.9,13.8,84,3,2022,7689.264766061929,1,27.728571428571428,8.800000000000015,83.85714285714286,62.59183673469388
2022-03-26,63.0,27.3,31.4,24.1,7.6,87.0,6.1,11.4,85,3,2022,7689.264766061929,1,27.671428571428574,16.400000000000013,84.42857142857143,63.0
2022-03-27,72.85714285714286,27.2,31.6,24.0,4.7,85.0,6.9,10.1,86,3,2022,7689.264766061929,1,27.585714285714285,20.700000000000017,84.57142857142857,64.40816326530611
2022-03-28,72.85714285714286,26.8,31.5,24.1,8.9,86.0,6.4,9.4,87,3,2022,7689.264766061929,1,27.47142857142857,29.600000000000016,85.14285714285714,65.81632653061224
2022-03-29,72.85714285714286,26.9,31.7,24.1,0.8,86.0,7.4,12.5,88,3,2022,7689.264766061929,1,27.32857142857143,28.800000000000015,85.57142857142857,67.22448979591836
2022-03-30,72.85714285714286,27.3,31.6,24.5,2.8,83.0,6.5,10.6,89,3,2022,7689.264766061929,1,27.328571428571426,28.600000000000016,84.85714285714286,68.63265306122449
2022-03-31,72.85714285714286,26.5,29.6,23.3,5.5,87.0,8.3,16.1,90,3,2022,7689.264766061929,1,27.142857142857142,32.30000000000001,85.28571428571429,70.04081632653062
2022-04-01,72.85714285714286,27.1,30.8,24.4,3.5,86.0,6.9,14.0,91,4,2022,7689.264766061929,0,27.014285714285716,33.80000000000001,85.71428571428571,71.44897959183673
2022-04-02,72.85714285714286,26.8,30.5,23.5,4.0,85.0,6.3,13.4,92,4,2022,7689.264766061929,0,26.942857142857143,30.200000000000017,85.42857142857143,72.85714285714286
2022-04-03,91.85714285714286,26.3,29.4,22.8,3.2,87.0,6.5,13.7,93,4,2022,7689.264766061929,0,26.814285714285717,28.700000000000014,85.71428571428571,75.57142857142857
2022-04-04,91.85714285714286,26.5,30.6,23.2,3.4,84.0,5.7,10.4,94,4,2022,7689.264766061929,0,26.771428571428572,23.200000000000014,85.42857142857143,78.28571428571429
2022-04-05,91.85714285714286,25.9,30.0,24.0,8.1,89.0,7.3,13.3,95,4,2022,7689.264766061929,0,26.628571428571426,30.500000000000014,85.85714285714286,81.0
2022-04-06,91.85714285714286,26.6,30.7,24.0,9.0,86.0,6.8,15.1,96,4,2022,7689.264766061929,0,26.528571428571432,36.70000000000002,86.28571428571429,83.71428571428571
2022-04-07,91.85714285714286,25.6,28.3,23.5,4.6,88.0,8.5,17.5,97,4,2022,7689.264766061929,0,26.400000000000002,35.80000000000001,86.42857142857143,86.42857142857143
2022-04-08,91.85714285714286,26.5,30.9,23.6,1.9,85.0,7.2,11.7,98,4,2022,7689.264766061929,0,26.314285714285713,34.20000000000002,86.28571428571429,89.14285714285714
2022-04-09,91.85714285714286,26.3,29.9,23.8,0.5,85.0,8.1,10.7,99,4,2022,7689.264766061929,0,26.242857142857144,30.700000000000014,86.28571428571429,91.85714285714286
2022-04-10,104.85714285714286,26.4,30.6,23.5,4.1,86.0,5.2,8.9,100,4,2022,7689.264766061929,0,26.257142857142856,31.600000000000012,86.14285714285714,93.71428571428571
2022-04-11,104.85714285714286,26.6,29.9,23.8,3.2,89.0,5.2,11.5,101,4,2022,7689.264766061929,0,26.271428571428572,31.400000000000013,86.85714285714286,95.57142857142857
2022-04-12,104.85714285714286,27.2,30.5,24.4,5.8,86.0,4.0,8.0,102,4,2022,7689.264766061929,0,26.457142857142856,29.100000000000012,86.42857142857143,97.42857142857143
2022-04-13,104.85714285714286,27.2,30.1,24.2,14.5,85.0,5.3,10.6,103,4,2022,7689.264766061929,0,26.54285714285714,34.600000000000016,86.28571428571429,99.28571428571429
2022-04-14,104.85714285714286,27.7,30.2,25.0,0.3,84.0,7.3,11.1,104,4,2022,7689.264766061929,0,26.842857142857145,30.300000000000015,85.71428571428571,101.14285714285714
2022-04-15,104.85714285714286,26.7,29.5,24.0,8.8,87.0,7.9,13.4,105,4,2022,7689.264766061929,0,26.87142857142857,37.20000000000002,86.0,103.0
2022-04-16,104.85714285714286,27.8,30.4,25.6,3.7,83.0,5.8,10.1,106,4,2022,7689.264766061929,0,27.085714285714285,40.40000000000002,85.71428571428571,104.85714285714286
2022-04-17,134.57142857142858,27.4,29.9,25.4,5.3,86.0,6.3,10.4,107,4,2022,7689.264766061929,0,27.22857142857143,41.600000000000016,85.71428571428571,109.10204081632654
2022-04-18,134.57142857142858,26.4,30.7,24.0,18.1,88.0,4.6,10.4,108,4,2022,7689.264766061929,0,27.199999999999996,56.500000000000014,85.57142857142857,113.34693877551021
2022-04-19,134.57142857142858,26.8,30.7,24.4,7.0,86.0,4.8,10.3,109,4,2022,7689.264766061929,0,27.142857142857142,57.70000000000002,85.57142857142857,117.59183673469389
2022-04-20,134.57142857142858,26.3,30.5,24.2,7.5,90.0,5.2,11.4,110,4,2022,7689.264766061929,0,27.014285714285716,50.70000000000002,86.28571428571429,121.83673469387756
2022-04-21,134.57142857142858,26.6,30.2,24.0,2.2,87.0,5.4,10.1,111,4,2022,7689.264766061929,0,26.857142857142858,52.60000000000002,86.71428571428571,126.08163265306123
2022-04-22,134.57142857142858,27.4,30.9,24.0,1.7,85.0,8.2,15.4,112,4,2022,7689.264766061929,0,26.957142857142856,45.500000000000014,86.42857142857143,130.3265306122449
2022-04-23,134.57142857142858,27.2,30.0,24.2,14.8,88.0,3.7,7.1,113,4,2022,7689.264766061929,0,26.87142857142857,56.600000000000016,87.14285714285714,134.57142857142858
2022-04-24,143.28571428571428,27.2,30.7,23.4,3.6,85.0,6.1,11.8,114,4,2022,7689.264766061929,0,26.842857142857138,54.90000000000002,87.0,135.81632653061226
2022-04-25,143.28571428571428,27.4,30.3,24.2,19.8,87.0,5.4,10.9,115,4,2022,7689.264766061929,0,26.985714285714288,56.600000000000016,86.85714285714286,137.06122448979593
2022-04-26,143.28571428571428,27.8,30.0,25.5,3.9,84.0,3.9,6.7,116,4,2022,7689.264766061929,0,27.12857142857143,53.500000000000014,86.57142857142857,138.3061224489796
2022-04-27,143.28571428571428,27.2,30.7,24.7,8.8,85.0,5.5,13.1,117,4,2022,7689.264766061929,0,27.25714285714286,54.80000000000002,85.85714285714286,139.55102040816328
2022-04-28,143.28571428571428,27.3,30.9,24.4,8.3,88.0,4.8,10.9,118,4,2022,7689.264766061929,0,27.357142857142858,60.90000000000001,86.0,140.79591836734693
2022-04-29,143.28571428571428,27.8,31.0,24.1,5.7,85.0,5.3,9.3,119,4,2022,7689.264766061929,0,27.414285714285715,64.90000000000002,86.0,142.0408163265306
2022-04-30,143.28571428571428,27.3,30.2,24.5,7.7,88.0,5.1,9.0,120,4,2022,7689.264766061929,0,27.428571428571427,57.80000000000001,86.0,143.28571428571428
2022-05-01,120.85714285714286,27.5,29.5,24.8,7.3,86.0,6.2,11.4,121,5,2022,7689.264766061929,0,27.47142857142857,61.500000000000014,86.14285714285714,140.0816326530612
2022-05-02,120.85714285714286,27.5,30.0,25.2,19.8,85.0,8.7,15.5,122,5,2022,7689.264766061929,0,27.485714285714288,61.500000000000014,85.85714285714286,136.87755102040816
2022-05-03,120.85714285714286,27.3,29.6,25.0,13.7,84.0,9.0,13.4,123,5,2022,7689.264766061929,0,27.41428571428571,71.30000000000001,85.85714285714286,133.6734693877551
2022-05-04,120.85714285714286,27.4,29.7,25.0,12.2,85.0,9.7,15.5,124,5,2022,7689.264766061929,0,27.442857142857143,74.70000000000002,85.85714285714286,130.46938775510205
2022-05-05,120.85714285714286,27.8,29.9,25.9,0.4,83.0,9.0,13.0,125,5,2022,7689.264766061929,0,27.514285714285712,66.80000000000001,85.14285714285714,127.26530612244899
2022-05-06,120.85714285714286,28.1,30.2,26.0,1.6,84.0,9.3,12.7,126,5,2022,7689.264766061929,0,27.557142857142857,62.70000000000002,85.0,124.06122448979592
2022-05-07,120.85714285714286,27.5,30.0,25.4,12.2,86.0,9.1,13.2,127,5,2022,7689.264766061929,0,27.585714285714285,67.20000000000002,84.71428571428571,120.85714285714286
2022-05-08,187.8571428571429,28.1,30.1,26.6,0.5,84.0,11.3,16.1,128,5,2022,7689.264766061929,0,27.67142857142857,60.40000000000001,84.42857142857143,130.42857142857142
2022-05-09,187.8571428571429,28.3,30.6,27.0,10.5,82.0,10.1,15.3,129,5,2022,7689.264766061929,0,27.785714285714285,51.10000000000001,84.0,140.00000000000003
2022-05-10,187.8571428571429,28.4,31.0,25.8,1.9,83.0,7.8,11.8,130,5,2022,7689.264766061929,0,27.942857142857143,39.30000000000001,83.85714285714286,149.57142857142858
2022-05-11,187.8571428571429,27.5,29.9,25.4,2.3,86.0,6.4,11.5,131,5,2022,7689.264766061929,0,27.95714285714286,29.400000000000013,84.0,159.14285714285714
2022-05-12,187.8571428571429,28.1,30.6,25.7,2.3,82.0,9.3,17.2,132,5,2022,7689.264766061929,0,28.0,31.300000000000015,83.85714285714286,168.71428571428572
2022-05-13,187.8571428571429,27.2,30.6,24.9,6.0,86.0,4.7,11.8,133,5,2022,7689.264766061929,0,27.87142857142857,35.70000000000002,84.14285714285714,178.28571428571428
2022-05-14,187.8571428571429,27.6,30.8,24.6,7.5,87.0,7.1,12.2,134,5,2022,7689.264766061929,0,27.88571428571429,31.000000000000014,84.28571428571429,187.8571428571429
2022-05-15,182.28571428571428,27.8,31.1,24.8,13.0,86.0,5.1,10.4,135,5,2022,7689.264766061929,0,27.842857142857145,43.500000000000014,84.57142857142857,187.06122448979593
2022-05-16,182.28571428571428,26.9,29.8,25.4,6.2,89.0,6.8,16.2,136,5,2022,7689.264766061929,0,27.642857142857142,39.20000000000002,85.57142857142857,186.265306122449
2022-05-17,182.28571428571428,27.4,30.5,24.5,0.7,87.0,6.5,11.1,137,5,2022,7689.264766061929,0,27.5,38.000000000000014,86.14285714285714,185.46938775510202
2022-05-18,182.28571428571428,27.8,30.7,25.8,0.2,84.0,7.9,14.9,138,5,2022,7689.264766061929,0,27.54285714285714,35.90000000000001,85.85714285714286,184.67346938775512
2022-05-19,182.28571428571428,26.9,29.1,25.0,17.7,89.0,5.1,15.7,139,5,2022,7689.264766061929,0,27.37142857142857,51.30000000000001,86.85714285714286,183.87755102040816
2022-05-20,182.28571428571428,27.1,30.8,24.8,1.9,87.0,5.8,12.3,140,5,2022,7689.264766061929,0,27.357142857142858,47.20000000000002,87.0,183.0816326530612
2022-05-21,182.28571428571428,27.3,30.1,25.1,5.0,86.0,6.4,12.0,141,5,2022,7689.264766061929,0,27.314285714285713,44.70000000000002,86.85714285714286,182.28571428571428
2022-05-22,223.8571428571429,27.6,30.8,25.1,6.3,86.0,7.2,14.0,142,5,2022,7689.264766061929,0,27.285714285714285,38.000000000000014,86.85714285714286,188.22448979591834
2022-05-23,223.8571428571429,27.9,31.0,25.6,6.3,87.0,6.2,10.5,143,5,2022,7689.264766061929,0,27.428571428571427,38.100000000000016,86.57142857142857,194.16326530612244
2022-05-24,223.8571428571429,27.8,30.9,25.5,5.8,87.0,5.5,9.7,144,5,2022,7689.264766061929,0,27.485714285714288,43.20000000000001,86.57142857142857,200.10204081632654
2022-05-25,223.8571428571429,26.4,29.7,24.1,11.7,88.0,8.6,15.6,145,5,2022,7689.264766061929,0,27.285714285714285,54.70000000000002,87.14285714285714,206.04081632653063
2022-05-26,223.8571428571429,27.0,30.5,23.4,0.1,86.0,6.8,9.5,146,5,2022,7689.264766061929,0,27.3,37.100000000000016,86.71428571428571,211.9795918367347
2022-05-27,223.8571428571429,27.9,31.3,24.5,0.0,82.0,7.8,15.0,147,5,2022,7689.264766061929,0,27.414285714285715,35.20000000000002,86.0,217.9183673469388
2022-05-28,223.8571428571429,27.3,29.9,23.9,10.7,84.0,8.2,15.8,148,5,2022,7689.264766061929,0,27.414285714285715,40.90000000000001,85.71428571428571,223.8571428571429
2022-05-29,207.7142857142857,27.8,30.6,24.4,0.0,80.0,7.3,12.8,149,5,2022,7689.264766061929,0,27.442857142857143,34.60000000000001,84.85714285714286,221.5510204081633
2022-05-30,207.7142857142857,27.6,31.6,24.5,0.4,85.0,7.6,13.7,150,5,2022,7689.264766061929,0,27.400000000000002,28.700000000000014,84.57142857142857,219.24489795918367
2022-05-31,207.7142857142857,27.3,30.8,25.0,5.1,88.0,5.7,14.4,151,5,2022,7689.264766061929,0,27.328571428571426,28.000000000000014,84.71428571428571,216.9387755102041
2022-06-01,207.7142857142857,26.7,31.1,24.2,10.5,86.0,4.8,13.1,152,6,2022,7689.264766061929,0,27.371428571428574,26.80000000000001,84.42857142857143,214.63265306122452
2022-06-02,207.7142857142857,27.0,30.8,24.2,18.7,85.0,5.8,8.7,153,6,2022,7689.264766061929,0,27.371428571428574,45.40000000000001,84.28571428571429,212.32653061224488
2022-06-03,207.7142857142857,26.8,29.5,24.5,8.9,86.0,5.2,9.7,154,6,2022,7689.264766061929,0,27.214285714285715,54.30000000000001,84.85714285714286,210.0204081632653
2022-06-04,207.7142857142857,26.9,29.5,25.1,14.8,87.0,5.3,7.2,155,6,2022,7689.264766061929,0,27.157142857142855,58.40000000000002,85.28571428571429,207.7142857142857
2022-06-05,208.57142857142856,26.6,29.9,25.0,10.7,87.0,5.7,15.4,156,6,2022,7689.264766061929,0,26.985714285714288,69.10000000000002,86.28571428571429,207.83673469387753
2022-06-06,208.57142857142856,26.5,29.5,23.9,14.9,88.0,7.0,12.6,157,6,2022,7689.264766061929,0,26.828571428571426,83.60000000000001,86.71428571428571,207.95918367346937
2022-06-07,208.57142857142856,26.7,28.5,24.5,12.1,87.0,4.4,12.0,158,6,2022,7689.264766061929,0,26.742857142857144,90.60000000000002,86.57142857142857,208.0816326530612
2022-06-08,208.57142857142856,26.0,30.0,24.1,35.0,90.0,5.2,12.0,159,6,2022,7689.264766061929,0,26.642857142857142,115.10000000000002,87.14285714285714,208.20408163265304
2022-06-09,208.57142857142856,25.6,27.9,23.9,22.1,90.0,4.8,8.0,160,6,2022,7689.264766061929,0,26.442857142857143,118.50000000000001,87.85714285714286,208.32653061224488
2022-06-10,208.57142857142856,27.0,30.2,24.7,2.5,85.0,5.4,8.4,161,6,2022,7689.264766061929,0,26.47142857142857,112.10000000000001,87.71428571428571,208.44897959183672
2022-06-11,208.57142857142856,25.2,27.6,23.2,35.8,91.0,7.4,14.1,162,6,2022,7689.264766061929,0,26.228571428571428,133.10000000000002,88.28571428571429,208.57142857142856
2022-06-12,179.14285714285714,25.4,27.5,24.0,13.4,91.0,6.1,11.6,163,6,2022,7689.264766061929,0,26.057142857142857,135.8,88.85714285714286,204.36734693877548
2022-06-13,179.14285714285714,26.3,30.0,24.0,4.8,88.0,4.2,8.3,164,6,2022,7689.264766061929,0,26.028571428571432,125.70000000000002,88.85714285714286,200.1632653061224
2022-06-14,179.14285714285714,26.5,29.3,24.0,8.0,86.0,7.1,11.1,165,6,2022,7689.264766061929,0,26.0,121.60000000000001,88.71428571428571,195.9591836734694
2022-06-15,179.14285714285714,26.1,28.4,24.0,10.0,87.0,7.5,15.2,166,6,2022,7689.264766061929,0,26.014285714285712,96.60000000000002,88.28571428571429,191.75510204081633
2022-06-16,179.14285714285714,25.6,27.8,23.8,10.4,92.0,3.8,8.2,167,6,2022,7689.264766061929,0,26.014285714285712,84.9,88.57142857142857,187.55102040816328
2022-06-17,179.14285714285714,26.6,28.5,24.8,8.4,86.0,4.2,9.9,168,6,2022,7689.264766061929,0,25.957142857142856,90.80000000000001,88.71428571428571,183.34693877551018
2022-06-18,179.14285714285714,26.0,28.5,24.0,11.1,88.0,4.6,9.5,169,6,2022,7689.264766061929,0,26.071428571428573,66.10000000000001,88.28571428571429,179.14285714285714
2022-06-19,167.42857142857142,26.2,29.3,23.6,3.0,88.0,6.4,13.9,170,6,2022,7689.264766061929,0,26.185714285714287,55.70000000000002,87.85714285714286,177.46938775510202
2022-06-20,167.42857142857142,25.1,26.5,23.4,60.1,92.0,7.0,15.1,171,6,2022,7689.264766061929,0,26.014285714285712,111.00000000000001,88.42857142857143,175.79591836734696
2022-06-21,167.42857142857142,26.2,28.2,24.0,18.6,88.0,8.1,13.4,172,6,2022,7689.264766061929,0,25.971428571428568,121.60000000000002,88.71428571428571,174.12244897959184
2022-06-22,167.42857142857142,26.2,28.7,24.5,5.4,87.0,8.1,13.3,173,6,2022,7689.264766061929,0,25.985714285714288,117.00000000000001,88.71428571428571,172.4489795918367
2022-06-23,167.42857142857142,26.0,27.6,24.0,17.7,88.0,7.6,11.2,174,6,2022,7689.264766061929,0,26.042857142857144,124.30000000000003,88.14285714285714,170.77551020408163
2022-06-24,167.42857142857142,26.0,28.6,24.0,24.9,88.0,5.7,9.9,175,6,2022,7689.264766061929,0,25.95714285714286,140.8,88.42857142857143,169.1020408163265
2022-06-25,167.42857142857142,25.7,27.8,23.9,14.8,89.0,7.0,11.7,176,6,2022,7689.264766061929,0,25.914285714285715,144.50000000000003,88.57142857142857,167.42857142857142
2022-06-26,169.57142857142858,26.9,29.7,24.0,4.9,86.0,7.8,11.6,177,6,2022,7689.264766061929,0,26.014285714285712,146.40000000000003,88.28571428571429,167.73469387755102
2022-06-27,169.57142857142858,27.1,29.6,24.6,8.3,85.0,6.7,11.2,178,6,2022,7689.264766061929,0,26.3,94.60000000000002,87.28571428571429,168.0408163265306
2022-06-28,169.57142857142858,26.6,29.3,24.8,16.8,88.0,6.4,13.7,179,6,2022,7689.264766061929,0,26.357142857142858,92.80000000000003,87.28571428571429,168.3469387755102
2022-06-29,169.57142857142858,27.5,30.0,24.8,0.9,83.0,8.6,15.8,180,6,2022,7689.264766061929,0,26.54285714285714,88.30000000000003,86.71428571428571,168.65306122448982
2022-06-30,169.57142857142858,26.5,27.8,25.1,6.3,85.0,10.2,16.6,181,6,2022,7689.264766061929,0,26.61428571428571,76.90000000000002,86.28571428571429,168.9591836734694
2022-07-01,169.57142857142858,27.8,30.0,26.2,0.1,79.0,11.8,19.5,182,7,2022,7689.264766061929,0,26.87142857142857,52.100000000000016,85.0,169.26530612244898
2022-07-02,169.57142857142858,27.7,29.6,25.7,0.4,80.0,11.0,17.7,183,7,2022,7689.264766061929,0,27.157142857142855,37.70000000000002,83.71428571428571,169.57142857142858
2022-07-03,166.28571428571428,27.7,30.0,25.6,0.6,83.0,9.8,15.7,184,7,2022,7689.264766061929,0,27.271428571428572,33.40000000000001,83.28571428571429,169.10204081632654
2022-07-04,166.28571428571428,27.5,30.6,24.9,0.4,84.0,7.8,10.4,185,7,2022,7689.264766061929,0,27.32857142857143,25.500000000000018,83.14285714285714,168.63265306122452
2022-07-05,166.28571428571428,26.7,28.3,24.8,12.7,89.0,6.6,15.7,186,7,2022,7689.264766061929,0,27.342857142857145,21.400000000000013,83.28571428571429,168.16326530612244
2022-07-06,166.28571428571428,27.2,29.6,25.2,2.0,85.0,6.8,9.9,187,7,2022,7689.264766061929,0,27.300000000000004,22.500000000000014,83.57142857142857,167.69387755102042
2022-07-07,166.28571428571428,27.7,29.6,25.2,5.8,84.0,7.4,12.9,188,7,2022,7689.264766061929,0,27.47142857142857,22.000000000000014,83.42857142857143,167.22448979591834
2022-07-08,166.28571428571428,27.2,29.0,25.5,0.2,85.0,8.1,13.0,189,7,2022,7689.264766061929,0,27.385714285714283,22.100000000000012,84.28571428571429,166.75510204081633
2022-07-09,166.28571428571428,27.8,30.0,26.0,0.6,86.0,7.8,14.1,190,7,2022,7689.264766061929,0,27.400000000000002,22.300000000000015,85.14285714285714,166.28571428571428
2022-07-10,131.14285714285714,27.1,29.1,25.6,3.5,85.0,8.9,14.8,191,7,2022,7689.264766061929,0,27.314285714285713,25.20000000000001,85.42857142857143,161.26530612244898
2022-07-11,131.14285714285714,27.3,29.8,25.0,0.6,83.0,8.6,14.7,192,7,2022,7689.264766061929,0,27.285714285714285,25.400000000000013,85.28571428571429,156.24489795918367
2022-07-12,131.14285714285714,27.4,29.5,25.0,2.2,84.0,8.1,13.3,193,7,2022,7689.264766061929,0,27.385714285714283,14.900000000000015,84.57142857142857,151.22448979591837
2022-07-13,131.14285714285714,27.5,29.9,25.5,0.0,84.0,5.5,8.9,194,7,2022,7689.264766061929,0,27.428571428571427,12.900000000000015,84.42857142857143,146.20408163265304
2022-07-14,131.14285714285714,26.9,29.2,24.2,4.5,87.0,7.5,15.1,195,7,2022,7689.264766061929,0,27.314285714285713,11.600000000000016,84.85714285714286,141.18367346938777
2022-07-15,131.14285714285714,27.0,29.6,25.0,8.6,86.0,7.6,13.8,196,7,2022,7689.264766061929,0,27.285714285714285,20.000000000000014,85.0,136.16326530612244
2022-07-16,131.14285714285714,27.9,30.0,25.2,0.2,83.0,11.4,18.5,197,7,2022,7689.264766061929,0,27.3,19.600000000000012,84.57142857142857,131.14285714285714
2022-07-17,148.0,28.4,31.5,25.5,0.2,83.0,9.5,13.5,198,7,2022,7689.264766061929,0,27.485714285714288,16.30000000000001,84.28571428571429,133.55102040816325
2022-07-18,148.0,28.1,30.8,25.4,1.3,84.0,7.6,11.9,199,7,2022,7689.264766061929,0,27.599999999999998,17.000000000000014,84.42857142857143,135.95918367346937
2022-07-19,148.0,27.9,30.8,26.1,2.3,84.0,8.7,14.8,200,7,2022,7689.264766061929,0,27.671428571428574,17.100000000000016,84.42857142857143,138.3673469387755
2022-07-20,148.0,26.1,28.8,23.7,11.3,88.0,8.0,14.6,201,7,2022,7689.264766061929,0,27.471428571428568,28.400000000000013,85.0,140.77551020408163
2022-07-21,148.0,26.8,29.8,23.8,11.8,86.0,6.7,12.8,202,7,2022,7689.264766061929,0,27.45714285714286,35.70000000000002,84.85714285714286,143.18367346938774
2022-07-22,148.0,25.9,28.6,24.0,14.2,89.0,5.3,9.1,203,7,2022,7689.264766061929,0,27.3,41.30000000000001,85.28571428571429,145.59183673469389
2022-07-23,148.0,26.2,30.4,23.5,11.1,90.0,3.7,6.5,204,7,2022,7689.264766061929,0,27.057142857142857,52.20000000000002,86.28571428571429,148.0
2022-07-24,156.0,26.4,29.7,24.1,3.8,88.0,3.8,7.6,205,7,2022,7689.264766061929,0,26.77142857142857,55.80000000000001,87.0,149.14285714285714
2022-07-25,156.0,27.0,29.5,23.9,3.3,83.0,5.9,10.3,206,7,2022,7689.264766061929,0,26.614285714285717,57.80000000000002,86.85714285714286,150.28571428571428
2022-07-26,156.0,26.4,29.0,24.6,0.6,85.0,6.5,10.9,207,7,2022,7689.264766061929,0,26.4,56.100000000000016,87.0,151.42857142857142
2022-07-27,156.0,27.2,30.1,24.5,8.9,83.0,11.6,20.7,208,7,2022,7689.264766061929,0,26.557142857142857,53.70000000000002,86.28571428571429,152.57142857142858
2022-07-28,156.0,26.6,28.8,25.2,13.7,88.0,7.9,11.9,209,7,2022,7689.264766061929,0,26.52857142857143,55.60000000000001,86.57142857142857,153.71428571428572
2022-07-29,156.0,26.7,28.2,25.0,7.7,86.0,9.3,15.9,210,7,2022,7689.264766061929,0,26.642857142857142,49.100000000000016,86.14285714285714,154.85714285714286
2022-07-30,156.0,26.9,29.0,25.4,3.5,85.0,11.7,18.6,211,7,2022,7689.264766061929,0,26.74285714285714,41.500000000000014,85.42857142857143,156.0
2022-07-31,128.0,26.6,29.5,25.0,10.3,89.0,7.7,13.7,212,7,2022,7689.264766061929,0,26.771428571428572,48.000000000000014,85.57142857142857,152.0
2022-08-01,128.0,26.7,28.8,24.9,12.3,88.0,6.8,11.0,213,8,2022,7689.264766061929,0,26.728571428571428,57.000000000000014,86.28571428571429,148.0
2022-08-02,128.0,25.6,27.3,24.0,18.5,90.0,7.7,15.7,214,8,2022,7689.264766061929,0,26.614285714285717,74.9,87.0,144.0
2022-08-03,128.0,25.9,27.8,24.6,12.6,88.0,6.8,14.0,215,8,2022,7689.264766061929,0,26.428571428571427,78.60000000000002,87.71428571428571,140.0
2022-08-04,128.0,25.3,27.6,23.2,22.6,90.0,8.1,13.5,216,8,2022,7689.264766061929,0,26.24285714285714,87.50000000000003,88.0,136.0
2022-08-05,128.0,26.3,28.2,24.7,1.1,85.0,8.3,13.0,217,8,2022,7689.264766061929,0,26.185714285714287,80.90000000000002,87.85714285714286,132.0
2022-08-06,128.0,26.5,29.9,23.5,0.5,84.0,7.5,14.4,218,8,2022,7689.264766061929,0,26.12857142857143,77.90000000000002,87.71428571428571,128.0
2022-08-07,125.57142857142856,26.8,29.2,24.2,1.3,85.0,11.3,18.1,219,8,2022,7689.264766061929,0,26.157142857142862,68.90000000000002,87.14285714285714,127.65306122448979
2022-08-08,125.57142857142856,27.6,30.4,24.9,8.2,81.0,11.0,18.1,220,8,2022,7689.264766061929,0,26.285714285714285,64.80000000000001,86.14285714285714,127.3061224489796
2022-08-09,125.57142857142856,27.4,30.1,24.3,0.9,82.0,10.2,15.8,221,8,2022,7689.264766061929,0,26.542857142857144,47.20000000000002,85.0,126.95918367346938
2022-08-10,125.57142857142856,27.6,29.6,25.6,4.0,82.0,9.9,15.3,222,8,2022,7689.264766061929,0,26.785714285714285,38.600000000000016,84.14285714285714,126.61224489795917
2022-08-11,125.57142857142856,28.4,30.6,26.6,0.2,80.0,11.9,18.1,223,8,2022,7689.264766061929,0,27.22857142857143,16.200000000000014,82.71428571428571,126.26530612244896
2022-08-12,125.57142857142856,27.7,30.2,26.0,2.5,85.0,8.6,12.6,224,8,2022,7689.264766061929,0,27.428571428571427,17.600000000000016,82.71428571428571,125.91836734693877
2022-08-13,125.57142857142856,26.3,28.8,23.6,13.4,87.0,7.0,18.7,225,8,2022,7689.264766061929,0,27.400000000000002,30.500000000000014,83.14285714285714,125.57142857142856
2022-08-14,97.0,27.0,29.2,24.3,10.4,87.0,5.4,10.4,226,8,2022,7689.264766061929,0,27.428571428571427,39.600000000000016,83.42857142857143,121.48979591836734
2022-08-15,97.0,26.8,28.9,24.7,9.7,87.0,5.8,12.4,227,8,2022,7689.264766061929,0,27.314285714285713,41.100000000000016,84.28571428571429,117.40816326530611
2022-08-16,97.0,26.7,29.5,23.3,11.1,86.0,7.7,14.4,228,8,2022,7689.264766061929,0,27.214285714285715,51.30000000000001,84.85714285714286,113.3265306122449
2022-08-17,97.0,27.0,30.1,24.1,11.8,84.0,8.9,14.6,229,8,2022,7689.264766061929,0,27.128571428571426,59.100000000000016,85.14285714285714,109.24489795918366
2022-08-18,97.0,26.7,28.9,25.0,9.6,87.0,5.8,15.1,230,8,2022,7689.264766061929,0,26.88571428571429,68.50000000000001,86.14285714285714,105.16326530612244
2022-08-19,97.0,27.5,29.5,25.5,2.2,82.0,8.0,15.1,231,8,2022,7689.264766061929,0,26.857142857142858,68.20000000000002,85.71428571428571,101.08163265306122
2022-08-20,97.0,26.4,28.8,24.0,34.2,88.0,7.9,15.3,232,8,2022,7689.264766061929,0,26.87142857142857,89.00000000000001,85.85714285714286,97.0
2022-08-21,94.57142857142856,25.8,28.0,23.6,18.0,88.0,8.8,15.9,233,8,2022,7689.264766061929,0,26.7,96.60000000000001,86.0,96.65306122448979
2022-08-22,94.57142857142856,27.3,29.8,25.5,1.9,82.0,8.4,13.2,234,8,2022,7689.264766061929,0,26.771428571428572,88.80000000000003,85.28571428571429,96.3061224489796
2022-08-23,94.57142857142856,26.1,27.7,24.8,19.2,87.0,5.2,11.2,235,8,2022,7689.264766061929,0,26.685714285714283,96.9,85.42857142857143,95.95918367346938
2022-08-24,94.57142857142856,26.3,28.2,24.5,7.7,87.0,8.1,14.6,236,8,2022,7689.264766061929,0,26.58571428571429,92.80000000000001,85.85714285714286,95.61224489795917
2022-08-25,94.57142857142856,26.6,28.2,24.8,20.1,86.0,11.5,20.2,237,8,2022,7689.264766061929,0,26.571428571428573,103.30000000000001,85.71428571428571,95.26530612244896
2022-08-26,94.57142857142856,25.4,27.9,23.9,27.1,89.0,6.9,14.4,238,8,2022,7689.264766061929,0,26.271428571428572,128.20000000000002,86.71428571428571,94.91836734693877
2022-08-27,94.57142857142856,25.8,29.9,23.4,12.9,89.0,5.7,11.9,239,8,2022,7689.264766061929,0,26.185714285714283,106.90000000000002,86.85714285714286,94.57142857142856
2022-08-28,83.0,25.9,28.5,23.5,1.3,89.0,5.4,10.8,240,8,2022,7689.264766061929,0,26.2,90.20000000000002,87.0,92.91836734693877
2022-08-29,83.0,25.3,27.8,23.6,32.5,89.0,5.0,7.9,241,8,2022,7689.264766061929,0,25.914285714285715,120.80000000000001,88.0,91.26530612244896
2022-08-30,83.0,26.3,28.9,24.0,18.5,85.0,7.2,12.0,242,8,2022,7689.264766061929,0,25.942857142857143,120.10000000000002,87.71428571428571,89.61224489795917
2022-08-31,83.0,27.2,29.9,24.5,1.2,84.0,7.2,11.4,243,8,2022,7689.264766061929,0,26.071428571428573,113.60000000000002,87.28571428571429,87.95918367346938
2022-09-01,83.0,27.1,29.2,25.5,8.4,86.0,4.9,10.3,244,9,2022,7689.264766061929,0,26.142857142857142,101.90000000000002,87.28571428571429,86.3061224489796
2022-09-02,83.0,26.7,28.5,24.0,9.3,85.0,7.1,12.1,245,9,2022,7689.264766061929,0,26.328571428571426,84.10000000000002,86.71428571428571,84.65306122448979
2022-09-03,83.0,26.9,28.8,24.9,9.5,85.0,9.2,15.6,246,9,2022,7689.264766061929,0,26.485714285714288,80.70000000000002,86.14285714285714,83.0
2022-09-04,81.42857142857143,27.2,29.4,25.7,2.2,85.0,5.3,10.2,247,9,2022,7689.264766061929,0,26.67142857142857,81.60000000000001,85.57142857142857,82.77551020408164
2022-09-05,81.42857142857143,26.7,29.9,25.3,11.6,87.0,5.5,13.8,248,9,2022,7689.264766061929,0,26.87142857142857,60.70000000000002,85.28571428571429,82.55102040816327
2022-09-06,81.42857142857143,27.2,30.4,24.2,3.5,84.0,6.5,13.1,249,9,2022,7689.264766061929,0,27.0,45.70000000000002,85.14285714285714,82.32653061224491
2022-09-07,81.42857142857143,25.7,26.9,24.1,25.6,90.0,6.0,11.3,250,9,2022,7689.264766061929,0,26.785714285714285,70.10000000000001,86.0,82.10204081632654
2022-09-08,81.42857142857143,27.1,29.5,24.7,0.0,83.0,6.4,9.1,251,9,2022,7689.264766061929,0,26.785714285714285,61.70000000000002,85.57142857142857,81.87755102040818
2022-09-09,81.42857142857143,26.1,27.4,24.9,14.2,89.0,5.0,10.2,252,9,2022,7689.264766061929,0,26.7,66.60000000000002,86.14285714285714,81.6530612244898
2022-09-10,81.42857142857143,26.4,28.8,24.4,7.9,87.0,8.2,11.7,253,9,2022,7689.264766061929,0,26.62857142857143,65.00000000000001,86.42857142857143,81.42857142857143
2022-09-11,77.71428571428571,26.2,29.1,24.9,16.0,88.0,6.4,12.1,254,9,2022,7689.264766061929,0,26.485714285714284,78.80000000000001,86.85714285714286,80.89795918367348
2022-09-12,77.71428571428571,26.4,29.1,23.5,1.4,86.0,5.6,11.8,255,9,2022,7689.264766061929,0,26.442857142857143,68.60000000000002,86.71428571428571,80.36734693877551
2022-09-13,77.71428571428571,26.4,28.5,23.9,10.6,85.0,9.0,15.8,256,9,2022,7689.264766061929,0,26.32857142857143,75.70000000000002,86.85714285714286,79.83673469387756
2022-09-14,77.71428571428571,26.5,28.5,25.0,0.7,82.0,12.2,18.7,257,9,2022,7689.264766061929,0,26.442857142857143,50.80000000000001,85.71428571428571,79.3061224489796
2022-09-15,77.71428571428571,26.8,29.4,24.8,1.2,83.0,7.1,11.9,258,9,2022,7689.264766061929,0,26.4,52.00000000000001,85.71428571428571,78.77551020408164
2022-09-16,77.71428571428571,26.7,29.9,23.8,1.4,86.0,7.0,13.0,259,9,2022,7689.264766061929,0,26.485714285714288,39.20000000000001,85.28571428571429,78.24489795918366
2022-09-17,77.71428571428571,26.6,28.2,25.0,10.2,86.0,8.7,18.9,260,9,2022,7689.264766061929,0,26.514285714285712,41.500000000000014,85.14285714285714,77.71428571428571
2022-09-18,67.42857142857143,25.1,27.1,23.6,39.0,91.0,7.5,12.4,261,9,2022,7689.264766061929,0,26.357142857142858,64.50000000000001,85.57142857142857,76.24489795918366
2022-09-19,67.42857142857143,26.6,29.0,25.0,1.2,85.0,8.7,12.8,262,9,2022,7689.264766061929,0,26.385714285714283,64.30000000000001,85.42857142857143,74.77551020408164
2022-09-20,67.42857142857143,26.6,28.6,24.9,0.6,84.0,6.5,9.4,263,9,2022,7689.264766061929,0,26.414285714285715,54.30000000000001,85.28571428571429,73.3061224489796
2022-09-21,67.42857142857143,26.9,29.2,24.9,5.7,86.0,7.7,14.1,264,9,2022,7689.264766061929,0,26.47142857142857,59.30000000000001,85.85714285714286,71.83673469387755
2022-09-22,67.42857142857143,25.4,26.5,23.9,10.9,87.0,11.6,26.1,265,9,2022,7689.264766061929,0,26.271428571428572,69.00000000000001,86.42857142857143,70.36734693877551
2022-09-23,67.42857142857143,26.8,29.5,24.8,11.8,85.0,6.5,11.2,266,9,2022,7689.264766061929,0,26.285714285714285,79.4,86.28571428571429,68.89795918367348
2022-09-24,67.42857142857143,26.5,29.0,23.9,13.6,86.0,7.8,11.8,267,9,2022,7689.264766061929,0,26.271428571428572,82.80000000000003,86.28571428571429,67.42857142857143
2022-09-25,60.85714285714285,26.2,28.0,24.0,15.6,86.0,9.6,18.1,268,9,2022,7689.264766061929,0,26.428571428571427,59.40000000000001,85.57142857142857,66.48979591836735
2022-09-26,60.85714285714285,26.7,29.3,25.1,5.7,86.0,9.2,15.6,269,9,2022,7689.264766061929,0,26.442857142857143,63.90000000000001,85.71428571428571,65.55102040816327
2022-09-27,60.85714285714285,27.0,29.1,25.0,5.3,85.0,7.1,12.4,270,9,2022,7689.264766061929,0,26.5,68.60000000000002,85.85714285714286,64.61224489795919
2022-09-28,60.85714285714285,26.9,29.5,24.5,1.0,84.0,7.2,13.3,271,9,2022,7689.264766061929,0,26.5,63.90000000000001,85.57142857142857,63.6734693877551
2022-09-29,60.85714285714285,26.4,29.0,24.2,15.0,87.0,6.1,10.2,272,9,2022,7689.264766061929,0,26.642857142857142,68.00000000000001,85.57142857142857,62.73469387755102
2022-09-30,60.85714285714285,27.2,29.8,24.9,8.6,88.0,4.9,12.8,273,9,2022,7689.264766061929,0,26.699999999999996,64.80000000000001,86.0,61.79591836734693
2022-10-01,60.85714285714285,26.0,29.2,23.8,26.0,90.0,3.9,7.8,274,10,2022,7689.264766061929,0,26.628571428571426,77.20000000000002,86.57142857142857,60.85714285714285
2022-10-02,56.71428571428572,25.8,29.4,24.1,12.8,88.0,4.7,7.8,275,10,2022,7689.264766061929,0,26.571428571428573,74.40000000000002,86.85714285714286,60.265306122448976
2022-10-03,56.71428571428572,26.1,29.6,23.9,14.3,90.0,3.9,9.1,276,10,2022,7689.264766061929,0,26.485714285714284,83.00000000000001,87.42857142857143,59.6734693877551
2022-10-04,56.71428571428572,26.0,28.9,23.8,5.9,89.0,5.8,10.2,277,10,2022,7689.264766061929,0,26.342857142857138,83.60000000000002,88.0,59.08163265306122
2022-10-05,56.71428571428572,25.1,26.1,24.1,24.7,90.0,6.7,10.6,278,10,2022,7689.264766061929,0,26.08571428571429,107.30000000000001,88.85714285714286,58.48979591836735
2022-10-06,56.71428571428572,26.1,29.6,24.2,17.1,89.0,5.1,11.5,279,10,2022,7689.264766061929,0,26.042857142857144,109.40000000000002,89.14285714285714,57.89795918367347
2022-10-07,56.71428571428572,25.4,27.9,23.7,39.5,91.0,5.8,12.1,280,10,2022,7689.264766061929,0,25.78571428571429,140.3,89.57142857142857,57.30612244897959
2022-10-08,56.71428571428572,25.6,28.4,22.9,1.3,87.0,8.0,15.9,281,10,2022,7689.264766061929,0,25.728571428571428,115.60000000000001,89.14285714285714,56.71428571428572
2022-10-09,53.71428571428572,25.7,28.8,22.8,9.0,87.0,5.4,9.7,282,10,2022,7689.264766061929,0,25.714285714285715,111.80000000000001,89.0,56.28571428571429
2022-10-10,53.71428571428572,25.6,27.5,24.2,5.4,84.0,7.6,16.1,283,10,2022,7689.264766061929,0,25.642857142857142,102.90000000000002,88.14285714285714,55.85714285714287
2022-10-11,53.71428571428572,26.8,30.4,23.5,2.8,84.0,4.7,11.8,284,10,2022,7689.264766061929,0,25.75714285714286,99.80000000000001,87.42857142857143,55.42857142857144
2022-10-12,53.71428571428572,25.3,28.2,22.8,5.4,86.0,10.1,17.6,285,10,2022,7689.264766061929,0,25.785714285714285,80.50000000000003,86.85714285714286,55.00000000000001
2022-10-13,53.71428571428572,26.4,29.7,23.4,0.9,85.0,8.2,13.6,286,10,2022,7689.264766061929,0,25.82857142857143,64.30000000000001,86.28571428571429,54.57142857142858
2022-10-14,53.71428571428572,26.8,29.0,24.4,11.7,87.0,10.9,15.2,287,10,2022,7689.264766061929,0,26.02857142857143,36.500000000000014,85.71428571428571,54.14285714285715
2022-10-15,53.71428571428572,27.2,29.4,25.2,8.0,84.0,12.1,17.3,288,10,2022,7689.264766061929,0,26.25714285714286,43.20000000000002,85.28571428571429,53.71428571428572
2022-10-16,53.285714285714285,26.4,29.1,23.9,15.5,86.0,8.9,15.1,289,10,2022,7689.264766061929,0,26.357142857142858,49.70000000000002,85.14285714285714,53.653061224489804
2022-10-17,53.285714285714285,26.9,29.5,24.9,1.8,88.0,6.8,10.2,290,10,2022,7689.264766061929,0,26.54285714285714,46.10000000000001,85.71428571428571,53.59183673469388
2022-10-18,53.285714285714285,27.0,29.5,24.0,4.3,86.0,5.5,11.7,291,10,2022,7689.264766061929,0,26.571428571428573,47.600000000000016,86.0,53.53061224489796
2022-10-19,53.285714285714285,26.9,29.5,24.5,16.7,87.0,6.6,12.5,292,10,2022,7689.264766061929,0,26.8,58.90000000000001,86.14285714285714,53.46938775510205
2022-10-20,53.285714285714285,27.8,30.1,25.3,5.9,84.0,5.8,9.8,293,10,2022,7689.264766061929,0,26.999999999999996,63.900000000000006,86.0,53.40816326530613
2022-10-21,53.285714285714285,26.9,29.4,24.8,19.0,88.0,5.5,7.9,294,10,2022,7689.264766061929,0,27.014285714285712,71.20000000000002,86.14285714285714,53.3469387755102
2022-10-22,53.285714285714285,26.0,28.9,23.9,12.7,91.0,7.0,13.3,295,10,2022,7689.264766061929,0,26.842857142857138,75.9,87.14285714285714,53.285714285714285
2022-10-23,44.85714285714285,25.9,29.5,23.8,6.7,87.0,9.1,15.3,296,10,2022,7689.264766061929,0,26.771428571428572,67.10000000000001,87.28571428571429,52.08163265306122
2022-10-24,44.85714285714285,25.9,28.2,24.0,9.0,90.0,7.2,11.5,297,10,2022,7689.264766061929,0,26.62857142857143,74.30000000000001,87.57142857142857,50.877551020408156
2022-10-25,44.85714285714285,25.5,28.5,23.8,34.3,91.0,6.8,10.8,298,10,2022,7689.264766061929,0,26.414285714285715,104.30000000000001,88.28571428571429,49.673469387755105
2022-10-26,44.85714285714285,25.1,27.0,23.6,16.2,92.0,6.7,13.6,299,10,2022,7689.264766061929,0,26.157142857142855,103.80000000000001,89.0,48.46938775510204
2022-10-27,44.85714285714285,26.7,29.8,24.4,0.1,85.0,11.8,20.2,300,10,2022,7689.264766061929,0,26.0,98.0,89.14285714285714,47.26530612244897
2022-10-28,44.85714285714285,26.4,30.2,24.0,5.5,87.0,8.9,13.8,301,10,2022,7689.264766061929,0,25.928571428571427,84.5,89.0,46.061224489795904
2022-10-29,44.85714285714285,26.3,29.9,23.3,1.4,88.0,7.2,13.0,302,10,2022,7689.264766061929,0,25.97142857142857,73.20000000000002,88.57142857142857,44.85714285714285
2022-10-30,45.42857142857143,26.3,30.0,23.9,15.0,89.0,5.5,8.7,303,10,2022,7689.264766061929,0,26.02857142857143,81.50000000000001,88.85714285714286,44.938775510204074
2022-10-31,45.42857142857143,26.1,28.0,24.1,7.1,88.0,9.5,16.0,304,10,2022,7689.264766061929,0,26.057142857142853,79.60000000000001,88.57142857142857,45.0204081632653
2022-11-01,45.42857142857143,26.3,29.4,24.2,8.9,91.0,5.5,9.2,305,11,2022,7689.264766061929,1,26.17142857142857,54.20000000000002,88.57142857142857,45.10204081632652
2022-11-02,45.42857142857143,26.1,29.5,23.8,17.7,89.0,5.4,10.6,306,11,2022,7689.264766061929,1,26.314285714285713,55.70000000000001,88.14285714285714,45.183673469387756
2022-11-03,45.42857142857143,25.8,28.0,23.4,3.6,88.0,5.9,10.4,307,11,2022,7689.264766061929,1,26.185714285714287,59.20000000000002,88.57142857142857,45.265306122448976
2022-11-04,45.42857142857143,27.0,30.0,24.7,4.2,85.0,6.2,14.0,308,11,2022,7689.264766061929,1,26.271428571428572,57.90000000000002,88.28571428571429,45.3469387755102
2022-11-05,45.42857142857143,25.7,27.6,24.5,9.2,90.0,6.5,12.4,309,11,2022,7689.264766061929,1,26.185714285714283,65.70000000000002,88.57142857142857,45.42857142857143
2022-11-06,42.0,26.2,29.0,24.2,22.8,88.0,4.4,8.0,310,11,2022,7689.264766061929,1,26.171428571428574,73.50000000000001,88.42857142857143,44.93877551020409
2022-11-07,42.0,25.6,29.0,23.5,9.8,91.0,5.2,8.1,311,11,2022,7689.264766061929,1,26.1,76.20000000000002,88.85714285714286,44.44897959183674
2022-11-08,42.0,25.2,28.5,23.3,11.7,92.0,6.4,14.7,312,11,2022,7689.264766061929,1,25.942857142857143,79.00000000000001,89.0,43.95918367346939
2022-11-09,42.0,25.1,28.0,22.8,14.8,92.0,7.9,15.6,313,11,2022,7689.264766061929,1,25.800000000000004,76.10000000000002,89.42857142857143,43.46938775510204
2022-11-10,42.0,25.0,28.0,23.0,22.4,91.0,6.1,10.6,314,11,2022,7689.264766061929,1,25.685714285714287,94.90000000000002,89.85714285714286,42.9795918367347
2022-11-11,42.0,25.1,28.8,23.1,57.4,92.0,5.3,10.3,315,11,2022,7689.264766061929,1,25.414285714285715,148.10000000000002,90.85714285714286,42.48979591836735
2022-11-12,42.0,25.1,28.8,22.9,20.0,91.0,5.2,11.2,316,11,2022,7689.264766061929,1,25.32857142857143,158.90000000000003,91.0,42.0
2022-11-13,45.0,25.7,28.6,22.9,3.3,90.0,5.5,9.3,317,11,2022,7689.264766061929,1,25.25714285714286,139.4,91.28571428571429,42.42857142857143
2022-11-14,45.0,26.2,29.2,24.1,7.8,88.0,4.8,12.1,318,11,2022,7689.264766061929,1,25.342857142857145,137.4,90.85714285714286,42.857142857142854
2022-11-15,45.0,26.5,29.5,24.2,0.3,87.0,7.8,14.8,319,11,2022,7689.264766061929,1,25.528571428571432,126.00000000000001,90.14285714285714,43.285714285714285
2022-11-16,45.0,26.5,30.2,23.9,12.2,89.0,6.6,11.1,320,11,2022,7689.264766061929,1,25.728571428571428,123.40000000000002,89.71428571428571,43.714285714285715
2022-11-17,45.0,26.6,29.6,24.3,2.6,86.0,10.1,17.6,321,11,2022,7689.264766061929,1,25.957142857142856,103.60000000000001,89.0,44.142857142857146
2022-11-18,45.0,26.7,30.2,24.9,5.8,85.0,10.7,18.2,322,11,2022,7689.264766061929,1,26.185714285714287,52.000000000000014,88.0,44.57142857142857
2022-11-19,45.0,25.5,28.0,23.9,12.2,89.0,10.6,15.1,323,11,2022,7689.264766061929,1,26.24285714285714,44.20000000000002,87.71428571428571,45.0
2022-11-20,37.85714285714285,26.8,29.2,24.8,1.7,85.0,13.6,21.0,324,11,2022,7689.264766061929,1,26.400000000000002,42.600000000000016,87.0,43.97959183673469
2022-11-21,37.85714285714285,27.3,30.5,25.3,0.3,84.0,11.3,19.2,325,11,2022,7689.264766061929,1,26.557142857142857,35.10000000000001,86.42857142857143,42.95918367346938
2022-11-22,37.85714285714285,27.5,30.4,24.0,8.2,84.0,11.1,18.4,326,11,2022,7689.264766061929,1,26.7,43.000000000000014,86.0,41.93877551020408
2022-11-23,37.85714285714285,26.4,28.4,24.5,2.5,87.0,10.7,16.6,327,11,2022,7689.264766061929,1,26.685714285714287,33.30000000000001,85.71428571428571,40.91836734693877
2022-11-24,37.85714285714285,27.5,30.4,23.9,8.4,83.0,8.0,19.7,328,11,2022,7689.264766061929,1,26.814285714285713,39.100000000000016,85.28571428571429,39.89795918367346
2022-11-25,37.85714285714285,26.5,28.5,23.6,17.0,86.0,8.0,13.9,329,11,2022,7689.264766061929,1,26.785714285714285,50.30000000000001,85.42857142857143,38.87755102040815
2022-11-26,37.85714285714285,26.5,30.5,23.8,9.8,87.0,5.2,9.0,330,11,2022,7689.264766061929,1,26.928571428571427,47.90000000000002,85.14285714285714,37.85714285714285
2022-11-27,34.57142857142857,26.2,29.2,23.9,15.8,89.0,5.8,10.6,331,11,2022,7689.264766061929,1,26.842857142857145,62.000000000000014,85.71428571428571,37.387755102040806
2022-11-28,34.57142857142857,26.1,29.7,23.9,7.5,87.0,4.6,9.3,332,11,2022,7689.264766061929,1,26.67142857142857,69.20000000000002,86.14285714285714,36.91836734693877
2022-11-29,34.57142857142857,26.1,29.8,23.6,6.8,88.0,5.6,12.6,333,11,2022,7689.264766061929,1,26.471428571428568,67.80000000000001,86.71428571428571,36.44897959183673
2022-11-30,34.57142857142857,25.9,30.3,23.0,13.8,87.0,6.6,16.5,334,11,2022,7689.264766061929,1,26.4,79.10000000000002,86.71428571428571,35.979591836734684
2022-12-01,34.57142857142857,25.6,29.8,23.3,6.2,89.0,8.3,15.1,335,12,2022,7689.264766061929,1,26.12857142857143,76.90000000000002,87.57142857142857,35.51020408163265
2022-12-02,34.57142857142857,25.6,28.9,23.7,11.8,90.0,8.9,12.8,336,12,2022,7689.264766061929,1,26.0,71.70000000000002,88.14285714285714,35.04081632653061
2022-12-03,34.57142857142857,26.1,29.3,23.6,10.2,87.0,8.7,14.0,337,12,2022,7689.264766061929,1,25.942857142857143,72.10000000000002,88.14285714285714,34.57142857142857
2022-12-04,46.71428571428572,26.1,28.4,24.3,5.2,89.0,6.9,12.8,338,12,2022,7689.264766061929,1,25.928571428571427,61.500000000000014,88.14285714285714,36.30612244897959
2022-12-05,46.71428571428572,25.9,29.8,23.7,4.7,90.0,4.3,6.6,339,12,2022,7689.264766061929,1,25.900000000000002,58.70000000000002,88.57142857142857,38.04081632653061
2022-12-06,46.71428571428572,25.7,29.1,23.0,2.5,90.0,5.5,11.5,340,12,2022,7689.264766061929,1,25.842857142857145,54.40000000000002,88.85714285714286,39.775510204081634
2022-12-07,46.71428571428572,25.7,29.4,23.3,10.3,89.0,6.6,12.2,341,12,2022,7689.264766061929,1,25.814285714285717,50.90000000000001,89.14285714285714,41.51020408163266
2022-12-08,46.71428571428572,25.5,29.6,23.5,22.7,91.0,8.8,14.8,342,12,2022,7689.264766061929,1,25.800000000000004,67.4,89.42857142857143,43.24489795918368
2022-12-09,46.71428571428572,25.4,28.3,23.8,16.4,90.0,9.0,15.5,343,12,2022,7689.264766061929,1,25.77142857142857,72.00000000000001,89.42857142857143,44.9795918367347
2022-12-10,46.71428571428572,25.7,28.6,23.3,12.4,90.0,5.6,9.1,344,12,2022,7689.264766061929,1,25.714285714285715,74.20000000000002,89.85714285714286,46.71428571428572
2022-12-11,41.42857142857143,24.7,26.4,23.4,23.0,92.0,5.7,12.0,345,12,2022,7689.264766061929,1,25.514285714285712,92.0,90.28571428571429,45.9591836734694
2022-12-12,41.42857142857143,25.5,28.2,23.6,17.2,90.0,4.1,8.9,346,12,2022,7689.264766061929,1,25.457142857142856,104.50000000000001,90.28571428571429,45.204081632653065
2022-12-13,41.42857142857143,25.6,29.0,23.8,13.9,88.0,12.0,17.3,347,12,2022,7689.264766061929,1,25.442857142857143,115.90000000000002,90.0,44.44897959183674
2022-12-14,41.42857142857143,25.0,27.7,23.2,12.2,91.0,7.7,12.7,348,12,2022,7689.264766061929,1,25.342857142857138,117.80000000000001,90.28571428571429,43.693877551020414
2022-12-15,41.42857142857143,24.6,26.2,23.4,9.7,93.0,8.6,12.4,349,12,2022,7689.264766061929,1,25.214285714285715,104.80000000000001,90.57142857142857,42.93877551020409
2022-12-16,41.42857142857143,25.8,29.8,23.4,16.7,88.0,7.1,11.6,350,12,2022,7689.264766061929,1,25.271428571428572,105.10000000000001,90.28571428571429,42.183673469387756
2022-12-17,41.42857142857143,25.5,29.1,23.5,13.4,90.0,7.7,12.7,351,12,2022,7689.264766061929,1,25.24285714285714,106.10000000000001,90.28571428571429,41.42857142857143
2022-12-18,38.57142857142857,25.4,29.1,23.1,17.0,91.0,7.8,12.1,352,12,2022,7689.264766061929,1,25.342857142857145,100.10000000000002,90.14285714285714,41.02040816326531
2022-12-19,38.57142857142857,24.8,26.7,23.2,7.0,91.0,9.5,12.2,353,12,2022,7689.264766061929,1,25.242857142857144,89.9,90.28571428571429,40.61224489795918
2022-12-20,38.57142857142857,25.3,28.2,22.6,5.1,90.0,7.2,13.0,354,12,2022,7689.264766061929,1,25.2,81.10000000000001,90.57142857142857,40.204081632653065
2022-12-21,38.57142857142857,25.7,29.6,23.5,11.1,89.0,9.7,13.3,355,12,2022,7689.264766061929,1,25.300000000000004,80.0,90.28571428571429,39.795918367346935
2022-12-22,38.57142857142857,25.0,27.6,23.6,5.5,89.0,11.6,17.0,356,12,2022,7689.264766061929,1,25.357142857142858,75.80000000000001,89.71428571428571,39.38775510204082
2022-12-23,38.57142857142857,24.9,28.4,23.2,13.4,90.0,10.6,20.6,357,12,2022,7689.264766061929,1,25.228571428571428,72.50000000000001,90.0,38.97959183673469
2022-12-24,38.57142857142857,25.4,28.9,22.6,1.8,83.0,12.3,21.1,358,12,2022,7689.264766061929,1,25.214285714285715,60.90000000000001,89.0,38.57142857142857
2022-12-25,40.71428571428572,25.6,29.7,23.1,4.4,80.0,12.2,17.5,359,12,2022,7689.264766061929,1,25.24285714285714,48.30000000000001,87.42857142857143,38.877551020408156
2022-12-26,40.71428571428572,25.8,29.0,23.9,1.8,82.0,15.0,20.2,360,12,2022,7689.264766061929,1,25.385714285714283,43.100000000000016,86.14285714285714,39.183673469387756
2022-12-27,40.71428571428572,25.8,29.5,22.7,2.0,81.0,10.5,15.0,361,12,2022,7689.264766061929,1,25.45714285714286,40.000000000000014,84.85714285714286,39.48979591836735
2022-12-28,40.71428571428572,25.6,29.0,23.0,2.5,83.0,10.0,14.9,362,12,2022,7689.264766061929,1,25.442857142857143,31.400000000000013,84.0,39.79591836734694
2022-12-29,40.71428571428572,25.3,28.3,23.1,3.6,85.0,9.9,15.5,363,12,2022,7689.264766061929,1,25.485714285714284,29.500000000000014,83.42857142857143,40.10204081632653
2022-12-30,40.71428571428572,25.8,29.7,23.0,1.5,81.0,13.1,19.0,364,12,2022,7689.264766061929,1,25.614285714285717,17.600000000000016,82.14285714285714,40.40816326530613
2022-12-31,40.71428571428572,26.0,30.0,23.6,0.7,79.0,13.9,22.0,365,12,2022,7689.264766061929,1,25.7,16.500000000000014,81.57142857142857,40.71428571428572
