horizon,arm,seed,rmse,mae,r2,bias,bias_sq_share,err_var,pred_mean,actual_mean,pred_sd,actual_sd,scale_ratio,var_y,n
1,A0_frozen,42,13.41553657492755,8.64826702361309,0.4389304958688668,0.1405619414740495,0.00010977903249906623,179.9568639338279,24.166746893594432,24.02618495212038,23.014483066299185,17.910170308108864,1.2849952105636502,320.7742004654644,731
1,A1_head_only,42,11.804269908265459,8.155783593327305,0.565610987838209,2.786490471116888,0.05572330437719101,131.57625892155622,26.81267542323727,24.02618495212038,17.43256973851024,17.910170308108864,0.9733335551040299,320.7742004654644,731
1,A2_full_earlystop,42,10.90324258268165,7.780810446891316,0.6293944505377966,2.707176584315269,0.06164840156229841,111.55189375813752,26.733361536435652,24.02618495212038,15.19524742574044,17.910170308108864,0.8484144575029956,320.7742004654644,731
1,A3_rescale,42,14.130977784793306,9.51219403163007,0.37749191529566106,-4.2950143787097,0.09238145900397098,181.2373846409988,19.731170573410683,24.02618495212038,6.043187749515033,17.910170308108864,0.3374165429783193,320.7742004654644,731
1,A4_recalibrate,42,11.063657551746845,8.412460086101317,0.618409091988358,3.664004109390198,0.1096767201624783,108.97959230869674,27.69018906151058,24.02618495212038,13.941977082386096,17.910170308108864,0.7784391126685065,320.7742004654644,731
1,A5_retrain_expanding,42,12.715300838767623,7.503747517622545,0.49597294549948834,3.867140343438813,0.09249677421969744,146.7241009845126,27.893325295559194,24.02618495212038,23.305813479175967,17.910170308108864,1.301261410597766,320.7742004654644,731
1,A0_frozen,49,12.04084206990069,9.121893830476024,0.5480251293841208,-1.5139509277124574,0.015809199377576705,142.68983034076894,22.512234024407924,24.02618495212038,23.503040433163424,17.910170308108864,1.312273419450533,320.7742004654644,731
1,A1_head_only,49,10.245904599324133,7.436842532727493,0.6727337768869172,1.0604381829623173,0.010711988510285354,103.85403191856699,25.0866231350827,24.02618495212038,12.921062871115959,17.910170308108864,0.7214371861816369,320.7742004654644,731
1,A2_full_earlystop,49,11.261052770749426,8.323811505327342,0.6046711072100194,1.423945883646287,0.01598928271822327,124.78368762605012,25.450130835766668,24.02618495212038,12.356555595322444,17.910170308108864,0.689918375021146,320.7742004654644,731
1,A3_rescale,49,13.76295519186006,9.35856439703486,0.40949448135701527,-4.729459611148025,0.11808633672803645,167.05114739966737,19.29672534097236,24.02618495212038,6.1714741982595465,17.910170308108864,0.34457931399264247,320.7742004654644,731
1,A4_recalibrate,49,10.051397585056241,7.929551579194909,0.6850413990081732,3.444495271649863,0.11743519735583727,89.16604573645621,27.470680223770245,24.02618495212038,12.395971626020815,17.910170308108864,0.6921191374941038,320.7742004654644,731
1,A5_retrain_expanding,49,12.629146274449873,7.561211437298401,0.5027800384506831,3.3822641288778192,0.07172442123727577,148.05562498395741,27.408449080998203,24.02618495212038,24.241116422731206,17.910170308108864,1.353483300589051,320.7742004654644,731
1,A0_frozen,56,13.14005265569596,8.569145120708397,0.46173668722758865,1.9818219764370266,0.022747573076290602,168.73336544817366,26.00800692855741,24.02618495212038,24.930947691129347,17.910170308108864,1.3919994764003898,320.7742004654644,731
1,A1_head_only,56,12.895614177973298,10.003707907348716,0.48157655825861845,2.475486745023924,0.03684997082650244,160.1688304023568,26.501671697144307,24.02618495212038,10.616630283576736,17.910170308108864,0.5927710401932937,320.7742004654644,731
1,A2_full_earlystop,56,12.265514012273778,8.034691734840509,0.5310008293466807,-0.4950876531864477,0.001629268592225802,150.1977222009467,23.531097298933936,24.02618495212038,22.645605199431618,17.910170308108864,1.2643992106082194,320.7742004654644,731
1,A3_rescale,56,13.229739201599001,9.054513547128659,0.45436385130614887,-3.8115327223625117,0.0830035637461264,160.49821764868517,20.21465222975787,24.02618495212038,6.546416809085552,17.910170308108864,0.3655139340646945,320.7742004654644,731
1,A4_recalibrate,56,9.771772662274124,7.478786315212433,0.7023216305282369,1.7695355227072502,0.03279229870764637,92.35628499704511,25.795720474827633,24.02618495212038,12.009231584147031,17.910170308108864,0.6705258173178749,320.7742004654644,731
1,A5_retrain_expanding,56,10.889468653879288,6.845595058789233,0.6303302217206013,2.2741585812637815,0.043614220302336346,113.40873031108391,26.300343533384165,24.02618495212038,22.77727701594473,17.910170308108864,1.2717510009177453,320.7742004654644,731
1,A0_frozen,63,13.350913457224962,9.263754429852424,0.444322860492949,0.1683511888198751,0.0001590048654113245,178.21854801953353,24.194536140940258,24.02618495212038,24.87358180903034,17.910170308108864,1.3887964983654444,320.7742004654644,731
1,A1_head_only,63,11.700775341843629,8.713686368270643,0.5731946540537449,1.1761705325094038,0.010104418080360741,135.52476647875244,25.202355484629788,24.02618495212038,10.476240045074704,17.910170308108864,0.5849324637818528,320.7742004654644,731
1,A2_full_earlystop,63,10.399337908243972,7.300636679734676,0.6628587063020878,0.9821620125370064,0.008919795247752509,107.18158671096937,25.008346964657388,24.02618495212038,12.331556336900155,17.910170308108864,0.6885225614698381,320.7742004654644,731
1,A3_rescale,63,13.48801694084247,9.012181612482866,0.4328515175707208,-4.287717476010093,0.10105460693151055,163.5420798423711,19.738467476110287,24.02618495212038,6.5313534735523335,17.910170308108864,0.3646728848019525,320.7742004654644,731
1,A4_recalibrate,63,9.794572164572722,7.184631879177694,0.7009309235349452,3.015309032524726,0.09477476506920332,86.84155532539761,27.041493984645108,24.02618495212038,14.822149561031736,17.910170308108864,0.8275828373514115,320.7742004654644,731
1,A5_retrain_expanding,63,12.507197910891746,7.780831014752681,0.5123360938777974,2.652307024496264,0.04497048245848128,149.39526703002264,26.678491976616648,24.02618495212038,21.903919586411735,17.910170308108864,1.2229877890382033,320.7742004654644,731
1,A0_frozen,70,11.283247655340919,7.104960181300194,0.6031112306818356,2.5012107597575475,0.0491396812933336,121.05562238702944,26.52739571187793,24.02618495212038,21.64635589111175,17.910170308108864,1.2086069266081363,320.7742004654644,731
1,A1_head_only,70,11.91427253585787,9.297171792861374,0.557477222754453,2.9132728147034457,0.05978982082607212,133.46273156580702,26.93945776682383,24.02618495212038,11.606934142249937,17.910170308108864,0.6480638621842069,320.7742004654644,731
1,A2_full_earlystop,70,10.38284711963135,7.679559583421282,0.6639271046324577,2.208011278954545,0.045224071211513936,102.92820050164654,26.234196231074925,24.02618495212038,13.755440235457174,17.910170308108864,0.7680239773727541,320.7742004654644,731
1,A3_rescale,70,13.824217787447015,9.6855774295332,0.40422578512406937,-3.6751505424238577,0.07067553956526193,177.602265925288,20.351034409696524,24.02618495212038,5.68394237350952,17.910170308108864,0.31735836542749707,320.7742004654644,731
1,A4_recalibrate,70,9.795080570245597,7.206636412895819,0.7008998752443858,1.6628910931859897,0.02882116879553024,93.17839658980554,25.689076045306372,24.02618495212038,12.167384219153044,17.910170308108864,0.6793561428974373,320.7742004654644,731
1,A5_retrain_expanding,70,11.083467048851013,6.794913839842748,0.6170413903465035,3.2220678734796317,0.0845119456898657,112.46152044165662,27.248252825600016,24.02618495212038,21.509796131634275,17.910170308108864,1.2009822219220145,320.7742004654644,731
1,A0_frozen,77,9.774341670996595,6.7415298464946,0.7021650900766054,1.224733840351131,0.015700316362986796,94.0377821216793,25.250918792471513,24.02618495212038,22.10785380306589,17.910170308108864,1.2343742925245393,320.7742004654644,731
1,A1_head_only,77,8.32083010565862,5.847810230686173,0.784159032906111,1.891533182445271,0.05167668177987414,65.65831586694333,25.917718134565654,24.02618495212038,17.444754841536174,17.910170308108864,0.9740139005622983,320.7742004654644,731
1,A2_full_earlystop,77,7.686882242262354,5.254287512029603,0.8157951651951201,0.8596631467179956,0.012507086754010585,58.349137880583235,24.885848098838377,24.02618495212038,17.173246730562017,17.910170308108864,0.9588544628627454,320.7742004654644,731
1,A3_rescale,77,13.515942164859677,9.448237283103932,0.430500668885621,-4.010330279687132,0.08803748618937596,166.5979436516562,20.01585467243325,24.02618495212038,5.805123516608305,17.910170308108864,0.3241244173976405,320.7742004654644,731
1,A4_recalibrate,77,8.490845393015054,6.533227513247803,0.7752485848816046,2.151949325526039,0.06423359283707082,67.46356958845297,26.17813427764642,24.02618495212038,13.259070348045135,17.910170308108864,0.7403095626646312,320.7742004654644,731
1,A5_retrain_expanding,77,13.291248237193601,8.003809786354829,0.4492784037919486,3.2311056499361177,0.05909772718462969,166.21723598165292,27.2572906020565,24.02618495212038,24.78084527017935,17.910170308108864,1.3836186280685323,320.7742004654644,731
1,A0_frozen,84,13.243406745970569,8.418645739799844,0.45323588373154844,-0.07176559265752439,2.93652103306295e-05,175.38267193892926,23.954419359462857,24.02618495212038,23.290904935852737,17.910170308108864,1.300429004033967,320.7742004654644,731
1,A1_head_only,84,10.783050912088843,7.659789411614206,0.6375201409465644,2.22195462954687,0.04246069144240883,111.33710459693528,26.248139581667253,24.02618495212038,16.183662361528068,17.910170308108864,0.9036018129990022,320.7742004654644,731
1,A2_full_earlystop,84,10.271756601369304,7.037853309033312,0.6710802068100444,0.7883896893826144,0.0058910462470481584,104.88742537544908,24.814574641502997,24.02618495212038,14.871723107472938,17.910170308108864,0.8303507365722669,320.7742004654644,731
1,A3_rescale,84,14.01738208453234,9.493575215303393,0.3874600880661453,-4.35076784785071,0.09633808250601535,177.5578196378767,19.675417104269673,24.02618495212038,6.115771097374789,17.910170308108864,0.3414691760136899,320.7742004654644,731
1,A4_recalibrate,84,10.945049552072996,8.441540861467395,0.6265469307584457,3.691093884569579,0.11372991626323867,106.16993563262636,27.71727883668996,24.02618495212038,12.909242554013261,17.910170308108864,0.720777208252932,320.7742004654644,731
1,A5_retrain_expanding,84,13.48128859909777,8.48918493995562,0.4334172074049615,2.6161858325373784,0.03765948417684016,174.90071398179424,26.64237078465776,24.02618495212038,25.400908506817093,17.910170308108864,1.4182393617617797,320.7742004654644,731
1,A0_frozen,91,11.240683518933167,8.600223071924411,0.6060999737838352,-3.2544358997191027,0.083823541013348,115.76161294743525,20.77174905240128,24.02618495212038,21.98441762514134,17.910170308108864,1.2274823324928326,320.7742004654644,731
1,A1_head_only,91,8.080016182090448,5.394727984357173,0.7964715946353906,-0.6513958256889786,0.006499283497694936,64.8623449811185,23.374789126431406,24.02618495212038,15.744271510765122,17.910170308108864,0.8790687771202752,320.7742004654644,731
1,A2_full_earlystop,91,8.622651961114366,5.753627322821349,0.7682166248575399,-0.430961534107693,0.0024980165033728903,74.16439899862895,23.59522341801269,24.02618495212038,15.527989212523543,17.910170308108864,0.8669928283983551,320.7742004654644,731
1,A3_rescale,91,14.15117179777593,9.640268570349154,0.375711441382802,-5.186479497942421,0.13432613662951867,173.35609366759178,18.83970545417796,24.02618495212038,5.772711335245958,17.910170308108864,0.3223147092371507,320.7742004654644,731
1,A4_recalibrate,91,9.429955933453844,7.198924593711258,0.7227829770042393,2.5298597868996358,0.07197365820129036,82.52387836550949,26.556044739020017,24.02618495212038,13.04237879788096,17.910170308108864,0.7282107636897232,320.7742004654644,731
1,A5_retrain_expanding,91,12.171823775963102,8.054675022560986,0.5381383732914913,0.9409710559490114,0.005976421475556083,147.26786750496683,24.967156008069395,24.02618495212038,24.829521541282304,17.910170308108864,1.3863364286402509,320.7742004654644,731
1,A0_frozen,98,10.475443662347898,7.5821107407618165,0.6579060293384189,-0.6054976778137369,0.0033410279799265764,109.36829248518688,23.420687274306644,24.02618495212038,21.548807478548103,17.910170308108864,1.2031603892003104,320.7742004654644,731
1,A1_head_only,98,10.10417449095578,7.0090883408907825,0.681725207340441,0.0002895922325553401,8.214329941845499e-10,102.09434205981783,24.026474544352936,24.02618495212038,12.279035284125879,17.910170308108864,0.6855900905959851,320.7742004654644,731
1,A2_full_earlystop,98,10.552049419255047,7.730195360843852,0.6528843442370651,-0.2699699648834923,0.000654571763520331,111.27286316446161,23.756214987236888,24.02618495212038,10.357041501072073,17.910170308108864,0.5782771086427304,320.7742004654644,731
1,A3_rescale,98,13.982761030854842,9.617515772459184,0.39048213427924094,-4.490916148981806,0.1031535126941011,175.3492781888072,19.535268803138575,24.02618495212038,5.658328005298191,17.910170308108864,0.31592820771427127,320.7742004654644,731
1,A4_recalibrate,98,10.500179234522205,7.953855581495961,0.6562885550112638,1.7732199501486394,0.02851883580889673,107.10945496548615,25.79940490226902,24.02618495212038,10.006258455562103,17.910170308108864,0.5586914185306071,320.7742004654644,731
1,A5_retrain_expanding,98,13.738106826198925,7.916373484627949,0.4116248161660577,4.557125867236721,0.1100343467902593,167.96818299821544,28.583310819357102,24.02618495212038,23.65505133344124,17.910170308108864,1.3207608261955706,320.7742004654644,731
1,A0_frozen,105,12.20266507860256,8.095338618377394,0.5357948525645906,2.735080181582095,0.0502378149849059,141.42437142086334,26.761265133702477,24.02618495212038,22.946364749791204,17.910170308108864,1.2811918789740482,320.7742004654644,731
1,A1_head_only,105,13.163829499623162,10.629666670890838,0.4597869565454483,2.3204038545224965,0.031071531450972002,167.90213304706612,26.34658880664288,24.02618495212038,9.823771472818507,17.910170308108864,0.5485024041547375,320.7742004654644,731
1,A2_full_earlystop,105,9.83301827262226,7.357277270296987,0.698578476045074,0.8001360731070094,0.006621463791250263,96.04803061423615,24.82632102522739,24.02618495212038,14.488585468611266,17.910170308108864,0.8089585536800581,320.7742004654644,731
1,A3_rescale,105,13.593556950081572,9.66930164526484,0.42394123253373817,-3.613740773509138,0.07067206310049427,171.72566817698856,20.412444178611246,24.02618495212038,6.025301071172689,17.910170308108864,0.3364178546333935,320.7742004654644,731
1,A4_recalibrate,105,11.322375619064514,9.563471905726315,0.6003538019168454,4.46822567099429,0.1557381752141779,108.23114901225416,28.494410623114675,24.02618495212038,10.47830612300082,17.910170308108864,0.5850478215864171,320.7742004654644,731
1,A5_retrain_expanding,105,13.454319887131161,7.947751330765229,0.4356817868688222,2.6570515480234587,0.03900106457202398,173.95880069639918,26.683236500143842,24.02618495212038,25.24133113117605,17.910170308108864,1.4093294869311204,320.7742004654644,731
1,A0_frozen,112,7.821028407030292,5.669566272738466,0.8093098345976225,-1.45302616529843,0.034515895320655215,59.05720030653293,22.573158786821953,24.02618495212038,20.053934527615006,17.910170308108864,1.1196953564721575,320.7742004654644,731
1,A1_head_only,112,7.319453190321374,4.9812797797833195,0.8329840899686889,0.594200273961017,0.00659034909382329,53.22132103973041,24.6203852260814,24.02618495212038,15.18806551261208,17.910170308108864,0.8480134611414418,320.7742004654644,731
1,A2_full_earlystop,112,7.1536265912816175,5.016737581712799,0.840466055769965,0.9562409163092789,0.017868253759412908,50.25997671746745,24.98242586842966,24.02618495212038,14.497997678200266,17.910170308108864,0.809484076856392,320.7742004654644,731
1,A3_rescale,112,14.014185221332767,9.718916321184858,0.3877394530706141,-4.71346173753647,0.11312126827815584,174.18066586660137,19.31272321458391,24.02618495212038,5.265801375549085,17.910170308108864,0.2940117980433153,320.7742004654644,731
1,A4_recalibrate,112,7.995058834799555,6.215939191521307,0.8007290933025384,2.7844771335210434,0.12129530293344201,56.16765286480486,26.810662085641425,24.02618495212038,13.490934267321489,17.910170308108864,0.7532554987047467,320.7742004654644,731
1,A5_retrain_expanding,112,11.870374232128546,7.332154738167113,0.5607321779422477,3.7320733469179,0.0988488267179275,126.9774129440064,27.758258299038282,24.02618495212038,21.776400182489127,17.910170308108864,1.215867845356547,320.7742004654644,731
1,A0_frozen,119,8.976727848364355,6.106057593037493,0.7487901372782759,1.410733359383559,0.0246975432685874,78.59147425232253,25.43691831150394,24.02618495212038,20.060254229947162,17.910170308108864,1.1200482119851671,320.7742004654644,731
1,A1_head_only,119,9.323607432393558,6.894509881619976,0.7290004762626053,1.156240848860631,0.015379019876053147,85.59276265281046,25.18242580098101,24.02618495212038,14.41875154745356,17.910170308108864,0.8050594326802936,320.7742004654644,731
1,A2_full_earlystop,119,9.666349846583126,6.803119707385689,0.7087099921971516,1.0692956954037618,0.012236877675914817,92.2949260723286,25.095480647524145,24.02618495212038,13.47506519045339,17.910170308108864,0.7523694615205602,320.7742004654644,731
1,A3_rescale,119,13.962604724628545,9.969141361089413,0.392238121353501,-3.9614902004904677,0.08049785071476918,179.2609260876373,20.064694751629915,24.02618495212038,5.267460785430891,17.910170308108864,0.29410444986366424,320.7742004654644,731
1,A4_recalibrate,119,8.681724695601426,6.404238884671443,0.7650299070784201,1.798999795599024,0.04293883016119423,72.13594342565035,25.825184747719405,24.02618495212038,12.98519988446824,17.910170308108864,0.7250182249014777,320.7742004654644,731
1,A5_retrain_expanding,119,11.878120084955313,8.02148411582576,0.560158714298443,2.404346411523415,0.04097308422044541,135.30885508601332,26.430531363643798,24.02618495212038,24.383957875401553,17.910170308108864,1.3614587385783634,320.7742004654644,731
1,A0_frozen,126,10.6678329038857,7.470899911794911,0.6452250252667102,-0.3177171969135862,0.0008870110612632714,113.70171464801176,23.708467755206797,24.02618495212038,20.33667499132267,17.910170308108864,1.1354819435812513,320.7742004654644,731
1,A1_head_only,126,12.447041105209896,9.304847795597603,0.5170159194537063,0.6144384888634651,0.0024368263224705373,154.551297618188,24.64062344098385,24.02618495212038,9.997317688710844,17.910170308108864,0.5581922179815643,320.7742004654644,731
1,A2_full_earlystop,126,10.155285382985669,7.152824572939683,0.6784971451562056,0.8421818516242043,0.006877450798268306,102.4205509386772,24.868366803744586,24.02618495212038,12.813756954651979,17.910170308108864,0.7154458463664372,320.7742004654644,731
1,A3_rescale,126,14.346196324008668,9.972708380354478,0.35838559127152014,-4.415350116791313,0.09472328569404381,186.31803231315067,19.61083483532907,24.02618495212038,5.340043962305101,17.910170308108864,0.298157073352194,320.7742004654644,731
1,A4_recalibrate,126,11.23538109480944,8.8518744719958,0.6064715049950156,2.562797639104214,0.05202990281030406,119.66585660660323,26.588982591224596,24.02618495212038,9.625409052035744,17.910170308108864,0.5374269974237945,320.7742004654644,731
1,A5_retrain_expanding,126,13.459097092338606,8.304287076340556,0.43528097247802067,2.465777099466911,0.03356415959543577,175.06723783674204,26.491962051587294,24.02618495212038,25.263440632048553,17.910170308108864,1.4105639531864465,320.7742004654644,731
1,A0_frozen,133,10.113714486757823,7.325124699378372,0.6811239165393301,-0.2535466230436806,0.0006284840824157945,102.22293482959822,23.772638329076702,24.02618495212038,21.765361353401882,17.910170308108864,1.215251501184641,320.7742004654644,731
1,A1_head_only,133,11.465368109221384,8.42374514774265,0.5901956401443713,0.10227028429107067,7.956515639032666e-05,131.44420666890173,24.128455236411455,24.02618495212038,10.171545666043064,17.910170308108864,0.5679200974117973,320.7742004654644,731
1,A2_full_earlystop,133,9.542812502891902,6.581847678411772,0.7161078717265654,-1.154866317627954,0.0146457173495029,89.73155425375846,22.87131863449243,24.02618495212038,12.067730301601799,17.910170308108864,0.6737920463066792,320.7742004654644,731
1,A3_rescale,133,13.820404965330452,9.655852007284308,0.404554377725603,-4.398500054944163,0.10129025526890088,171.65679067238676,19.627684897176216,24.02618495212038,5.715191098256707,17.910170308108864,0.31910311292065957,320.7742004654644,731
1,A4_recalibrate,133,9.611713508668679,7.453082123593853,0.7119935567178806,2.594551253506391,0.07286565505413321,85.6533403656524,26.620736205626773,24.02618495212038,11.684990820335956,17.910170308108864,0.6524220942246179,320.7742004654644,731
1,A5_retrain_expanding,133,10.571740126535607,6.4786793112957035,0.6515876615362783,1.403276697319021,0.017619503619883688,109.79250381376451,25.429461649439403,24.02618495212038,20.92694630150366,17.910170308108864,1.1684392689459209,320.7742004654644,731
1,A0_frozen,140,10.271187308234616,7.138315133282391,0.6711166653435459,2.6068445332481507,0.06441528974747351,98.70165030031409,26.63302948536853,24.02618495212038,21.48535213690317,17.910170308108864,1.1996174110737314,320.7742004654644,731
1,A1_head_only,140,9.54514856721377,7.062187429655104,0.7159688620906024,0.47088024106632465,0.0024336355974960426,90.88813296875641,24.497065193186707,24.02618495212038,11.417309050527763,17.910170308108864,0.6374762972163673,320.7742004654644,731
1,A2_full_earlystop,140,9.851164069772599,7.553386153982765,0.6974649663571466,2.4447674484733035,0.061588553523159444,91.068545652464,26.470952400593685,24.02618495212038,12.562591298599072,17.910170308108864,0.7014222133282192,320.7742004654644,731
1,A3_rescale,140,13.652135242084686,9.845024949249392,0.4189657509933157,-3.6474130919220333,0.07137871766268816,173.07717440504646,20.37877186019835,24.02618495212038,5.641665621952342,17.910170308108864,0.31499787689891856,320.7742004654644,731
1,A4_recalibrate,140,9.697859126005977,7.958281106799084,0.7068078683030403,3.8630865465845194,0.15867815189441045,79.12503396145506,27.889271498704904,24.02618495212038,12.51944934182048,17.910170308108864,0.6990134167597656,320.7742004654644,731
1,A5_retrain_expanding,140,12.14215868436317,7.529024620587393,0.5403869223200544,2.9603717827031124,0.05944299779292175,138.66821642443114,26.986556734823495,24.02618495212038,24.545838581930973,17.910170308108864,1.3704972180425217,320.7742004654644,731
1,A0_frozen,147,11.222317604585214,7.515736876859026,0.6073860920378402,0.9153584541195561,0.006652996313415047,125.1025313186551,24.941543406239937,24.02618495212038,22.938256946452583,17.910170308108864,1.2807391862749202,320.7742004654644,731
1,A1_head_only,147,9.452635174098795,7.391656048863694,0.7214479481050731,1.15527649169588,0.01493709279989643,88.0176479623446,25.18146144381626,24.02618495212038,14.204289632910593,17.910170308108864,0.7930851236227259,320.7742004654644,731
1,A2_full_earlystop,147,8.893511846832347,6.582378975777685,0.7534260771128852,1.4964537712765131,0.028312618321823396,76.85517908017961,25.522638723396895,24.02618495212038,16.842339239472082,17.910170308108864,0.9403785083968007,320.7742004654644,731
1,A3_rescale,147,13.573975088466074,9.553697467665144,0.4255996915121768,-4.091566779781398,0.09085842245251899,167.51188098888687,19.934618172338983,24.02618495212038,6.023172250891604,17.910170308108864,0.3362989936597421,320.7742004654644,731
1,A4_recalibrate,147,10.152024812710632,8.319771723645752,0.678703562667009,2.7070025120078953,0.0711003889402648,95.73574519787532,26.733187464128278,24.02618495212038,10.987726037887924,17.910170308108864,0.6134908741159882,320.7742004654644,731
1,A5_retrain_expanding,147,8.761715094490418,5.648893158121802,0.7606800943292,0.8586822933358799,0.009604765385816876,76.03031611613264,24.884867245456263,24.02618495212038,21.415984951093424,17.910170308108864,1.1957443498679237,320.7742004654644,731
1,A0_frozen,154,12.39099373807682,9.103797052728364,0.5213557524443453,0.058993938447089514,2.2667441649405708e-05,153.5332455322854,24.085178890567473,24.02618495212038,25.012777568432906,17.910170308108864,1.3965683819940184,320.7742004654644,731
1,A1_head_only,154,9.233780835635507,7.046095458989594,0.73419711311936,1.4313519311750975,0.024028891251852477,83.21394016967089,25.45753688329548,24.02618495212038,14.473156443159183,17.910170308108864,0.8080970864138816,320.7742004654644,731
1,A2_full_earlystop,154,10.675440974041857,8.179013715305146,0.6447188089787739,1.1356974144722967,0.011317581403467118,112.67523137301269,25.16188236659268,24.02618495212038,11.043724095691704,17.910170308108864,0.616617480778038,320.7742004654644,731
1,A3_rescale,154,13.204059152458425,8.934881933564526,0.4564800478073612,-4.316432690563279,0.10686488519649925,155.71558692945777,19.709752261557103,24.02618495212038,6.567903841367146,17.910170308108864,0.3667136452853,320.7742004654644,731
1,A4_recalibrate,154,10.829234777363894,8.89841784536046,0.6344084851802365,3.1300692487432267,0.08354343985085688,107.47499236133967,27.15625420086361,24.02618495212038,9.692599322658113,17.910170308108864,0.5411785123154172,320.7742004654644,731
1,A5_retrain_expanding,154,11.098275941078235,7.083678665376656,0.6160173458913287,1.4484253801416274,0.01703261049578569,121.07379278247755,25.47461033226201,24.02618495212038,22.7585063383182,17.910170308108864,1.2707029551815172,320.7742004654644,731
1,A0_frozen,161,9.568924121127372,7.10568982849356,0.7145521407175905,-1.5171743842465437,0.025138813818158426,89.26249072367938,22.50901056787384,24.02618495212038,21.29203488735186,17.910170308108864,1.1888236974336224,320.7742004654644,731
1,A1_head_only,161,8.47241914251685,5.5927158233741725,0.7762230066435338,-2.7803643688212336,0.10769326971694518,64.05146010307527,21.24582058329915,24.02618495212038,16.145706874905212,17.910170308108864,0.9014825988335361,320.7742004654644,731
1,A2_full_earlystop,161,8.264848176811926,5.5491513707371,0.7870535869573287,-2.7827107543413026,0.11336170590097039,60.564236243424666,21.24347419777908,24.02618495212038,14.857853548620518,17.910170308108864,0.8295763408734085,320.7742004654644,731
1,A3_rescale,161,13.949038646846718,9.604888831052767,0.39341855146429716,-4.730305918174565,0.11499789786074444,172.19988509170594,19.295879033945816,24.02618495212038,5.590904134380228,17.910170308108864,0.3121636499374289,320.7742004654644,731
1,A4_recalibrate,161,9.0156934598184,6.204942175629038,0.7466045322738994,-0.21643553540899008,0.0005763135885919904,81.23588422042452,23.80974941671139,24.02618495212038,11.710912663263363,17.910170308108864,0.6538694195421036,320.7742004654644,731
1,A5_retrain_expanding,161,9.355653005582036,6.045841935594823,0.7271344047188117,2.5537303851747324,0.0745078233568523,81.0067042806915,26.579915337295116,24.02618495212038,21.81605671826007,17.910170308108864,1.2180820362374114,320.7742004654644,731
1,A0_frozen,168,9.74228129128553,6.769771282850963,0.7041157156005425,0.5127625117305864,0.0027702004956818116,94.6491193650958,24.538947463850967,24.02618495212038,19.59410263398974,17.910170308108864,1.0940210113534472,320.7742004654644,731
1,A1_head_only,168,13.79125194724534,10.923956381720297,0.40706381624080834,0.6106196559650313,0.00196035252050373,189.8257739081475,24.636804608085413,24.02618495212038,8.186552679827106,17.910170308108864,0.45708960545844884,320.7742004654644,731
1,A2_full_earlystop,168,11.150741557533244,8.012505309824807,0.6123783112779181,0.18783640707410107,0.00028376056782739793,124.30375476707644,24.214021359194483,24.02618495212038,10.509280943436432,17.910170308108864,0.5867772758519406,320.7742004654644,731
1,A3_rescale,168,14.306426271631329,10.026232802672588,0.361937985135251,-4.197281166800982,0.0860743601843988,187.05666347244085,19.8289037853194,24.02618495212038,5.145057763415434,17.910170308108864,0.2872701752638276,320.7742004654644,731
1,A4_recalibrate,168,10.491638892495752,8.050900732605564,0.6568474444303682,2.4063237539476647,0.05260432444437776,104.28409264171673,26.432508706068045,24.02618495212038,10.48297145095723,17.910170308108864,0.5853083064325214,320.7742004654644,731
1,A5_retrain_expanding,168,16.367347000285903,9.299675220086637,0.16486410865012846,3.318819937815321,0.0411159946737625,256.8754820481275,27.345004889935705,24.02618495212038,26.148190238471237,17.910170308108864,1.4599632381291536,320.7742004654644,731
1,A0_frozen,175,7.980195967655154,5.2088689082285295,0.8014692965027406,0.42685342104920965,0.0028610827586487415,63.501323839118164,24.453038373169594,24.02618495212038,19.619910307640918,17.910170308108864,1.0954619621209278,320.7742004654644,731
1,A1_head_only,175,9.419153988316786,7.241614874553551,0.7234177133731927,0.42614561369096327,0.002046879381258947,88.53886177155599,24.452330565811344,24.02618495212038,10.883337572126006,17.910170308108864,0.6076624278217251,320.7742004654644,731
1,A2_full_earlystop,175,7.567250095071229,5.814320746018688,0.8214841657519129,1.0123105108738606,0.017895808234810996,56.23850143092982,25.03849546299424,24.02618495212038,13.201456250423819,17.910170308108864,0.7370927257149997,320.7742004654644,731
1,A3_rescale,175,14.017449712477072,10.134969308983088,0.387454177559463,-4.219839289062749,0.09062620813685479,178.681852816306,19.806345663057634,24.02618495212038,5.151834462585235,17.910170308108864,0.28764854682887814,320.7742004654644,731
1,A4_recalibrate,175,9.209834337954916,7.3566736927643035,0.7355739694480024,2.6313731772384967,0.08163215284035516,77.89692373468326,26.65755812935888,24.02618495212038,11.368271934632771,17.910170308108864,0.6347383491649862,320.7742004654644,731
1,A5_retrain_expanding,175,10.861824581898736,6.911909265364765,0.6322047313133536,3.0580840532415055,0.07926715422057815,108.62735517124968,27.08426900536189,24.02618495212038,22.337834429766644,17.910170308108864,1.2472150764335919,320.7742004654644,731
1,A0_frozen,182,14.055090634454507,9.13742787035487,0.3841600338927531,-0.2957481373268988,0.0004427685192734787,197.45810578199843,23.730436814793485,24.02618495212038,23.642542870678284,17.910170308108864,1.3200624262056335,320.7742004654644,731
1,A1_head_only,182,10.147167210588623,7.05564205716886,0.6790109608246675,1.6857371292020338,0.027598791847161793,100.12329273087461,25.711922081322417,24.02618495212038,16.145075506830572,17.910170308108864,0.9014473469032764,320.7742004654644,731
1,A2_full_earlystop,182,10.435664134332168,7.384715131366693,0.660499236638853,1.206039187446731,0.01335619196929282,107.44855540292957,25.232224139567112,24.02618495212038,12.624746275368151,17.910170308108864,0.7048925866244987,320.7742004654644,731
1,A3_rescale,182,14.12809996103157,9.62497222973449,0.3777454414374257,-4.409581536543776,0.0974153144765744,180.15879918147246,19.616603415576606,24.02618495212038,6.208104875051673,17.910170308108864,0.3466245584633521,320.7742004654644,731
1,A4_recalibrate,182,12.099800260756165,9.300187530415297,0.543588087390596,5.38495333846232,0.1980648851424762,117.40744389277849,29.411138290582702,24.02618495212038,16.62807098672552,17.910170308108864,0.9284150122903705,320.7742004654644,731
1,A5_retrain_expanding,182,12.991654867683794,7.664807517978758,0.4738258377509891,3.1113269127753136,0.05735381904969416,159.10274104285205,27.137511864895696,24.02618495212038,24.496054704925545,17.910170308108864,1.3677175751832416,320.7742004654644,731
1,A0_frozen,189,10.278338600877694,7.0350961897102495,0.6706585372483331,-0.1642980359402297,0.000255516471991307,105.61725054967863,23.861886916180154,24.02618495212038,21.48445574828838,17.910170308108864,1.1995673619340879,320.7742004654644,731
1,A1_head_only,189,11.80915286674566,9.020778732560727,0.5652515344818652,0.5650751294826202,0.0022896805631448143,139.1367815282074,24.591260081603004,24.02618495212038,9.576889040465787,17.910170308108864,0.5347179214778227,320.7742004654644,731
1,A2_full_earlystop,189,9.000971936371124,5.905009693153059,0.7474313841893181,-0.6167253501192806,0.004694666920115361,80.63714564186078,23.409459602001103,24.02618495212038,17.550838485590145,17.910170308108864,0.9799369957774198,320.7742004654644,731
1,A3_rescale,189,13.929886459632177,9.577482362017127,0.3950830942866459,-4.3750650545884735,0.09864472741633062,174.9005425463626,19.65111989753191,24.02618495212038,5.641430387376113,17.910170308108864,0.31498474276494987,320.7742004654644,731
1,A4_recalibrate,189,9.656694123888082,7.4315157639677,0.7092916410764325,2.1803109995725882,0.05097766522500786,88.49798534747737,26.20649595169297,24.02618495212038,11.778292632147666,17.910170308108864,0.6576315260840944,320.7742004654644,731
1,A5_retrain_expanding,189,11.126052374969595,6.791273843183923,0.6140929000183288,1.8493386578054996,0.02762807944206917,120.36898797931275,25.87552360992588,24.02618495212038,22.663332922649285,17.910170308108864,1.2653890238211982,320.7742004654644,731
1,A0_frozen,196,12.36212103416704,8.543295992554066,0.5235837662703535,1.5871441639155277,0.01648339896095084,150.30300986634404,25.61332911603591,24.02618495212038,22.976889801991806,17.910170308108864,1.2828962207907635,320.7742004654644,731
1,A1_head_only,196,11.00730822798121,6.726545533512393,0.6222862242350833,-0.8637049017868346,0.006156990919599188,120.41484826841226,23.16248005033355,24.02618495212038,18.864212070330268,17.910170308108864,1.0532681569080034,320.7742004654644,731
1,A2_full_earlystop,196,10.629634398421858,7.02921123051676,0.6477611750566018,0.34395850904180436,0.0010470693828552515,112.87081998817098,24.370143461162186,24.02618495212038,12.273283236913564,17.910170308108864,0.6852689296514848,320.7742004654644,731
1,A3_rescale,196,13.751877714600887,9.516876816731045,0.41044466667543855,-3.915168040664609,0.08105444009496286,173.78559989069498,20.111016911455774,24.02618495212038,6.0333164982027885,17.910170308108864,0.33686538957539636,320.7742004654644,731
1,A4_recalibrate,196,11.421369989444727,9.016980193979077,0.5933348372577953,2.3769280803758694,0.04331074773178036,124.7979053365093,26.403113032496254,24.02618495212038,9.281568127459888,17.910170308108864,0.5182289150683085,320.7742004654644,731
1,A5_retrain_expanding,196,13.986738551693161,8.276500090392148,0.39013531939429846,2.38040370793584,0.028964652498102095,189.96253350066496,26.406588660056222,24.02618495212038,24.946397699940466,17.910170308108864,1.3928621152555951,320.7742004654644,731
1,A0_frozen,203,11.009932889966578,8.055846945858654,0.6221060731640149,-2.5318177037378664,0.05288049613520814,114.80852135660732,21.494367248382517,24.02618495212038,21.39366745864917,17.910170308108864,1.1944982705699423,320.7742004654644,731
1,A1_head_only,203,8.727559931118549,5.696040105549908,0.7625423047092381,-1.1528123210212917,0.017447433008337128,74.84132610376753,22.87337263109909,24.02618495212038,15.896666423567327,17.910170308108864,0.8875776248967371,320.7742004654644,731
1,A2_full_earlystop,203,8.678890381086147,5.685034789527654,0.765183302966352,-0.7318844474698539,0.007111424947436124,74.7874834024614,23.29430050465053,24.02618495212038,17.202931810670076,17.910170308108864,0.960511905511106,320.7742004654644,731
1,A3_rescale,203,14.249039351142999,9.694895195742085,0.36704659496990577,-4.996732970016207,0.12297054851779678,178.06778205677475,19.029451982104174,24.02618495212038,5.617591067120774,17.910170308108864,0.31365369343123434,320.7742004654644,731
1,A4_recalibrate,203,9.392055555841294,6.872881962320351,0.7250068508127842,2.5978722931993654,0.07650931092323027,81.4617671122364,26.624057245319747,24.02618495212038,14.38607211676291,17.910170308108864,0.8032348028678202,320.7742004654644,731
1,A5_retrain_expanding,203,10.51340699375933,6.373675709619274,0.6554220181796453,1.5056918623917739,0.02051092526890703,108.26461863195479,25.531876814512156,24.02618495212038,20.745220514424506,17.910170308108864,1.1582927553197007,320.7742004654644,731
1,A0_frozen,210,10.296660011549116,7.443386030389705,0.6694833710454552,-0.7437938233976972,0.0052180999002547045,105.4679781417101,23.282391128722686,24.02618495212038,22.507249601443878,17.910170308108864,1.256674236718658,320.7742004654644,731
1,A1_head_only,210,8.737404512762353,6.222912747703791,0.7620063037835888,0.9422662177507276,0.011630070755037024,75.45437199452567,24.96845116987111,24.02618495212038,16.753253398491662,17.910170308108864,0.9354044718886115,320.7742004654644,731
1,A2_full_earlystop,210,8.282713935729067,5.708374694654097,0.7861319581139239,-0.3055740028089106,0.0013610920020754398,68.50997466992783,23.72061094931147,24.02618495212038,17.79723525011613,17.910170308108864,0.9936943615806042,320.7742004654644,731
1,A3_rescale,210,13.661799422046538,9.417644838546565,0.41814284572326166,-4.527230192217323,0.10981188453759615,166.148950234907,19.498954759903057,24.02618495212038,5.909997583182881,17.910170308108864,0.32997997682395674,320.7742004654644,731
1,A4_recalibrate,210,8.809646952871347,6.782404298231801,0.7580544840525878,2.9076405629169773,0.10893424528876088,69.15550579111525,26.93382551503736,24.02618495212038,13.679554956153211,17.910170308108864,0.7637869836424597,320.7742004654644,731
1,A5_retrain_expanding,210,15.1605249636466,8.135868959168565,0.2834787933698014,3.495466767282134,0.05315962090503648,217.6232292521779,27.521651719402517,24.02618495212038,25.337728261496572,17.910170308108864,1.4147117434179208,320.7742004654644,731
1,A0_frozen,217,11.671558887839623,7.595060372791212,0.5753234310158475,1.8230270668436828,0.02439655487427913,132.90185918586343,25.849212018964067,24.02618495212038,24.041904385824413,17.910170308108864,1.3423604562229872,320.7742004654644,731
1,A1_head_only,217,8.126828241288436,5.436757784200269,0.7941064550466741,0.504535981071045,0.003854269911289794,65.79078070720797,24.53072093319143,24.02618495212038,17.078087497461734,17.910170308108864,0.9535413233747754,320.7742004654644,731
1,A2_full_earlystop,217,7.693061276755395,5.124029101272876,0.8154989032096888,-0.14246247493936906,0.00034292771555346655,59.16289625114749,23.883722477181013,24.02618495212038,15.873886959156632,17.910170308108864,0.8863057517643872,320.7742004654644,731
1,A3_rescale,217,13.204827043173136,9.104759079966826,0.4564168284509852,-3.8532293843260206,0.08514992948361674,159.52008055188307,20.17295556779436,24.02618495212038,6.312970053023415,17.910170308108864,0.35247962160165536,320.7742004654644,731
1,A4_recalibrate,217,8.889108496952662,6.93616016647819,0.7536701837119748,2.72506527446533,0.09398042506773284,71.5902691204992,26.75125022658571,24.02618495212038,13.801725465193005,17.910170308108864,0.7706082760667132,320.7742004654644,731
1,A5_retrain_expanding,217,9.31316240457786,6.673408457275683,0.7296073255012894,1.9090363996544881,0.04201787315851375,83.09057399883672,25.93522135177487,24.02618495212038,19.91572291697378,17.910170308108864,1.1119784220006494,320.7742004654644,731
1,A0_frozen,224,11.043287538954019,8.140217342842718,0.6198129416547417,-1.8293660964668366,0.027441287991822747,118.60761935311481,22.196818855653547,24.02618495212038,22.28981149612089,17.910170308108864,1.2445337544349948,320.7742004654644,731
1,A1_head_only,224,11.951791413853586,9.365149843264476,0.5546857640265757,1.7945158029141415,0.022543874815012327,139.62503103335573,25.820700755034522,24.02618495212038,9.349914889981648,17.910170308108864,0.5220450017579372,320.7742004654644,731
1,A2_full_earlystop,224,10.028470075008437,7.452731235263057,0.6864766184456051,1.286190903227634,0.01644907578398781,98.9159250057942,25.312375855348016,24.02618495212038,11.513914950932275,17.910170308108864,0.6428702102134298,320.7742004654644,731
1,A3_rescale,224,13.951463584809122,9.495499718196674,0.39320763366937006,-4.812281839408821,0.11897687821727047,171.48527965635108,19.21390311271156,24.02618495212038,5.852902267726887,17.910170308108864,0.3267921056606019,320.7742004654644,731
1,A4_recalibrate,224,9.889536952866065,7.748917213333484,0.6951034684205122,3.587773466656604,0.13161279505227266,84.93082269405829,27.613958418776985,24.02618495212038,12.515267272694762,17.910170308108864,0.698779914283029,320.7742004654644,731
1,A5_retrain_expanding,224,15.268895450531335,8.101003078373022,0.27319850555014624,4.828407538825999,0.09999829515161764,209.82564891826476,28.85459249094638,24.02618495212038,25.305183286228598,17.910170308108864,1.4128946208161755,320.7742004654644,731
1,A0_frozen,231,11.43354872902314,7.913686874092718,0.5924671112911992,-0.8085551525189018,0.005001004023174007,130.0722751042818,23.21762979960148,24.02618495212038,22.081123613537542,17.910170308108864,1.2328818338226673,320.7742004654644,731
1,A1_head_only,231,10.408417809814148,7.029222232671443,0.6622697176192632,-0.34860195041348513,0.0011217347938538998,108.21363798382427,23.677583001706896,24.02618495212038,16.020387687539092,17.910170308108864,0.8944855024793277,320.7742004654644,731
1,A2_full_earlystop,231,10.120209140368399,6.708913283700591,0.680714244174937,-0.4376138106986688,0.0018698340489513182,102.22712719748186,23.588571141421713,24.02618495212038,16.464140881891105,17.910170308108864,0.9192621063149206,320.7742004654644,731
1,A3_rescale,231,14.03348648884594,9.547364781449888,0.3860517998428473,-4.54423532724863,0.10485531892520471,176.2886683232071,19.481949624871753,24.02618495212038,5.79810452529815,17.910170308108864,0.3237325176451866,320.7742004654644,731
1,A4_recalibrate,231,9.947544749868527,7.547142779478395,0.6915161929885612,2.988115014610866,0.09023246390393307,90.02481521009402,27.014299966731247,24.02618495212038,13.091058076310503,17.910170308108864,0.7309287321731107,320.7742004654644,731
1,A5_retrain_expanding,231,11.733756379858207,6.988074171278155,0.5707851860215722,4.020405923708748,0.11739934514150137,121.51737499047081,28.046590875829132,24.02618495212038,22.614357790293912,17.910170308108864,1.2626545365710575,320.7742004654644,731
1,A0_frozen,238,10.279376024706494,7.059377934255745,0.6705920510315886,-0.09235047632783552,8.071323857292252e-05,105.6570428468327,23.933834475792548,24.02618495212038,22.209109479801242,17.910170308108864,1.2400278220551608,320.7742004654644,731
1,A1_head_only,238,9.022846336506252,7.131151841003168,0.7462022946544002,2.835125628403275,0.09873189969792708,73.37381868337523,26.861310580523657,24.02618495212038,15.528296418932973,17.910170308108864,0.8670099810219285,320.7742004654644,731
1,A2_full_earlystop,238,8.461486362605722,6.217462214405984,0.7768001561201897,2.095387178398582,0.061324673781747704,67.20610403716545,26.121572130518963,24.02618495212038,16.464013323884227,17.910170308108864,0.9192549842158739,320.7742004654644,731
1,A3_rescale,238,13.702419446459858,9.533398099493816,0.4146776816393756,-4.3561729177159245,0.10106847345081227,168.78005619767964,19.670012034404458,24.02618495212038,5.831711364296056,17.910170308108864,0.32560892855696283,320.7742004654644,731
1,A4_recalibrate,238,9.20932656464102,7.309702369919554,0.7356031262765663,2.872716799407,0.09730381799659014,76.55919396460757,26.898901751527383,24.02618495212038,12.768036531859972,17.910170308108864,0.7128930832153628,320.7742004654644,731
1,A5_retrain_expanding,238,15.675135429973107,8.725526529517742,0.23400987239167903,4.413080898836505,0.07926129691244517,226.2345877283226,28.439265850956886,24.02618495212038,25.06705042766604,17.910170308108864,1.3995986635770228,320.7742004654644,731
1,A0_frozen,245,9.957610422531065,7.069323648524774,0.6908915829794904,-0.6333881105263804,0.004046034219530846,98.75282482834312,23.392796841594002,24.02618495212038,21.44590206693591,17.910170308108864,1.1974147480454855,320.7742004654644,731
1,A1_head_only,245,10.099101923359068,7.510892907668922,0.6820446921529288,2.811660775823634,0.07751046352898296,94.08642334008965,26.837845727944014,24.02618495212038,14.162595834549291,17.910170308108864,0.790757183818467,320.7742004654644,731
1,A2_full_earlystop,245,9.484501894426467,6.757696892881589,0.7195666732086075,2.406383200733901,0.064372521191313,84.16509607660491,26.432568152854284,24.02618495212038,16.402508102044404,17.910170308108864,0.9158208894651402,320.7742004654644,731
1,A3_rescale,245,13.915915830027782,9.685699027203142,0.396295858247281,-4.498239659325303,0.10448683975908184,173.4185533556908,19.527945292795078,24.02618495212038,5.631306927106526,17.910170308108864,0.31441950747709757,320.7742004654644,731
1,A4_recalibrate,245,10.365424756279841,8.334445464707986,0.6650540154969022,2.7583588824145613,0.07081533825654727,99.83348665390368,26.784543834534944,24.02618495212038,10.256049468146642,17.910170308108864,0.5726382994528643,320.7742004654644,731
1,A5_retrain_expanding,245,12.671197199795952,8.558164939364005,0.49946336630834154,2.82428179223469,0.04967990454896751,152.5826708341684,26.85046674435507,24.02618495212038,23.29046806587781,17.910170308108864,1.3004046117491694,320.7742004654644,731
7,A0_frozen,42,15.101420271702723,9.938821370804522,0.28905474975333345,1.7883166732850713,0.014023398101792386,224.85481769864458,25.814501625405455,24.02618495212038,24.32647542266987,17.910170308108864,1.3582492519156009,320.7742004654644,731
7,A1_head_only,42,15.17523627705767,12.140470288330162,0.2820875378058322,2.7207046071335665,0.03214340354016717,222.8855625052493,26.746889559253948,24.02618495212038,9.424842449619637,17.910170308108864,0.5262285219785164,320.7742004654644,731
7,A2_full_earlystop,42,13.157911432450241,9.532425940806627,0.46027257487359996,1.279787099565333,0.009460226589216079,171.49277824399093,25.305972051685714,24.02618495212038,13.336584318356884,17.910170308108864,0.7446374930515719,320.7742004654644,731
7,A3_rescale,42,13.997062691737002,9.705101601492364,0.3892346587969783,-3.862343756746429,0.07614265797536882,181.0000647011377,20.16384119537395,24.02618495212038,6.387693173825979,17.910170308108864,0.3566517271437636,320.7742004654644,731
7,A4_recalibrate,42,16.1987050432348,14.237934972906569,0.18198519489109843,3.5748601710829635,0.04870320294882561,249.61841983492525,27.601045123203345,24.02618495212038,2.792998821584379,17.910170308108864,0.15594484996716326,320.7742004654644,731
7,A5_retrain_expanding,42,16.872588553082515,9.348621930842784,0.1125089110392431,5.7293461821393015,0.11530461664489661,251.85883680681698,29.755531134259684,24.02618495212038,26.492974866022376,17.910170308108864,1.4792140113836678,320.7742004654644,731
7,A0_frozen,49,14.499894621340115,9.772876996257171,0.34456404622040715,2.5277984188862606,0.03039171330648735,203.85717918344412,26.553983371006645,24.02618495212038,25.823093145435312,17.910170308108864,1.4418117025801735,320.7742004654644,731
7,A1_head_only,49,11.323834080887472,8.58948140040866,0.6002508365529409,2.392128281741789,0.04462538095882349,122.5069405751597,26.418313233862172,24.02618495212038,14.952055053129943,17.910170308108864,0.8348360063533495,320.7742004654644,731
7,A2_full_earlystop,49,10.965215217808375,8.153228625843136,0.6251695286017824,1.7622971033349415,0.025829971946324703,117.13025369243361,25.788482055455322,24.02618495212038,13.361373925274608,17.910170308108864,0.7460216008792067,320.7742004654644,731
7,A3_rescale,49,13.20639525139052,8.938808263362775,0.45628770866587354,-3.6681691663290654,0.07714896957771945,160.9534105031428,20.358015785791316,24.02618495212038,6.780678062860602,17.910170308108864,0.3785937233545254,320.7742004654644,731
7,A4_recalibrate,49,10.522976829796546,8.383828802254358,0.6547944279815707,3.192218978908973,0.09202548655859134,100.5427793511283,27.218403931029354,24.02618495212038,12.003612055738783,17.910170308108864,0.6702120554545551,320.7742004654644,731
7,A5_retrain_expanding,49,16.108799326242764,10.346598018146311,0.19104025399605895,6.617086358427577,0.1687358106993894,215.70758385827097,30.64327131054796,24.02618495212038,24.328910584495546,17.910170308108864,1.3583852172237907,320.7742004654644,731
7,A0_frozen,56,12.609114479491542,8.836250240497877,0.5043561242574413,0.23183098334300786,0.0003380444259302765,158.93602235208544,24.25801593546339,24.02618495212038,23.318533991796635,17.910170308108864,1.3019716502215015,320.7742004654644,731
7,A1_head_only,56,9.404160933486994,5.976628814800592,0.724297519144017,-1.4261756842585813,0.022998840959821486,86.40426578055252,22.6000092678618,24.02618495212038,15.931230091672132,17.910170308108864,0.8895074595945767,320.7742004654644,731
7,A2_full_earlystop,56,9.573711163093465,6.051243109739854,0.7142664674985032,-1.4466093805435738,0.022831892573469712,89.56326673446375,22.579575571576807,24.02618495212038,14.083927473312272,17.910170308108864,0.7863647989397258,320.7742004654644,731
7,A3_rescale,56,13.828656047745795,9.274082804037738,0.4038431775081457,-4.2710487440492795,0.09539137441543999,172.98987071281138,19.755136208071104,24.02618495212038,6.12302610899037,17.910170308108864,0.3418742537706723,320.7742004654644,731
7,A4_recalibrate,56,10.36142241607908,7.375184208892113,0.6653126269860825,1.8975172082882747,0.03353765457686059,103.75850292867591,25.923702160408656,24.02618495212038,11.682122476841323,17.910170308108864,0.6522619425652374,320.7742004654644,731
7,A5_retrain_expanding,56,17.192896059149383,9.65856668179482,0.07849298830209639,2.6836202041151105,0.024363744166262913,288.3938575007796,26.709805156235493,24.02618495212038,27.154798743976528,17.910170308108864,1.5161664170039824,320.7742004654644,731
7,A0_frozen,63,15.484940711318508,9.661850635566138,0.25248542904913207,1.0859986820153118,0.004918577317130813,238.60399569571027,25.112183634135693,24.02618495212038,24.193127970916844,17.910170308108864,1.3508039038558646,320.7742004654644,731
7,A1_head_only,63,14.437345010344139,11.394965060504125,0.350206685434012,4.502809090188754,0.09727301975950223,188.16164124502237,28.528994042309137,24.02618495212038,10.61486992791337,17.910170308108864,0.5926727521461629,320.7742004654644,731
7,A2_full_earlystop,63,12.074745764011384,9.449355693994567,0.5454762725495184,2.652288864241157,0.048248704078530116,138.7648490461332,26.67847381636154,24.02618495212038,12.880863172643828,17.910170308108864,0.7191926682468225,320.7742004654644,731
7,A3_rescale,63,14.221090384435321,9.542043797711372,0.36952718944099594,-4.046759823188832,0.08097464745923852,185.86314665570336,19.97942512893155,24.02618495212038,6.352678501235497,17.910170308108864,0.35469671097205085,320.7742004654644,731
7,A4_recalibrate,63,12.30024431299688,10.075421633092876,0.5283410887163879,4.425318809369423,0.12943795770902902,131.71256359485324,28.451503761489807,24.02618495212038,12.683807485401166,17.910170308108864,0.7081902219354412,320.7742004654644,731
7,A5_retrain_expanding,63,12.310329018452553,8.05214045591863,0.5275673656963233,1.032099402317825,0.00702916490668137,150.47897136629012,25.058284354438207,24.02618495212038,23.068494661601235,17.910170308108864,1.288010904684526,320.7742004654644,731
7,A0_frozen,70,11.89257914009466,7.688895782215521,0.5590872383184636,0.17672721445159376,0.000220828317802531,141.40220609508685,24.202912166571977,24.02618495212038,20.522362075991946,17.910170308108864,1.1458496330825179,320.7742004654644,731
7,A1_head_only,70,11.661949335274844,8.129952796161616,0.5760224416391002,2.0645749331744367,0.03134144382884498,131.73859264382514,26.09075988529482,24.02618495212038,16.194111373138124,17.910170308108864,0.9041852251849447,320.7742004654644,731
7,A2_full_earlystop,70,12.212001229865995,8.789984446705873,0.5350842623195791,3.3354245315906628,0.07459823608884454,138.00791723231183,27.361609483711046,24.02618495212038,16.45499147963592,17.910170308108864,0.9187512567753691,320.7742004654644,731
7,A3_rescale,70,14.508213490345739,10.053323277243054,0.34381175800292596,-4.285517989928613,0.08725267887647889,192.1225942394483,19.740666962191767,24.02618495212038,5.388801938997673,17.910170308108864,0.3008794358900028,320.7742004654644,731
7,A4_recalibrate,70,11.184473336114259,8.535289274864354,0.6100295983132886,2.9829034975795525,0.0711291026471074,116.1947305303785,27.009088449699934,24.02618495212038,11.54967551614222,17.910170308108864,0.6448668727015444,320.7742004654644,731
7,A5_retrain_expanding,70,13.184888100910817,8.7158761203124,0.4580571817144753,4.023800656921137,0.09313652237090658,157.6503025069007,28.04998560904152,24.02618495212038,21.456468814854663,17.910170308108864,1.1980047339438311,320.7742004654644,731
7,A0_frozen,77,15.174825435622296,9.72694716923423,0.2821264095819901,0.2200746103367632,0.0002103257641429369,230.22689416749446,24.246259562457144,24.02618495212038,25.28225902579429,17.910170308108864,1.4116146631139346,320.7742004654644,731
7,A1_head_only,77,12.862441020393826,9.616385022056152,0.4842403511160125,1.6018727443042773,0.015509908339734412,162.87639271416484,25.62805769642466,24.02618495212038,12.660607300696304,17.910170308108864,0.7068948582227713,320.7742004654644,731
7,A2_full_earlystop,77,12.10041545446892,9.005673195846494,0.5435416752398254,1.56982311839614,0.016830649578760182,143.95570954769929,25.596008070516522,24.02618495212038,11.997056604430487,17.910170308108864,0.6698460370864702,320.7742004654644,731
7,A3_rescale,77,13.83827209259729,9.208293264906187,0.4030137890426314,-4.27413584260536,0.09539660316109023,173.22953730771312,19.75204910951502,24.02618495212038,6.638664715564603,17.910170308108864,0.37066452196487126,320.7742004654644,731
7,A4_recalibrate,77,11.664977675922316,9.324407843827482,0.5758022185627241,2.877441856432287,0.060847857290080756,127.79203254261748,26.90362680855267,24.02618495212038,10.520803010539863,17.910170308108864,0.587420601231053,320.7742004654644,731
7,A5_retrain_expanding,77,17.391606572141818,9.992428333812144,0.0570688704974851,5.194239022557353,0.08919991828017844,275.48786013670883,29.220423974677736,24.02618495212038,26.54187610624795,17.910170308108864,1.4819443729259831,320.7742004654644,731
7,A0_frozen,84,13.872039843861106,8.959559346145808,0.4000967373609333,1.0292517420613492,0.005505066460500333,191.37413028113377,25.055436694181733,24.02618495212038,24.897023543701412,17.910170308108864,1.3901053488268191,320.7742004654644,731
7,A1_head_only,84,10.28218833212229,7.81147158765571,0.6704117826688674,1.98477632150611,0.03726078769716935,101.78405985082046,26.010961273626492,24.02618495212038,14.012200443887242,17.910170308108864,0.7823599777576202,320.7742004654644,731
7,A2_full_earlystop,84,9.596546228127472,7.409179959113752,0.7129017876906758,1.929630021969109,0.040431343746129944,88.37022748690315,25.955814974089492,24.02618495212038,12.836730756097362,17.910170308108864,0.7167285701513127,320.7742004654644,731
7,A3_rescale,84,13.537638922673835,9.07815943403544,0.4286707991641465,-4.061660446880877,0.09001634495453212,166.77058201493705,19.964524505239506,24.02618495212038,6.537509057070872,17.910170308108864,0.36501657687258293,320.7742004654644,731
7,A4_recalibrate,84,12.462857663066238,10.307720397757178,0.5157876758652497,3.405009165434831,0.07464509936374786,143.72873371315364,27.431194117555215,24.02618495212038,8.020604926080521,17.910170308108864,0.4478240456736013,320.7742004654644,731
7,A5_retrain_expanding,84,17.07615744222424,10.598274878654532,0.09096444611659349,2.3384794801678126,0.018753694027701776,286.1266667124644,26.364664432288194,24.02618495212038,26.548737278844637,17.910170308108864,1.4823274609970987,320.7742004654644,731
7,A0_frozen,91,12.96158645888996,8.637065694567346,0.47625861653619095,-2.165841365390469,0.0279213855670803,163.3118547112431,21.860343586729915,24.02618495212038,21.183241201882467,17.910170308108864,1.1827492892287972,320.7742004654644,731
7,A1_head_only,91,12.0595932426064,8.816589808894834,0.546616314634768,0.27654259712855983,0.0005258462181266015,145.35731336909134,24.302727549248942,24.02618495212038,10.12538844564451,17.910170308108864,0.5653429460165559,320.7742004654644,731
7,A2_full_earlystop,91,12.643738143564386,9.172541961126155,0.5016303866986445,-0.3251395472504366,0.0006612849024109947,159.75839851783874,23.701045404869944,24.02618495212038,9.05917494200456,17.910170308108864,0.5058117698581013,320.7742004654644,731
7,A3_rescale,91,14.715804867524303,9.895860682542542,0.32489922012176586,-4.900634198027269,0.11090127312913764,192.53869735617766,19.125550754093112,24.02618495212038,5.56233690542125,17.910170308108864,0.3105686216117605,320.7742004654644,731
7,A4_recalibrate,91,12.240642545960544,9.419691506335965,0.532900932429848,2.5764449638398013,0.04430301758923181,143.19526128628397,26.602629915960183,24.02618495212038,9.097888665868766,17.910170308108864,0.5079733195920353,320.7742004654644,731
7,A5_retrain_expanding,91,15.378778980371736,9.099285109877162,0.26269992230068184,2.83800805847074,0.034055208044981106,228.45255318717864,26.864193010591123,24.02618495212038,26.040044144544407,17.910170308108864,1.4539249876789127,320.7742004654644,731
7,A0_frozen,98,14.762528376176736,9.609264157766194,0.32060544850181416,-0.016099158691739335,1.1892820711446153e-06,217.93198487451266,24.010085793428644,24.02618495212038,24.140251393170423,17.910170308108864,1.3478515825302275,320.7742004654644,731
7,A1_head_only,98,13.681020161560221,9.790135020187941,0.41650446828510257,0.7216584562685208,0.0027824440751299325,186.64952173351338,24.747843408388903,24.02618495212038,13.50442867221135,17.910170308108864,0.7540089479828784,320.7742004654644,731
7,A2_full_earlystop,98,12.33530275167266,8.417172005073349,0.5256485909570363,0.6291773284265032,0.002601635822623644,151.76382986481718,24.655362280546886,24.02618495212038,14.000925751734718,17.910170308108864,0.7817304643605635,320.7742004654644,731
7,A3_rescale,98,14.13266142923847,9.449579105983583,0.37734356820573367,-4.336150756360013,0.09413710458338387,180.92991569160327,19.69003419576037,24.02618495212038,6.338794184775439,17.910170308108864,0.35392149129400174,320.7742004654644,731
7,A4_recalibrate,98,12.85235508074571,10.412867073257383,0.4850488883399019,3.127730946297913,0.05922340089055422,155.4003302491404,27.153915898418298,24.02618495212038,8.17755916351245,17.910170308108864,0.45658745968540815,320.7742004654644,731
7,A5_retrain_expanding,98,17.9834560488186,10.890144951928656,-0.00820044439518175,3.5500035479278145,0.038968281917663446,310.8021662694903,27.576188500048197,24.02618495212038,25.916266936954496,17.910170308108864,1.4470139865292546,320.7742004654644,731
7,A0_frozen,105,15.512165222459595,9.796945281150597,0.24985466555689628,3.8502158434626503,0.061606326033188996,225.80310784763415,27.876400795583034,24.02618495212038,25.406122317432818,17.910170308108864,1.4185304706974309,320.7742004654644,731
7,A1_head_only,105,14.398578333333052,8.960228507633445,0.3536916069924124,2.6611157788705895,0.03415767588444445,200.23752083257403,26.687300730990973,24.02618495212038,22.31320046971009,17.910170308108864,1.2458396590236636,320.7742004654644,731
7,A2_full_earlystop,105,12.068054378311377,8.551415669218656,0.5459798940608371,2.605220819881352,0.046603073927610233,138.85076095753718,26.631405772001735,24.02618495212038,18.642119645259942,17.910170308108864,1.0408678044127635,320.7742004654644,731
7,A3_rescale,105,13.486318031323743,9.337048598128499,0.43299438116255295,-3.320926296963671,0.060636158648179284,170.8522225721431,20.70525865515671,24.02618495212038,6.671188947313279,17.910170308108864,0.3724804863688474,320.7742004654644,731
7,A4_recalibrate,105,10.83077524158513,7.844354947688448,0.6343044666200861,2.7849736364612516,0.06611851480930907,109.54961417794922,26.811158588581634,24.02618495212038,15.631414946444888,17.910170308108864,0.8727675213321525,320.7742004654644,731
7,A5_retrain_expanding,105,14.646900754603047,8.923673560733508,0.3312064953980346,3.731490241934989,0.06490425104696804,200.60768228953523,27.757675194055373,24.02618495212038,23.91418434084711,17.910170308108864,1.3352293099089023,320.7742004654644,731
7,A0_frozen,112,12.486003255104189,8.197489888957033,0.5139874807255358,-1.362190678646332,0.01190224595676177,154.0447138414814,22.66399427347405,24.02618495212038,21.54484064904176,17.910170308108864,1.202938904455157,320.7742004654644,731
7,A1_head_only,112,13.26560496101323,10.304731880083617,0.4514014072007483,2.2472414677756936,0.028697585597927906,170.92618076716818,26.273426419896076,24.02618495212038,10.041379723981077,17.910170308108864,0.5606523863949425,320.7742004654644,731
7,A2_full_earlystop,112,11.021902948428906,7.1831889947439835,0.6212839298537509,-0.7205348506426508,0.00427362900082708,120.96317413359519,23.30565010147773,24.02618495212038,17.261645414321595,17.910170308108864,0.9637901324984248,320.7742004654644,731
7,A3_rescale,112,14.460499465747773,9.757142807578779,0.3481207513089736,-4.689610063695319,0.1051736336492028,187.11360224937923,19.336574888425062,24.02618495212038,5.657286345760556,17.910170308108864,0.315870047489119,320.7742004654644,731
7,A4_recalibrate,112,11.663117743567339,8.856630185596137,0.5759374809354079,2.1485461576448754,0.03393595351491255,131.4120649087847,26.174731109765258,24.02618495212038,9.639821171376711,17.910170308108864,0.5382316865525429,320.7742004654644,731
7,A5_retrain_expanding,112,14.552710214893981,9.181882677586527,0.3397805238346133,2.538775556643652,0.03043412735999622,205.33599327166834,26.564960508764035,24.02618495212038,25.88952628256391,17.910170308108864,1.4455209435301895,320.7742004654644,731
7,A0_frozen,119,16.166536751570487,11.283791608742584,0.18523088776892527,0.4819392366302329,0.0008886905929670888,261.1246451120754,24.508124188750614,24.02618495212038,25.734107952658306,17.910170308108864,1.436843285683729,320.7742004654644,731
7,A1_head_only,119,13.754610142006543,10.525941083226028,0.41021036017216106,2.5911281569630944,0.03548797484941776,182.47535503278235,26.617313109083476,24.02618495212038,11.756388193607847,17.910170308108864,0.6564085093197087,320.7742004654644,731
7,A2_full_earlystop,119,11.94154629122938,8.323615983593024,0.5554488870406302,1.1653165994281498,0.009522845375185546,141.2425650486714,25.19150155154853,24.02618495212038,12.315101310759236,17.910170308108864,0.6876038082777778,320.7742004654644,731
7,A3_rescale,119,13.948632491060806,8.893078808301516,0.3934538747556643,-4.20537490287812,0.09089629329245855,176.87917029692005,19.82081004924226,24.02618495212038,6.757312128474525,17.910170308108864,0.37728910514129166,320.7742004654644,731
7,A4_recalibrate,119,12.8514592567695,10.26342480906266,0.48512067121124935,3.2455797587716955,0.06377929068685118,154.6262170578579,27.27176471089208,24.02618495212038,8.495998593500804,17.910170308108864,0.4743672699557873,320.7742004654644,731
7,A5_retrain_expanding,119,18.889768393098585,10.729887433619048,-0.11238169848800905,6.244512475882346,0.10928078576548017,317.8294138834561,30.27069742800273,24.02618495212038,28.10596245352203,17.910170308108864,1.569273880148253,320.7742004654644,731
7,A0_frozen,126,13.225537951842972,8.967207128306127,0.45471034184848447,2.7877515416710232,0.044430524196368566,167.1432954575496,26.813936493791406,24.02618495212038,22.682218820710577,17.910170308108864,1.2664435027980252,320.7742004654644,731
7,A1_head_only,126,11.263752554113847,8.581220681117694,0.6044815280773628,3.8633701231428126,0.11764309227375992,111.94649289191365,27.889555075263193,24.02618495212038,16.199367322344518,17.910170308108864,0.9044786868950221,320.7742004654644,731
7,A2_full_earlystop,126,10.884093648168545,8.61524561387674,0.6306950672148677,3.3272123546428145,0.09344939633663511,107.3931524892151,27.353397306763195,24.02618495212038,12.928658614169443,17.910170308108864,0.7218612884052793,320.7742004654644,731
7,A3_rescale,126,13.920205591787262,9.639329372242145,0.3959236015974811,-3.599910199797038,0.06687934878335638,180.8127702710226,20.426274752323344,24.02618495212038,5.955941142294029,17.910170308108864,0.3325451986125149,320.7742004654644,731
7,A4_recalibrate,126,11.502543295857604,9.334556317551973,0.5875338413092748,3.5386095465371787,0.09464061120576908,119.78674475023467,27.56479449865756,24.02618495212038,10.73799432925519,17.910170308108864,0.5995473043823343,320.7742004654644,731
7,A5_retrain_expanding,126,13.128042095570637,8.016312697353962,0.4627202280825887,2.6442434126555185,0.040569806934135734,165.35346603770256,26.6704283647759,24.02618495212038,24.338212988866538,17.910170308108864,1.3589046095138115,320.7742004654644,731
7,A0_frozen,133,13.46370510933166,9.221728038274083,0.4348942184003364,-0.9431006700411367,0.004906670844393037,180.38191639721143,23.083084282079245,24.02618495212038,22.820992029690533,17.910170308108864,1.274191793662525,320.7742004654644,731
7,A1_head_only,133,12.105100259289667,8.734833851657978,0.5431881614081646,2.729749955581478,0.05085210717194733,139.08191746745769,26.75593490770186,24.02618495212038,16.187806545412162,17.910170308108864,0.9038332001836465,320.7742004654644,731
7,A2_full_earlystop,133,11.351207618966859,7.8110325581520605,0.5983158426646482,2.4331797536763875,0.045947750457272736,122.92955069519057,26.45936470579677,24.02618495212038,16.303999234614505,17.910170308108864,0.9103207258298844,320.7742004654644,731
7,A3_rescale,133,14.28421107453293,9.648863539296789,0.3639180279282571,-4.579564608472413,0.10278644904099901,183.06627401863608,19.446620343647968,24.02618495212038,5.992380590446133,17.910170308108864,0.3345797659854229,320.7742004654644,731
7,A4_recalibrate,133,12.267634217611135,9.755357109660553,0.530838673812527,3.4848601045997296,0.08069545240485893,138.35059934847274,27.511045056720114,24.02618495212038,9.248751387599121,17.910170308108864,0.5163966187084068,320.7742004654644,731
7,A5_retrain_expanding,133,14.80397252992896,9.522807818900969,0.31678544487406024,2.855463776241151,0.037204611102716605,211.0039292894659,26.881648728361533,24.02618495212038,23.363202645923735,17.910170308108864,1.3044656887124073,320.7742004654644,731
7,A0_frozen,140,10.748242341508998,7.206492359241742,0.6398565930047588,1.5680828043195363,0.021284481979295947,113.06582975060422,25.59426775643992,24.02618495212038,20.34181849604395,17.910170308108864,1.1357691270436525,320.7742004654644,731
7,A1_head_only,140,9.835231357265357,6.945171675360351,0.6984427809014203,1.2408037669274459,0.015916114167012323,95.19218186291442,25.266988719047827,24.02618495212038,16.90035640454567,17.910170308108864,0.9436178502944776,320.7742004654644,731
7,A2_full_earlystop,140,10.997820773616386,8.471519778267043,0.6229370641620219,1.2719261272091225,0.01337551464126713,119.33426569551094,25.298111079329505,24.02618495212038,10.51342760131376,17.910170308108864,0.5870088011700137,320.7742004654644,731
7,A3_rescale,140,14.194305495874199,10.004945005946544,0.3718998965071185,-3.920173200055707,0.07627499968641366,186.1105505917695,20.106011752064674,24.02618495212038,5.341394280247035,17.910170308108864,0.298232467271889,320.7742004654644,731
7,A4_recalibrate,140,9.977706449512214,7.309735814847308,0.689642665001807,3.4445315934646974,0.1191787702487465,87.68982809426122,27.47071654558508,24.02618495212038,15.808199921115564,17.910170308108864,0.882638168658752,320.7742004654644,731
7,A5_retrain_expanding,140,10.991294950332717,7.3996221797118595,0.6233844102489903,1.7515585195105643,0.025395196567927172,117.74060743793946,25.77774347163095,24.02618495212038,23.168878123118642,17.910170308108864,1.2936157347777362,320.7742004654644,731
7,A0_frozen,147,11.915363169951627,8.316018282804476,0.5573962018584306,-1.285759173641387,0.01164406699752744,140.32270281923672,22.740425778478997,24.02618495212038,21.68496712124173,17.910170308108864,1.2107627536865921,320.7742004654644,731
7,A1_head_only,147,13.096329966895109,10.253742482654243,0.46531280148803433,1.1365273864015522,0.007531137778432709,170.22216410175412,25.162712338521935,24.02618495212038,9.65360075697979,17.910170308108864,0.5390010586671588,320.7742004654644,731
7,A2_full_earlystop,147,11.022807059695722,8.169733151400626,0.6212217962075189,1.221840711779928,0.012286969269696035,120.00938075031495,25.24802566390031,24.02618495212038,13.22225272463763,17.910170308108864,0.7382538801795329,320.7742004654644,731
7,A3_rescale,147,14.287830514630457,9.86388715937206,0.3635956366859253,-4.66954050302988,0.10681093425808023,182.33749230536864,19.356644449090503,24.02618495212038,5.694080960526,17.910170308108864,0.3179244453051345,320.7742004654644,731
7,A4_recalibrate,147,11.689422681011907,9.556448089674754,0.5740224668409173,3.121839965670021,0.07132391058657554,126.89671784410103,27.148024917790405,24.02618495212038,9.415787621202723,17.910170308108864,0.525722952893402,320.7742004654644,731
7,A5_retrain_expanding,147,13.353374633791914,8.100663166801256,0.44411796880280885,3.3273079931084335,0.06208746664523117,167.241635629394,27.353492945228815,24.02618495212038,23.218347571401907,17.910170308108864,1.296377821761402,320.7742004654644,731
7,A0_frozen,154,17.26916847337412,9.356246073532628,0.07029873559333721,2.6572113462007168,0.023676055187805262,291.1634076234007,26.6833962983211,24.02618495212038,26.101128723119338,17.910170308108864,1.4573355961501941,320.7742004654644,731
7,A1_head_only,154,16.355335055925785,9.556892266985558,0.1660894660373582,4.19840970420159,0.06589473918020752,249.87034074726083,28.224594656321973,24.02618495212038,23.022131367726814,17.910170308108864,1.2854222473419754,320.7742004654644,731
7,A2_full_earlystop,154,14.095943343170932,8.756710103723028,0.38057481416658656,3.4521471955953,0.05997777070272237,186.77829847382841,27.478332147715683,24.02618495212038,20.41791633591364,17.910170308108864,1.140017988922718,320.7742004654644,731
7,A3_rescale,154,13.938806922865158,9.526486681122787,0.3943080891449946,-3.634187733499132,0.06797723751392765,181.0830179505981,20.39199721862125,24.02618495212038,6.853685099473608,17.910170308108864,0.38267001271174894,320.7742004654644,731
7,A4_recalibrate,154,12.409569884520526,10.15835023389156,0.5199195431074617,3.890607047268597,0.09829270342602223,138.8606015225427,27.91679199938898,24.02618495212038,11.738759663058104,17.910170308108864,0.6554242344498176,320.7742004654644,731
7,A5_retrain_expanding,154,12.697807398532172,7.732112476565966,0.49735885087935117,3.9325456913698877,0.0959157846294677,145.76939711550654,27.95873064349027,24.02618495212038,22.73046493086873,17.910170308108864,1.2691372856782646,320.7742004654644,731
7,A0_frozen,161,11.992969473103479,7.47770906201218,0.5516119545334903,2.8267589960069572,0.05555512248819416,135.84075036128564,26.85294394812734,24.02618495212038,23.353343014966477,17.910170308108864,1.3039151841226884,320.7742004654644,731
7,A1_head_only,161,9.44933153138448,6.901828760722691,0.7216426188251688,2.1608249799579675,0.05229221167848432,84.62070179600666,26.18700993207835,24.02618495212038,14.504007080911693,17.910170308108864,0.8098196070388552,320.7742004654644,731
7,A2_full_earlystop,161,9.269564454796509,6.356350820003358,0.7321329924384681,1.2418129493942998,0.017947076389433412,84.38272578034353,25.267997901514683,24.02618495212038,16.529430531145277,17.910170308108864,0.9229075015362387,320.7742004654644,731
7,A3_rescale,161,13.397634437900534,9.517757599033507,0.44042691628205444,-3.5896675771710638,0.07178806006422876,166.61089521702522,20.436517374949318,24.02618495212038,6.132166180659586,17.910170308108864,0.34238458234443675,320.7742004654644,731
7,A4_recalibrate,161,10.107335022485858,8.060003726582456,0.6815260669077161,5.067257407678691,0.25134636566485014,76.48112362109462,29.093442359799074,24.02618495212038,16.078471685657,17.910170308108864,0.8977285759464522,320.7742004654644,731
7,A5_retrain_expanding,161,15.934419690857457,10.180691364707895,0.20845962513209604,1.8130340635777178,0.012946113914970617,250.61863836869267,25.8392190156981,24.02618495212038,26.116718290303762,17.910170308108864,1.4582060271352846,320.7742004654644,731
7,A0_frozen,168,14.211640863535541,8.707009546615454,0.3703647745328632,2.4252225985035207,0.02912156863803645,196.08903138182103,26.4514075506239,24.02618495212038,23.561518128601715,17.910170308108864,1.3155384746919014,320.7742004654644,731
7,A1_head_only,168,11.851135911440268,9.125752667394968,0.5621548672317541,1.120120476526765,0.008933250565017007,139.19475250949458,25.146305428647146,24.02618495212038,10.454697598004046,17.910170308108864,0.5837296585209277,320.7742004654644,731
7,A2_full_earlystop,168,12.626950161579906,9.925112995428456,0.5029529489850957,1.6133782756883703,0.01632583778580609,156.8368809225596,25.639563227808754,24.02618495212038,9.19666742129211,17.910170308108864,0.5134885522070274,320.7742004654644,731
7,A3_rescale,168,13.935339339017421,9.491829210590826,0.394609409947001,-3.6951037469949983,0.07031017449040249,180.53989079251,20.331081205125383,24.02618495212038,6.186829223583531,17.910170308108864,0.3454366495209949,320.7742004654644,731
7,A4_recalibrate,168,12.964895873485457,10.692246403025406,0.4759911340550059,3.4604074776499445,0.07123877082412647,156.11410509894458,27.486592429770326,24.02618495212038,7.833543591117525,17.910170308108864,0.4373796260089651,320.7742004654644,731
7,A5_retrain_expanding,168,14.175827766083572,8.578552706604421,0.3735341166400902,1.5149516094807896,0.011420908857724548,198.65901447459754,25.54113656160117,24.02618495212038,22.887295771003128,17.910170308108864,1.2778938099008954,320.7742004654644,731
7,A0_frozen,175,13.053683809317992,8.543549675611922,0.46878938285438465,4.713444086261128,0.1303798693297116,148.18210583934066,28.739629038381512,24.02618495212038,23.01255396924828,17.910170308108864,1.2848875009764313,320.7742004654644,731
7,A1_head_only,175,12.053063331161617,8.605826046893828,0.5471071692979446,3.7076016119094626,0.09462180918668431,131.53002595235913,27.733786564029845,24.02618495212038,19.179763396363825,17.910170308108864,1.0708867122095511,320.7742004654644,731
7,A2_full_earlystop,175,11.231491616596994,7.951156173492097,0.6067439222024655,3.3778483976173668,0.09044934648540626,114.73654413640236,27.404033349737748,24.02618495212038,18.986423854177534,17.910170308108864,1.0600917538780408,320.7742004654644,731
7,A3_rescale,175,13.508720504112537,9.535516854449272,0.43110908111240864,-3.0942580656623044,0.052466806518016974,172.91109668131423,20.931926886458076,24.02618495212038,6.042681187513251,17.910170308108864,0.3373882594950767,320.7742004654644,731
7,A4_recalibrate,175,10.067834600847378,7.791738560377295,0.6840104553204784,2.7416553680858287,0.07415724379685938,93.84461939266585,26.76784032020621,24.02618495212038,12.843134476765018,17.910170308108864,0.7170861167607248,320.7742004654644,731
7,A5_retrain_expanding,175,15.071684955526448,9.306676298556347,0.2918517540717911,3.415579478905465,0.051357653908294165,215.48950422192215,27.44176443102585,24.02618495212038,25.578560166169435,17.910170308108864,1.4281583997327314,320.7742004654644,731
7,A0_frozen,182,15.842714360824731,10.24550481473346,0.2175443101269462,1.2361640520119317,0.0060882578290383195,249.46349675519562,25.262349004132314,24.02618495212038,25.98881037802518,17.910170308108864,1.451064391401052,320.7742004654644,731
7,A1_head_only,182,13.305994182767536,9.401817700840315,0.44805573224114315,1.7591236587670538,0.017478255378116,173.9549651450095,25.785308610887437,24.02618495212038,18.640930615586015,17.910170308108864,1.0408014158942027,320.7742004654644,731
7,A2_full_earlystop,182,12.424636358705936,8.926226141877182,0.518753102892707,2.3678159323257892,0.03631855018496829,148.76503635670164,26.39400088444617,24.02618495212038,17.72586414501019,17.910170308108864,0.9897094131474992,320.7742004654644,731
7,A3_rescale,182,13.686670178472047,9.145660241273392,0.4160224223068586,-4.007329073136481,0.08572636537972089,171.26625427387114,20.0188558789839,24.02618495212038,6.824192386127692,17.910170308108864,0.3810233107073262,320.7742004654644,731
7,A4_recalibrate,182,12.20571161338818,9.84846146929489,0.5355630353905637,3.9072303603270147,0.1024735601006731,133.7129469005379,27.933415312447398,24.02618495212038,9.969662275734008,17.910170308108864,0.5566481001702269,320.7742004654644,731
7,A5_retrain_expanding,182,15.57305969794317,8.882028667882041,0.24395357231414128,4.033976661286569,0.06709943536715936,226.24722065189712,28.06016161340695,24.02618495212038,24.745720955508062,17.910170308108864,1.3816574901191414,320.7742004654644,731
7,A0_frozen,189,13.022585185733936,8.683544980962104,0.47131744175929957,1.5543133065329366,0.01424566463173747,167.17183506483167,25.58049825865332,24.02618495212038,22.11369520630162,17.910170308108864,1.2347004425909676,320.7742004654644,731
7,A1_head_only,189,10.422536973446494,7.773043655473785,0.6613528244938932,1.7737984462492782,0.028964207586432776,105.48291603494286,25.79998339836966,24.02618495212038,14.680089151040212,17.910170308108864,0.8196510082538844,320.7742004654644,731
7,A2_full_earlystop,189,11.19812269451887,8.324481099350246,0.6090771898128405,1.173725119783583,0.010986069837192008,124.02032122468758,25.199910071903965,24.02618495212038,13.188381494881165,17.910170308108864,0.736362707221723,320.7742004654644,731
7,A3_rescale,189,14.182655923096842,9.709590570354331,0.37293046404269614,-3.923788733333894,0.0765413464912431,185.7516110091159,20.102396218786488,24.02618495212038,5.806657180865248,17.910170308108864,0.32421004831183947,320.7742004654644,731
7,A4_recalibrate,189,11.397358151224832,8.96004383794782,0.595042953458233,3.1931193440052468,0.07849137010129073,119.70376168223065,27.219304296125628,24.02618495212038,11.360248499359011,17.910170308108864,0.634290367089119,320.7742004654644,731
7,A5_retrain_expanding,189,17.11502691351399,9.477779488637902,0.08682136585406175,5.70741170156351,0.11120472227410241,260.349597919164,29.733596653683893,24.02618495212038,27.14309835156439,17.910170308108864,1.5155131349742275,320.7742004654644,731
7,A0_frozen,196,12.419897389283827,9.005544448628147,0.5191201445237592,-2.130130523117002,0.02941551223118736,149.71639511482454,21.89605442900338,24.02618495212038,21.707024096185382,17.910170308108864,1.2119942871987925,320.7742004654644,731
7,A1_head_only,196,11.313156365342058,8.073537980491128,0.6010043614450249,1.1953433229480346,0.011163946339791711,126.5586612869631,25.221528275068415,24.02618495212038,13.383429466219486,17.910170308108864,0.7472530543252351,320.7742004654644,731
7,A2_full_earlystop,196,10.168511460461241,7.357599031057501,0.6776591597095607,2.281175317997548,0.05032717616176653,98.19486449009037,26.30736027011793,24.02618495212038,15.210951166831281,17.910170308108864,0.8492912632966139,320.7742004654644,731
7,A3_rescale,196,14.441024074552269,9.78463006344859,0.34987546997486574,-4.891257120295783,0.11472154897999157,184.618780104954,19.134927831824598,24.02618495212038,5.699872857610113,17.910170308108864,0.3182478312352778,320.7742004654644,731
7,A4_recalibrate,196,11.66686668828015,9.338943575168928,0.575664819288496,3.7265809069172953,0.10202641770844313,122.22837306630049,27.75276585903768,24.02618495212038,10.287379607710989,17.910170308108864,0.5743875926770701,320.7742004654644,731
7,A5_retrain_expanding,196,13.842468287679585,8.188697816553912,0.4026516845264656,3.177441101972838,0.05268996907647004,181.51779633890854,27.20362605409322,24.02618495212038,23.55082505994006,17.910170308108864,1.314941435776151,320.7742004654644,731
7,A0_frozen,203,13.706129073232232,9.104993685679299,0.4143607126149559,4.330613488627589,0.09983187176660366,169.1037609842186,28.356798440747973,24.02618495212038,23.14889609373578,17.910170308108864,1.2925000541873726,320.7742004654644,731
7,A1_head_only,203,14.361651555180892,11.557472401321764,0.3570024176098413,3.5015774543814397,0.05944546156064077,193.99599072339726,27.52776240650182,24.02618495212038,11.049920660047501,17.910170308108864,0.6169634609808612,320.7742004654644,731
7,A2_full_earlystop,203,12.056010293760936,9.280891167046041,0.5468856784854859,2.102684321147539,0.030418719804523507,140.92610284886996,26.12886927326792,24.02618495212038,12.201567806182723,17.910170308108864,0.6812647560731704,320.7742004654644,731
7,A3_rescale,203,13.689145516789916,9.638555905470737,0.41581116963917186,-3.194782431808867,0.0544665534749184,177.1860701932549,20.831402520311514,24.02618495212038,6.078482217145035,17.910170308108864,0.33938718128174306,320.7742004654644,731
7,A4_recalibrate,203,11.785986208315698,9.454830214948954,0.5669556008524341,2.385166686235212,0.040954875748644565,133.22045078148162,26.411351638355594,24.02618495212038,9.107485923710136,17.910170308108864,0.5085091747891813,320.7742004654644,731
7,A5_retrain_expanding,203,14.502716891024019,8.752778637786635,0.34430887235945873,3.9553925352694064,0.07438415621048629,194.68366711312842,27.98157748738979,24.02618495212038,24.09187314364892,17.910170308108864,1.345150421754576,320.7742004654644,731
7,A0_frozen,210,21.277557948699766,11.88193307610132,-0.4113805649061839,6.035229051577963,0.08045331631842367,416.31048255526605,30.061414003698346,24.02618495212038,30.925269886280702,17.910170308108864,1.7266876503278825,320.7742004654644,731
7,A1_head_only,210,14.8419631515075,11.388346608004591,0.3132743535139044,4.9097483644978634,0.10942984151231985,196.178241188017,28.935933316618247,24.02618495212038,16.57424162367974,17.910170308108864,0.925409492961422,320.7742004654644,731
7,A2_full_earlystop,210,13.645505941244853,9.169556777715096,0.4195298994671005,3.450445138079099,0.06393975492842675,174.29426074165488,27.47663009019948,24.02618495212038,18.479754269214233,17.910170308108864,1.0318022638147382,320.7742004654644,731
7,A3_rescale,210,12.97005714216664,8.61935743294023,0.47557383970728884,-2.747181209991078,0.04486326075425002,160.67537767053983,21.279003742129305,24.02618495212038,8.120417520466901,17.910170308108864,0.45339700185823284,320.7742004654644,731
7,A4_recalibrate,210,12.709364638261258,10.535923748061235,0.49644345064566275,3.4336683806496344,0.0729909503845234,149.7378709600126,27.459853332770017,24.02618495212038,9.156229281481684,17.910170308108864,0.5112307210912552,320.7742004654644,731
7,A5_retrain_expanding,210,11.949163850166228,7.5476495733832545,0.5548815443669329,0.8936460622440456,0.005593144755536756,141.98391343355507,24.919831014364426,24.02618495212038,19.67433194071861,17.910170308108864,1.0985005503722662,320.7742004654644,731
7,A0_frozen,217,15.65223484665386,9.757401328379348,0.23624638347066185,1.377206361171551,0.007741860278400405,243.095758333554,25.403391313291934,24.02618495212038,24.697145579472405,17.910170308108864,1.3789453229426147,320.7742004654644,731
7,A1_head_only,217,12.145582948001389,8.455412328867776,0.5401276507501915,1.8479229044735528,0.02314893248095186,144.1003660859041,25.874107856593934,24.02618495212038,14.095825875834938,17.910170308108864,0.787029136705251,320.7742004654644,731
7,A2_full_earlystop,217,12.602531110904872,9.275993547126989,0.5048735522655454,1.71607938715443,0.018542111704895767,155.8788619383089,25.74226433927481,24.02618495212038,10.982729265188391,17.910170308108864,0.6132118833183814,320.7742004654644,731
7,A3_rescale,217,14.072470460563896,9.28473640699478,0.38263605808670875,-3.970293917742309,0.07959845266362789,182.2711910701818,20.05589103437807,24.02618495212038,6.4850245493378065,17.910170308108864,0.36208614646180665,320.7742004654644,731
7,A4_recalibrate,217,12.302646965970512,9.67262837379967,0.5281568089027195,3.9862373877404,0.10498546902593697,135.46503385788407,28.012422339860784,24.02618495212038,11.007357056986978,17.910170308108864,0.6145869563285714,320.7742004654644,731
7,A5_retrain_expanding,217,16.346966051884024,9.724814163095811,0.16694266959845827,2.083990482975847,0.016252386478789484,262.8802827683148,26.11017543509623,24.02618495212038,26.325580353777838,17.910170308108864,1.4698676729979994,320.7742004654644,731
7,A0_frozen,224,14.664594464634884,10.874259547824051,0.3295896911280646,-1.1505739762991132,0.006155863466645037,213.72651033726336,22.87561097582127,24.02618495212038,24.91143889088862,17.910170308108864,1.3909102181797746,320.7742004654644,731
7,A1_head_only,224,11.07918852625993,8.241543945777988,0.6173369983549373,-0.1732867092586564,0.00024463275370066926,122.71839011680396,23.852898242861727,24.02618495212038,14.547562336031504,17.910170308108864,0.8122514797888364,320.7742004654644,731
7,A2_full_earlystop,224,10.828731142038436,7.398037823278112,0.6344424895256568,-0.08148498793626649,5.662393789809949e-05,117.25477834329405,23.944699964184114,24.02618495212038,18.047078136988965,17.910170308108864,1.007644138862159,320.7742004654644,731
7,A3_rescale,224,13.927499582487068,9.103208910669412,0.39529038077655054,-4.634043369907947,0.11070669350739422,172.50088666598964,19.392141582212435,24.02618495212038,6.541294155625127,17.910170308108864,0.36522791481572586,320.7742004654644,731
7,A4_recalibrate,224,11.518005121261117,9.100710502563977,0.5864242143511151,3.978019381768139,0.11928319274049501,116.83980377167438,28.004204333888524,24.02618495212038,11.546388581899825,17.910170308108864,0.64468334936336,320.7742004654644,731
7,A5_retrain_expanding,224,15.297129374043056,9.228022678787504,0.27050814327755035,2.528041019085886,0.02731167610010313,227.6111756920301,26.554225971206268,24.02618495212038,25.745942785111414,17.910170308108864,1.4375040740653866,320.7742004654644,731
7,A0_frozen,231,16.767310369366644,10.665782601850694,0.12354953542175862,4.393143750990203,0.06864738875044661,261.8429850058059,28.419328703110587,24.02618495212038,26.648786088915,17.910170308108864,1.4879136060950637,320.7742004654644,731
7,A1_head_only,231,12.104337012557483,9.041529992590197,0.5432457650865744,0.20134533683683076,0.000276694889382671,146.47443456890304,24.22753028895721,24.02618495212038,11.256793637259266,17.910170308108864,0.6285140478068336,320.7742004654644,731
7,A2_full_earlystop,231,10.792534795356191,7.924659730371143,0.6368822457044372,0.9190236443453065,0.007251142747584228,115.63420285010838,24.94520859646569,24.02618495212038,13.025361664166276,17.910170308108864,0.7272606256719412,320.7742004654644,731
7,A3_rescale,231,13.337622421179582,9.192510452009584,0.4454286797634628,-3.178363272894194,0.056787170505757156,167.79017875546955,20.847821679226186,24.02618495212038,6.997489998271316,17.910170308108864,0.3906992439431572,320.7742004654644,731
7,A4_recalibrate,231,11.801960314091522,9.72132737467253,0.56578095416253,3.6417704934053643,0.09521751560992175,126.02377492875334,27.66795544552575,24.02618495212038,10.758963022252772,17.910170308108864,0.600718074544586,320.7742004654644,731
7,A5_retrain_expanding,231,11.665103144406974,7.3673295746877665,0.5757930931720809,1.9514861815524336,0.027986835448002553,132.26633305286336,25.977671133672818,24.02618495212038,22.418007072204055,17.910170308108864,1.251691451647127,320.7742004654644,731
7,A0_frozen,238,12.255069221047263,9.232962558635446,0.5317992488338239,-2.785627375948706,0.05166715002706849,142.4270017350251,21.24055757617168,24.02618495212038,22.62802586903431,17.910170308108864,1.2634176827893941,320.7742004654644,731
7,A1_head_only,238,10.632852150516028,7.3746873125652925,0.6475478866733066,-0.018519507134432595,3.0336068675733385e-06,113.0572018825888,24.00766544498595,24.02618495212038,15.27336602086024,17.910170308108864,0.8527761466313469,320.7742004654644,731
7,A2_full_earlystop,238,10.892683005437824,7.6663182543701085,0.6301119513826726,0.24425147244287834,0.0005028108616567989,118.59088427516349,24.27043642456326,24.02618495212038,11.706196097357834,17.910170308108864,0.6536060738661894,320.7742004654644,731
7,A3_rescale,238,14.157541676588046,9.576502074086909,0.3751492918274546,-5.063378831014358,0.1279101904629019,174.79818113796316,18.962806121106023,24.02618495212038,5.941711246325663,17.910170308108864,0.3317506837796814,320.7742004654644,731
7,A4_recalibrate,238,11.635568467858539,9.259016032683114,0.5779384583493021,2.905149140297698,0.06233926146085766,126.94656204285147,26.93133409241808,24.02618495212038,9.019226670734113,17.910170308108864,0.5035812901595158,320.7742004654644,731
7,A5_retrain_expanding,238,14.183771212958549,9.074402175986815,0.37283183769259765,2.6351793644937707,0.03451730874434385,194.23519553849775,26.661364316614154,24.02618495212038,22.983683693755584,17.910170308108864,1.2832755522905148,320.7742004654644,731
7,A0_frozen,245,13.6982067705208,8.974898004680588,0.41503752965275054,4.219320963989758,0.09487628957301046,169.83819933077842,28.24550591611014,24.02618495212038,22.929600386476135,17.910170308108864,1.2802558541888747,320.7742004654644,731
7,A1_head_only,245,11.258983187805663,8.571265434363244,0.6048164028174751,3.459454306915326,0.09440975186982446,114.7968783216556,27.485639259035707,24.02618495212038,15.67684671501532,17.910170308108864,0.8753041677061886,320.7742004654644,731
7,A2_full_earlystop,245,11.140261907896646,8.379987004218773,0.6131065553387776,3.52785245379906,0.10028362495176744,111.65969244075696,27.55403740591944,24.02618495212038,16.15947842033457,17.910170308108864,0.9022515220314982,320.7742004654644,731
7,A3_rescale,245,13.774242530815867,9.722409186110385,0.4085255079042317,-3.224005890846512,0.054784310759970624,179.3355433135237,20.80217906127387,24.02618495212038,6.020899110722911,17.910170308108864,0.3361720747008719,320.7742004654644,731
7,A4_recalibrate,245,11.674856655902268,9.543408711695639,0.5750834146322181,3.379763024050691,0.08380489505916444,124.87947983712523,27.405947976171074,24.02618495212038,10.081958216339562,17.910170308108864,0.5629180539827103,320.7742004654644,731
7,A5_retrain_expanding,245,17.745993482432254,9.840301166063718,0.01824933482319291,5.7238598823140325,0.10403449236624493,282.1577127261641,29.750044834434416,24.02618495212038,26.333074802649417,17.910170308108864,1.470286119542206,320.7742004654644,731
14,A0_frozen,42,19.883740764737947,12.538802716656749,-0.2325278848037149,5.814493555466618,0.08551210597209499,361.5548114927389,29.840678507587,24.02618495212038,28.13152552796261,17.910170308108864,1.5707011739149128,320.7742004654644,731
14,A1_head_only,42,14.447711268906774,11.085112536898714,0.3492732251945273,4.332410061008856,0.08992097426116863,189.96658397296508,28.35859501312924,24.02618495212038,14.785268218176013,17.910170308108864,0.8255235971420078,320.7742004654644,731
14,A2_full_earlystop,42,13.338619630383747,9.577969636103557,0.44534574979569175,3.419375718463529,0.06571611339570639,166.22664334004065,27.44556067058391,24.02618495212038,15.886554843496333,17.910170308108864,0.8870130529302485,320.7742004654644,731
14,A3_rescale,42,13.642350590328128,8.999200611685401,0.4197983211886648,-2.8051425160607613,0.0422796563750532,178.24490509401448,21.22104243605962,24.02618495212038,7.386830592124556,17.910170308108864,0.4124377638542139,320.7742004654644,731
14,A4_recalibrate,42,13.171228065716909,10.868404771241735,0.459179545900524,4.821149843099572,0.13398269827934892,150.23776294950977,28.847334795219954,24.02618495212038,10.612517004486733,17.910170308108864,0.5925413785530501,320.7742004654644,731
14,A5_retrain_expanding,42,21.778559394015055,12.006200933694908,-0.4786277967192898,6.220725278122219,0.08158752282356878,435.60822629277266,30.2469102302426,24.02618495212038,29.740894710904474,17.910170308108864,1.660559011962004,320.7742004654644,731
14,A0_frozen,49,17.742100925413148,11.272227564468594,0.01867997865546367,0.4188716327688113,0.0005573805483803172,314.60669180280775,24.445056584889194,24.02618495212038,23.73993796620932,17.910170308108864,1.3255004032798627,320.7742004654644,731
14,A1_head_only,49,14.417654863296937,10.660469920914803,0.3519778976753162,2.880106545106234,0.03990504990742292,199.57375804598604,26.906291497226615,24.02618495212038,13.937971480154141,17.910170308108864,0.7782154630793041,320.7742004654644,731
14,A2_full_earlystop,49,15.139613179511628,11.805095281439703,0.2854541079281111,4.5646752790208405,0.09090551226288401,208.3716268223382,28.59086023114122,24.02618495212038,13.019338614430898,17.910170308108864,0.726924333518837,320.7742004654644,731
14,A3_rescale,49,15.094736165397395,9.738086014428509,0.28968395970645644,-4.221935291696279,0.07822977700811341,210.0263222956855,19.8042496604241,24.02618495212038,6.233679111293472,17.910170308108864,0.34805247544023415,320.7742004654644,731
14,A4_recalibrate,49,14.287683198875216,11.390058566559716,0.3636087600087423,3.613358403777034,0.06395852763024332,191.08153223727504,27.639543355897416,24.02618495212038,8.217787136976776,17.910170308108864,0.45883355633174283,320.7742004654644,731
14,A5_retrain_expanding,49,15.64154156432459,10.523934570430438,0.23728958827274993,2.6994980977351952,0.029785640634576258,237.37053252881785,26.72568304985558,24.02618495212038,25.761891600000272,17.910170308108864,1.438394563358034,320.7742004654644,731
14,A0_frozen,56,18.453150366628726,11.793840557024287,-0.061552824258605865,3.5456132459168246,0.03691829885295693,327.9473851637891,27.571798198037207,24.02618495212038,26.334739289826064,17.910170308108864,1.4703790548492417,320.7742004654644,731
14,A1_head_only,56,15.640580441421411,12.529767667001705,0.23738331764336706,5.90753871415291,0.14266170835301928,209.7287428853585,29.93372366627329,24.02618495212038,12.930383671750311,17.910170308108864,0.7219576056122736,320.7742004654644,731
14,A2_full_earlystop,56,14.544919930980662,11.556836606539454,0.3404871854043787,5.239153946237004,0.12974769465054545,184.10596172626774,29.265338898357385,24.02618495212038,12.536537811588126,17.910170308108864,0.6999675377688722,320.7742004654644,731
14,A3_rescale,56,14.13987623467188,9.221996179656356,0.3767076665089705,-3.4009095333261126,0.057849411175928386,188.36991427797014,20.62527541879427,24.02618495212038,6.915026954074687,17.910170308108864,0.3860949859836841,320.7742004654644,731
14,A4_recalibrate,56,13.276043527596213,10.747577185697333,0.4505376944564926,4.700311202936134,0.12534756186173165,154.16040634218234,28.726496155056516,24.02618495212038,11.242942217826762,17.910170308108864,0.6277406649079433,320.7742004654644,731
14,A5_retrain_expanding,56,19.56738645340069,12.263350761784086,-0.19362034746292256,8.10943394590344,0.17175739183748387,317.11969369375765,32.13561889802382,24.02618495212038,27.400031205473006,17.910170308108864,1.529858774880973,320.7742004654644,731
14,A0_frozen,63,18.50412323786473,11.89186820197099,-0.06742554826802438,3.2662303057236155,0.031157068120412593,331.73431639205796,27.292415257844,24.02618495212038,28.29020696844145,17.910170308108864,1.5795610249240903,320.7742004654644,731
14,A1_head_only,63,13.71860380007785,10.606931102005401,0.413294180297481,1.2064277444998652,0.007733619579940092,186.74462232081137,25.232612696620247,24.02618495212038,14.902338915370736,17.910170308108864,0.8320601456605733,320.7742004654644,731
14,A2_full_earlystop,63,13.681068247735059,10.271124974121637,0.41650036652702704,1.1705711596560722,0.007320750754469219,185.80139155936584,25.196756111776455,24.02618495212038,12.639799549269217,17.910170308108864,0.7057330741040762,320.7742004654644,731
14,A3_rescale,63,13.444386340661788,8.931713648834435,0.436514770157042,-3.4742703847861636,0.06677982256714989,168.6809693703711,20.55191456733422,24.02618495212038,7.428497503424826,17.910170308108864,0.4147642024409762,320.7742004654644,731
14,A4_recalibrate,63,12.601909709686751,10.629603571053437,0.504922378106917,4.3106395067415875,0.1170066869520732,140.22651537401583,28.336824458861972,24.02618495212038,10.197232885702588,17.910170308108864,0.5693543227272256,320.7742004654644,731
14,A5_retrain_expanding,63,18.093790302861308,11.320001590087411,-0.020609659532657032,4.251563535106884,0.055212605423614815,309.30945503086735,28.277748487227267,24.02618495212038,27.341070146511466,17.910170308108864,1.526566731424812,320.7742004654644,731
14,A0_frozen,70,18.58900320194899,11.805845319364106,-0.07724074922687874,1.4096759649944706,0.0057507751272899005,343.56385371578676,25.43586091711485,24.02618495212038,27.12691549041061,17.910170308108864,1.5146095778960207,320.7742004654644,731
14,A1_head_only,70,17.790348334548394,11.414896639252753,0.01333556936526803,3.3877306115856256,0.03626175619368879,305.0197751678945,27.41391556370601,24.02618495212038,23.781871671846726,17.910170308108864,1.3278417381145415,320.7742004654644,731
14,A2_full_earlystop,70,16.878712502116095,11.352091152936882,0.11186455981904175,3.464213238621933,0.04212409683000688,272.8901623664467,27.490398190742315,24.02618495212038,21.67328689289054,17.910170308108864,1.2101105975010142,320.7742004654644,731
14,A3_rescale,70,14.140918444258988,9.05408416317628,0.3766157809542635,-3.961768019778228,0.07849153978593006,184.26996860464652,20.064416932342155,24.02618495212038,7.123038155709436,17.910170308108864,0.39770912465776315,320.7742004654644,731
14,A4_recalibrate,70,13.028628961704396,10.155883098684747,0.4708266052087381,3.1069647050181755,0.05686894966809244,160.09194294353395,27.13314965713856,24.02618495212038,9.669678983344653,17.910170308108864,0.5398987735458153,320.7742004654644,731
14,A5_retrain_expanding,70,25.26036402456982,15.497894162346334,-0.9892060824339259,11.32552300604365,0.20101909968122242,509.8185192933572,35.351707958164035,24.02618495212038,31.2477862080099,17.910170308108864,1.7446950905800378,320.7742004654644,731
14,A0_frozen,77,17.508735159819473,10.79871561716865,0.04432524045928232,4.4768668810336925,0.06537908145791571,286.51346982620225,28.503051833154075,24.02618495212038,26.449371933966802,17.910170308108864,1.4767794766302025,320.7742004654644,731
14,A1_head_only,77,14.615237836912415,11.928468178553132,0.33409489691015926,4.080358235283264,0.07794438112304425,196.95585370127236,28.106543187403645,24.02618495212038,11.189584506148712,17.910170308108864,0.6247614798549742,320.7742004654644,731
14,A2_full_earlystop,77,13.06849540567939,10.31004914649932,0.4675832036353227,2.9457851129012633,0.05081020499109384,162.1079222368726,26.971970065021644,24.02618495212038,11.497136383935333,17.910170308108864,0.6419333923770665,320.7742004654644,731
14,A3_rescale,77,13.648487482745864,9.099098857212718,0.41927620645187713,-3.1563789872969212,0.053482196519674494,176.31848225522103,20.86980596482346,24.02618495212038,6.945127493025197,17.910170308108864,0.38777562544342625,320.7742004654644,731
14,A4_recalibrate,77,12.956258671243214,10.452112769786243,0.47668908998110704,3.2807296866024243,0.06411825239852162,157.10145147961055,27.30691463872281,24.02618495212038,8.508640194616406,17.910170308108864,0.47507310361890326,320.7742004654644,731
14,A5_retrain_expanding,77,19.630959387883827,11.111524131815607,-0.20138890823994093,6.24706958918017,0.10126739501165173,346.3486880366844,30.273254541300552,24.02618495212038,29.33210594859276,17.910170308108864,1.6377346191572837,320.7742004654644,731
14,A0_frozen,84,17.698166207333404,11.10201916965949,0.023534041553566643,4.684600496838488,0.07006297617471839,291.27960528741863,28.71078544895887,24.02618495212038,24.86632224716986,17.910170308108864,1.3883911665491862,320.7742004654644,731
14,A1_head_only,84,16.27778859161894,12.908269725973854,0.17397845260324507,2.2637591786897295,0.01934058654749596,259.8417958143378,26.289944130810113,24.02618495212038,7.15846783624716,17.910170308108864,0.39968731246548506,320.7742004654644,731
14,A2_full_earlystop,84,15.794156963831375,12.341246731285583,0.22233336148553418,3.9830117598360117,0.06359606987047489,233.59101151915115,28.009196711956395,24.02618495212038,8.379201818041683,17.910170308108864,0.4678460156377175,320.7742004654644,731
14,A3_rescale,84,14.245039656540461,9.618800538898263,0.3674018841853288,-3.1018318952923094,0.0474142832242279,193.29979370975775,20.92435305682807,24.02618495212038,6.529447202547344,17.910170308108864,0.364566449688707,320.7742004654644,731
14,A4_recalibrate,84,16.3457939643396,14.220345722729725,0.1670621267641288,3.4273788111236634,0.0439655159532787,255.43805480970147,27.453563763244045,24.02618495212038,2.8112170563864645,17.910170308108864,0.15696205050119935,320.7742004654644,731
14,A5_retrain_expanding,84,19.014776877941728,12.7221052137915,-0.1271534281536908,9.990823570346441,0.2760705701097341,261.7451841041174,34.017008522466824,24.02618495212038,26.019718067207492,17.910170308108864,1.4527900974468688,320.7742004654644,731
14,A0_frozen,91,19.731848880102152,11.974336599955318,-0.2137692484689302,5.100611229854536,0.0668203712322442,363.3296253090704,29.12679618197492,24.02618495212038,28.130411443388443,17.910170308108864,1.5706389698959113,320.7742004654644,731
14,A1_head_only,91,14.442709701208448,9.362923977929363,0.3497236897147583,2.241124825756528,0.024078793870596197,203.56922302875844,26.26730977787691,24.02618495212038,20.90702508840208,17.910170308108864,1.1673269839838645,320.7742004654644,731
14,A2_full_earlystop,91,13.079416689339876,9.562062961566888,0.466692955090693,2.7360062971895283,0.04375799692115108,163.58541047512173,26.76219124930991,24.02618495212038,16.51443491788003,17.910170308108864,0.9220702334920338,320.7742004654644,731
14,A3_rescale,91,13.699587557770007,8.920191055446056,0.4149195945912335,-2.99259505934813,0.04771785623451011,178.72307406377195,21.03358989277225,24.02618495212038,7.386538073578373,17.910170308108864,0.4124214313157092,320.7742004654644,731
14,A4_recalibrate,91,12.736070314802125,10.291797132499893,0.49432502106400633,3.8337852763331224,0.09061178254532222,147.5095775185553,27.859970228453506,24.02618495212038,11.344170504494894,17.910170308108864,0.6333926651361209,320.7742004654644,731
14,A5_retrain_expanding,91,19.108910087607583,11.60296447799098,-0.1383410642327645,2.7733641356597354,0.021064053843666754,357.4588961073073,26.799549087780118,24.02618495212038,28.31974456486301,17.910170308108864,1.5812102329390578,320.7742004654644,731
14,A0_frozen,98,16.167127580684898,10.18327868245721,0.18517133288503695,1.3477505138162391,0.006949495549471321,259.55958276265034,25.373935465936622,24.02618495212038,24.37338012428675,17.910170308108864,1.360868138325388,320.7742004654644,731
14,A1_head_only,98,12.25968975452641,9.524582249547748,0.5314461304582954,2.172558448635995,0.0314039283860432,145.57998266450016,26.198743400756378,24.02618495212038,11.116536864435274,17.910170308108864,0.6206829233445224,320.7742004654644,731
14,A2_full_earlystop,98,12.940013726625878,10.207296082985351,0.4780005530298447,2.926366318193638,0.05114320081435303,158.88033541700796,26.952551270314018,24.02618495212038,12.305829458668137,17.910170308108864,0.6870861218498101,320.7742004654644,731
14,A3_rescale,98,14.335107746419686,9.502207903762587,0.35937705151076815,-3.97802848389465,0.07700764704962489,189.67060348278454,20.04815646822573,24.02618495212038,6.400009591555534,17.910170308108864,0.3573394044532294,320.7742004654644,731
14,A4_recalibrate,98,14.804076427897932,12.34356917377686,0.3167758549003421,3.5316675124433243,0.05691110048579361,206.68800346459557,27.557852464563705,24.02618495212038,5.280749836076913,17.910170308108864,0.2948464333522302,320.7742004654644,731
14,A5_retrain_expanding,98,21.61242055440965,12.489024337545727,-0.45615427158069677,8.431461288330558,0.15219447295336028,396.0071827640519,32.45764624045094,24.02618495212038,29.671732322911367,17.910170308108864,1.6566973854780953,320.7742004654644,731
14,A0_frozen,105,16.988441120498372,11.557935554797671,0.100279476074285,4.29254922536597,0.06384450288306494,270.18115285244994,28.318734177486352,24.02618495212038,23.813054320924607,17.910170308108864,1.3295827963256832,320.7742004654644,731
14,A1_head_only,105,14.986587351001042,11.943575532018242,0.29982585849086885,3.1049209966135103,0.042923547678513835,214.95726603397299,27.131105948733893,24.02618495212038,9.037387023853384,17.910170308108864,0.5045952589161975,320.7742004654644,731
14,A2_full_earlystop,105,13.392029867244602,9.483324428987308,0.4408949856162745,1.0439349265415598,0.006076507485895944,178.25666383431823,25.07011987866194,24.02618495212038,11.344730369830812,17.910170308108864,0.6334239247682901,320.7742004654644,731
14,A3_rescale,105,14.420760594999535,9.820473592500909,0.3516986845060165,-3.204777628786683,0.04938777565108856,197.68773648831973,20.8214073233337,24.02618495212038,6.252878069281883,17.910170308108864,0.3491244338671018,320.7742004654644,731
14,A4_recalibrate,105,13.431418733436796,10.196099982858389,0.43760125056460175,1.9219797568429517,0.020476411132166014,176.70900300720282,25.948164708963333,24.02618495212038,8.057083613044224,17.910170308108864,0.4498608039140959,320.7742004654644,731
14,A5_retrain_expanding,105,19.146967243220164,11.917273855051231,-0.14287980168285386,8.116661424765736,0.1797028116270239,300.72616192866576,32.14284637688612,24.02618495212038,26.08378197919668,17.910170308108864,1.456367054610709,320.7742004654644,731
14,A0_frozen,112,16.88701928251874,11.033174325210842,0.11099016119638905,4.140897227793222,0.060128851047640174,268.02439039701403,28.167082179913606,24.02618495212038,26.652718376322213,17.910170308108864,1.4881331622098057,320.7742004654644,731
14,A1_head_only,112,13.04042432644593,10.549672075762665,0.46986800569682596,4.644542595030736,0.12685349983984895,148.48089069670792,28.67072754715112,24.02618495212038,11.859445182001359,17.910170308108864,0.6621626136425945,320.7742004654644,731
14,A2_full_earlystop,112,12.205238858151363,9.187546858790407,0.5355990121139235,3.1474865896024076,0.0665020771954773,139.061183752801,27.17367154172279,24.02618495212038,14.925097880192894,17.910170308108864,0.8333308742148324,320.7742004654644,731
14,A3_rescale,112,13.412685765799944,9.110456818766664,0.439168925708347,-3.2445986951668826,0.05851813525404241,169.37271875941383,20.7815862569535,24.02618495212038,6.998522516564925,17.910170308108864,0.39075689377427814,320.7742004654644,731
14,A4_recalibrate,112,12.050853070811332,9.761934514003185,0.5472732547581609,4.495563711994554,0.13916586749777204,125.01296664568069,28.521748664114934,24.02618495212038,11.285295167748151,17.910170308108864,0.6301054079110968,320.7742004654644,731
14,A5_retrain_expanding,112,20.483118063758706,11.72330019036905,-0.30795470771985967,6.613257194600974,0.10424102895862226,375.82295489193666,30.639442146721358,24.02618495212038,29.570424692211937,17.910170308108864,1.6510409551395426,320.7742004654644,731
14,A0_frozen,119,21.04335734614906,12.850527166922081,-0.38048162151183185,2.1765083395098213,0.010697704829794269,438.0856998457699,26.202693291630204,24.02618495212038,29.291135767194678,17.910170308108864,1.6354470819260194,320.7742004654644,731
14,A1_head_only,119,14.276766540567797,10.66225573814173,0.36458087165953124,2.5854875014924827,0.03279632411467499,197.14131723350235,26.611672453612865,24.02618495212038,14.6696009716658,17.910170308108864,0.819065409167221,320.7742004654644,731
14,A2_full_earlystop,119,14.449607394963351,9.52157362006014,0.3491024104631546,1.4116417905945797,0.009544142594313965,206.7984213236265,25.43782674271496,24.02618495212038,18.284278038153612,17.910170308108864,1.020888005172981,320.7742004654644,731
14,A3_rescale,119,14.12754882896088,8.849770758403146,0.3777939883411471,-3.7604116825088094,0.07084955917807478,185.4469398927252,20.26577326961157,24.02618495212038,7.691323435240229,17.910170308108864,0.4294388776279792,320.7742004654644,731
14,A4_recalibrate,119,13.670042576697305,10.826609014032574,0.41744048063230643,3.0620538696790036,0.05017483109746132,177.49389014790097,27.088238821799386,24.02618495212038,8.572845644740603,17.910170308108864,0.478657963451036,320.7742004654644,731
14,A5_retrain_expanding,119,22.808461097543567,14.094925778933526,-0.6217822283814485,9.614420066054379,0.17768641204948904,427.78882443160916,33.64060501817476,24.02618495212038,29.240982834571355,17.910170308108864,1.6326468331421977,320.7742004654644,731
14,A0_frozen,126,18.27106126997837,11.664506150515722,-0.0407061398544275,2.402270722576826,0.01728686931610963,328.06077530675395,26.428455674697208,24.02618495212038,28.317659286761852,17.910170308108864,1.5810938031081132,320.7742004654644,731
14,A1_head_only,126,15.233883873162716,11.18996504015629,0.27652779580073283,4.8190291049461536,0.10006859846026642,208.848176346689,28.845214057066535,24.02618495212038,20.083653040039582,17.910170308108864,1.121354665787107,320.7742004654644,731
14,A2_full_earlystop,126,13.59429632999144,9.958129091697517,0.4238785649236917,3.8547598634879026,0.08040465480892915,169.94571910246145,27.880944815608284,24.02618495212038,17.549114230646488,17.910170308108864,0.9798407233850307,320.7742004654644,731
14,A3_rescale,126,13.457853516738181,8.909498275376931,0.4353853239594262,-3.7011305224960043,0.0756340242168853,167.41545413343073,20.325054429624377,24.02618495212038,7.435706052335948,17.910170308108864,0.4151666859901057,320.7742004654644,731
14,A4_recalibrate,126,12.4939041169578,10.272419142829278,0.5133722105542555,4.00028114614839,0.10251435729359028,140.0953908355048,28.026466098268774,24.02618495212038,10.009361984694594,17.910170308108864,0.5588647015915218,320.7742004654644,731
14,A5_retrain_expanding,126,20.152932763815468,12.524063585737988,-0.2661264478051235,6.5329439428942635,0.10508515070733966,363.46134242186815,30.55912889501465,24.02618495212038,29.246885908177127,17.910170308108864,1.632976426524294,320.7742004654644,731
14,A0_frozen,133,15.348476964340362,9.87080280452577,0.265602580310228,2.8287199350046563,0.03396638506417882,227.574088654194,26.854904887125038,24.02618495212038,24.03547827266995,17.910170308108864,1.342001659347027,320.7742004654644,731
14,A1_head_only,133,16.299280623075273,13.045880888484636,0.17179577271408542,2.994695125387796,0.03375735083519446,256.6983499357356,27.020880077508178,24.02618495212038,9.671584825317534,17.910170308108864,0.5400051847043971,320.7742004654644,731
14,A2_full_earlystop,133,12.69409672844747,9.5208322996784,0.4976525807956004,2.2321510531100643,0.030920289728976525,156.1575934272804,26.258336005230447,24.02618495212038,15.364968786641533,17.910170308108864,0.8578907136178943,320.7742004654644,731
14,A3_rescale,133,14.047104315369543,9.457541743913852,0.3848596945747267,-3.589152693495638,0.0652845259270278,184.43912258964662,20.437032258624743,24.02618495212038,6.311282595628955,17.910170308108864,0.352385403770924,320.7742004654644,731
14,A4_recalibrate,133,13.783429597679655,11.369781053180406,0.4077362481193504,3.832218863006884,0.07730116226773139,175.29703006020583,27.858403815127268,24.02618495212038,6.934583897785862,17.910170308108864,0.3871869322563737,320.7742004654644,731
14,A5_retrain_expanding,133,25.148739686282855,14.611494780827224,-0.9716645132017434,10.082842622760612,0.16074353914775727,530.7953924530603,34.109027574881,24.02618495212038,32.03592154623279,17.910170308108864,1.788699995316542,320.7742004654644,731
14,A0_frozen,140,18.34895305194102,10.892678567560198,-0.04959837048548499,4.778940320267789,0.06783293915591537,313.84580751765446,28.80512527238817,24.02618495212038,25.975040797190083,17.910170308108864,1.4502955778946354,320.7742004654644,731
14,A1_head_only,140,18.274432175666842,11.730389060936545,-0.041090183869080255,4.197089256658177,0.05274831942864611,316.33931311469206,28.22327420877856,24.02618495212038,23.666786567243857,17.910170308108864,1.3214160535664294,320.7742004654644,731
14,A2_full_earlystop,140,17.240348373386183,11.249546838424829,0.07339925840538308,4.331375143033927,0.0631189150407988,278.46880140602735,28.35756009515431,24.02618495212038,22.37192775987544,17.910170308108864,1.2491186501865092,320.7742004654644,731
14,A3_rescale,140,14.063382786995865,9.357847942499456,0.38343315913006193,-3.0770600157543333,0.0478731867748829,188.31043707301748,20.949124936366047,24.02618495212038,6.820576622901497,17.910170308108864,0.38082142746646397,320.7742004654644,731
14,A4_recalibrate,140,12.781712110352512,9.978997243657352,0.49069418851370106,3.5368654027602253,0.07657006270117339,150.8627475946898,27.56305035488061,24.02618495212038,11.62214823026043,17.910170308108864,0.6489133285906544,320.7742004654644,731
14,A5_retrain_expanding,140,17.617672612406754,10.75005328237531,0.03239603488197684,5.822318450949652,0.10921815613427105,276.4829961336782,29.848503403070033,24.02618495212038,26.302538206560158,17.910170308108864,1.4685811331817227,320.7742004654644,731
14,A0_frozen,147,13.653250231195482,8.747008054600727,0.4188708393469781,4.074198136178055,0.08904554406600908,169.8121514228027,28.100383088298436,24.02618495212038,23.47844635321472,17.910170308108864,1.3109002287144533,320.7742004654644,731
14,A1_head_only,147,12.600001512790177,10.089474210306523,0.5050722972984002,3.9933128096907975,0.10044433967542127,142.81349092627414,28.01949776181118,24.02618495212038,13.994934249644693,17.910170308108864,0.7813959336449448,320.7742004654644,731
14,A2_full_earlystop,147,12.946722364748577,10.155105752256631,0.47745916053517756,4.010459855635158,0.09595523581967186,151.53383173621984,28.03664480775554,24.02618495212038,12.109743710629239,17.910170308108864,0.6761378313162398,320.7742004654644,731
14,A3_rescale,147,13.602870733330905,9.540523434304212,0.42315157540971793,-3.262112613489069,0.05750912462007779,174.396713484626,20.764072338631312,24.02618495212038,6.165016024147697,17.910170308108864,0.344218727018831,320.7742004654644,731
14,A4_recalibrate,147,13.72668830560876,11.724451842777443,0.4126024737465679,4.368976229119464,0.10130428582334787,169.3340185487254,28.395161181239846,24.02618495212038,6.457905804880807,17.910170308108864,0.3605719931070101,320.7742004654644,731
14,A5_retrain_expanding,147,20.894720093943587,13.252288169347866,-0.36104876006465014,9.142831599916283,0.1914645281982407,352.9979581398221,33.169016552036666,24.02618495212038,29.033699931284673,17.910170308108864,1.621073358422483,320.7742004654644,731
14,A0_frozen,154,20.23090448822504,11.965671188255342,-0.27594269058352605,5.418500299582632,0.07173442209971878,379.92935091510685,29.444685251703014,24.02618495212038,27.404874221984333,17.910170308108864,1.5301291808250825,320.7742004654644,731
14,A1_head_only,154,17.280502497066063,14.02935029689721,0.06907798034319634,7.004449143871302,0.16429912049095594,249.55345874202706,31.030634095991687,24.02618495212038,16.041749086132633,17.910170308108864,0.8956781990436853,320.7742004654644,731
14,A2_full_earlystop,154,15.464195493320538,12.03836858411129,0.2544869820932435,4.533505322432617,0.08594361106560426,218.58867174711037,28.559690274553,24.02618495212038,10.629596867063162,17.910170308108864,0.5934950189865359,320.7742004654644,731
14,A3_rescale,154,14.11902560220749,9.234502481089539,0.37854452238825576,-2.90912308012079,0.04245362118210147,190.88388686049902,21.117061871999592,24.02618495212038,7.196025122895969,17.910170308108864,0.4017842934546499,320.7742004654644,731
14,A4_recalibrate,154,14.092664530499428,11.50503725008149,0.3808629457075712,3.7460071875116894,0.07065631522183985,184.57062372030742,27.77219213963207,24.02618495212038,7.8127003848860985,17.910170308108864,0.4362158622996948,320.7742004654644,731
14,A5_retrain_expanding,154,19.583970413828904,11.481005057708282,-0.19564446458972062,7.45202018861575,0.14479266340385155,327.9992922781892,31.478205140736133,24.02618495212038,27.935265297412464,17.910170308108864,1.5597431412902154,320.7742004654644,731
14,A0_frozen,161,15.578000082416523,10.7076681595407,0.2434738011484927,-1.1599972899487823,0.0055448594933219155,241.32849285508064,22.8661876621716,24.02618495212038,24.731740659340335,17.910170308108864,1.3808769114910646,320.7742004654644,731
14,A1_head_only,161,12.656842123155315,8.589335685172127,0.5005968301128197,0.6781395134864531,0.0028706971287135777,159.73577933072713,24.704324465606835,24.02618495212038,17.68214994403446,17.910170308108864,0.9872686657830849,320.7742004654644,731
14,A2_full_earlystop,161,12.969532348572384,9.257280028532891,0.47561627744194024,0.47492694211404257,0.0013409265238067804,167.98321374031977,24.501111894234423,24.02618495212038,11.846448399302915,17.910170308108864,0.6614369487005611,320.7742004654644,731
14,A3_rescale,161,14.246870713914465,9.36389837760247,0.36723924541167574,-4.636517831214246,0.10591193490300548,181.47602753982594,19.389667120906136,24.02618495212038,6.494108511301942,17.910170308108864,0.36259334219517286,320.7742004654644,731
14,A4_recalibrate,161,12.116653330597872,9.630761906664803,0.5423157856185042,3.306139606873477,0.07445211025489498,135.882728833751,27.33232455899386,24.02618495212038,10.758633666257902,17.910170308108864,0.6006996852166676,320.7742004654644,731
14,A5_retrain_expanding,161,18.15096364158009,10.998280113165421,-0.0270697600988421,6.325611407151855,0.12145227219764625,289.44412144367277,30.35179635927224,24.02618495212038,28.842068557062525,17.910170308108864,1.610373774279758,320.7742004654644,731
14,A0_frozen,168,18.408323081943276,12.356981176439225,-0.056401537896402676,2.5167573149896354,0.018691933324556383,332.5322913066517,26.542942267110018,24.02618495212038,29.832052049393976,17.910170308108864,1.6656487088728273,320.7742004654644,731
14,A1_head_only,168,11.76298809297295,8.672885444174582,0.5686439599112318,1.26615514451117,0.011586133625377944,136.76474002545126,25.292340096631552,24.02618495212038,14.720554238403814,17.910170308108864,0.8219103439646833,320.7742004654644,731
14,A2_full_earlystop,168,11.3843606616201,8.28349697422231,0.5959660487477488,0.5318247548777829,0.0021823268968945734,129.32083010394243,24.558009706998163,24.02618495212038,14.386762440082157,17.910170308108864,0.8032733465168962,320.7742004654644,731
14,A3_rescale,168,12.845806985534502,8.35623327946278,0.4855734754535752,-3.6710685541218173,0.08166993404178059,151.53801278054496,20.355116397998565,24.02618495212038,7.833358053364428,17.910170308108864,0.4373692666572724,320.7742004654644,731
14,A4_recalibrate,168,13.655682048547849,11.389949617595123,0.41866380793579827,4.037792371586542,0.08743013998048363,170.17388497498948,28.063977323706922,24.02618495212038,6.592005105097634,17.910170308108864,0.368059320022942,320.7742004654644,731
14,A5_retrain_expanding,168,22.499209743565853,12.47543050033632,-0.5781020990790975,6.5026564657688795,0.08353088700559234,463.9298979731627,30.52884141788926,24.02618495212038,29.92238591773414,17.910170308108864,1.6706924279880646,320.7742004654644,731
14,A0_frozen,175,23.20667426678444,14.354753541908318,-0.678906002238223,7.690469176359999,0.10981960030864375,479.4064143720918,31.716654128480382,24.02618495212038,29.094503394333454,17.910170308108864,1.6244682710337413,320.7742004654644,731
14,A1_head_only,175,20.088224857431317,14.87901005420189,-0.25800883405574115,6.088158231843253,0.0918520260947788,366.47110726676067,30.114343183963634,24.02618495212038,19.45099266793091,17.910170308108864,1.0860305811343647,320.7742004654644,731
14,A2_full_earlystop,175,18.07482046103515,13.460509644414689,-0.018470731825044107,5.781729121630628,0.10232164118446715,293.2707430627433,29.807914073751007,24.02618495212038,18.10400034079411,17.910170308108864,1.0108223444752777,320.7742004654644,731
14,A3_rescale,175,14.278230893375637,9.59040665716127,0.36445051644203064,-2.312545091354014,0.02623201294181426,198.5200126450009,21.713639860766367,24.02618495212038,7.6396913552129195,17.910170308108864,0.42655604183473533,320.7742004654644,731
14,A4_recalibrate,175,14.116240447163884,11.43147298057128,0.3787896779946943,3.3877822274141534,0.0575960733589093,187.79117594176242,27.413967179534538,24.02618495212038,9.221997799039864,17.910170308108864,0.5149028535404037,320.7742004654644,731
14,A5_retrain_expanding,175,17.058694199746995,10.86513374512825,0.09282277883251511,2.28002280584771,0.01786433335256109,285.80054380529606,26.306207757968092,24.02618495212038,27.38828140095755,17.910170308108864,1.5292027339660446,320.7742004654644,731
14,A0_frozen,182,21.89393114171275,12.667705378880743,-0.4943353304053115,8.683493527529569,0.1573046186116885,403.9411609954115,32.70967847964995,24.02618495212038,29.562021380111922,17.910170308108864,1.6505717629456411,320.7742004654644,731
14,A1_head_only,182,18.157843734028695,13.534395142789286,-0.027848525819652137,9.1540634088331,0.2541553665054016,245.91041217646816,33.18024836095348,24.02618495212038,19.82311869781826,17.910170308108864,1.1068079396678492,320.7742004654644,731
14,A2_full_earlystop,182,15.22740558324555,11.305557175634464,0.27714298575074436,5.790616411280601,0.14460981248680402,198.34264237406558,29.816801363400984,24.02618495212038,17.695420285323532,17.910170308108864,0.9880096046497054,320.7742004654644,731
14,A3_rescale,182,13.32681783487355,8.996419151759113,0.4463268138578832,-2.0517947865330886,0.023703633371795756,173.39421175785938,21.974390165587295,24.02618495212038,7.762453054770436,17.910170308108864,0.4334103429075697,320.7742004654644,731
14,A4_recalibrate,182,13.115134494388718,11.10448857569662,0.46377622465799384,4.146259069206352,0.09994644970930328,154.8152885369289,28.172444021326736,24.02618495212038,9.780676022839364,17.910170308108864,0.5460962042561451,320.7742004654644,731
14,A5_retrain_expanding,182,19.60584697342858,10.871358130092595,-0.1983171807075652,5.28815931506594,0.07275081182185864,356.42460660398007,29.31434426718632,24.02618495212038,29.124885579779097,17.910170308108864,1.6261646359997342,320.7742004654644,731
14,A0_frozen,189,18.934652461990158,13.782582923232416,-0.11767424978727203,3.751980284096996,0.039265073858792875,344.4437078040973,27.77816523621738,24.02618495212038,30.112585825996412,17.910170308108864,1.681312087376572,320.7742004654644,731
14,A1_head_only,189,12.321098622992647,9.371989523779872,0.5267403954020435,2.099699903048244,0.0290412689390211,147.4007315946505,26.125884855168625,24.02618495212038,11.266398132985117,17.910170308108864,0.6290503071254567,320.7742004654644,731
14,A2_full_earlystop,189,11.047237440298312,8.57294926225216,0.6195409266542051,2.04709543649384,0.034337510348214785,117.85085533621488,26.073280388614222,24.02618495212038,16.153997330521026,17.910170308108864,0.9019454897761231,320.7742004654644,731
14,A3_rescale,189,12.751864789406413,8.646237081942578,0.49307003065912025,-3.3467213033569156,0.06887977155233184,151.40951212496006,20.679463648763466,24.02618495212038,7.907021269637396,17.910170308108864,0.4414821932797299,320.7742004654644,731
14,A4_recalibrate,189,11.75072316536297,9.385816483633562,0.5695430159014174,4.812878752301135,0.16775700041210287,114.91569302464625,28.839063704421516,24.02618495212038,11.637857523124502,17.910170308108864,0.6497904443630801,320.7742004654644,731
14,A5_retrain_expanding,189,19.94240209702752,11.56571238665809,-0.23981105968759264,6.582381364022397,0.10894596338077568,354.3716569780984,30.60856631614278,24.02618495212038,27.77309695788346,17.910170308108864,1.5506886020681299,320.7742004654644,731
14,A0_frozen,196,21.754625963493,13.070076162020715,-0.47537972232413694,7.7403424754107535,0.12659516291691036,413.3508491748361,31.766527427531138,24.02618495212038,30.98912428841917,17.910170308108864,1.7302529096771786,320.7742004654644,731
14,A1_head_only,196,13.929330194096588,10.890104726456878,0.395131405909122,2.521904678017007,0.03277908810826035,187.66623645116687,26.54808963013739,24.02618495212038,10.102563951616713,17.910170308108864,0.5640685586916366,320.7742004654644,731
14,A2_full_earlystop,196,12.70089112255694,9.458217415571928,0.4971146835594308,2.199398777969299,0.02998745247280431,156.47528032251284,26.22558373008968,24.02618495212038,12.495953026281429,17.910170308108864,0.6977015188193862,320.7742004654644,731
14,A3_rescale,196,12.822642863358846,8.367897812156833,0.48742707561062226,-2.299449298262693,0.032158263035737475,159.13270292596673,21.726735653857688,24.02618495212038,8.137184541877202,17.910170308108864,0.45433317505602255,320.7742004654644,731
14,A4_recalibrate,196,12.380049570317343,10.462695040162968,0.5222008904047888,5.0595066225398915,0.1670211886635897,127.66702009998964,29.085691574660274,24.02618495212038,12.292920945021427,17.910170308108864,0.686365385339512,320.7742004654644,731
14,A5_retrain_expanding,196,19.635888795310574,11.48356303601976,-0.2019923305001421,5.992968171883934,0.0931499904379775,349.65246127258933,30.019153124004315,24.02618495212038,27.04068924608008,17.910170308108864,1.5097952046741485,320.7742004654644,731
14,A0_frozen,203,17.403689263649945,12.020390466709374,0.05575822635931016,0.7721060076670511,0.0019682090403717297,302.2922522986088,24.798290959787433,24.02618495212038,24.499752766126928,17.910170308108864,1.3679240534655674,320.7742004654644,731
14,A1_head_only,203,17.742019054632568,13.96490500340703,0.01868903522109988,4.646874614445261,0.06859869053981683,293.1857964525694,28.673059566565644,24.02618495212038,8.021867219695489,17.910170308108864,0.44789452482557207,320.7742004654644,731
14,A2_full_earlystop,203,15.002722787999211,11.442323820190847,0.298317349939794,3.6266934543155624,0.05843614089626705,211.92878564197548,27.652878406435946,24.02618495212038,10.946801446528648,17.910170308108864,0.6112058823679897,320.7742004654644,731
14,A3_rescale,203,14.722284303593662,9.798545617592286,0.3243045893300389,-4.129182318403292,0.07866430637099456,199.69550849722592,19.89700263371709,24.02618495212038,6.433192786731091,17.910170308108864,0.35919216155183353,320.7742004654644,731
14,A4_recalibrate,203,14.307317056341768,11.485073667362906,0.3618585252378279,3.706526761594844,0.06711473464478382,190.96098071626932,27.732711713715226,24.02618495212038,7.183764468286826,17.910170308108864,0.40109972963430524,320.7742004654644,731
14,A5_retrain_expanding,203,19.194523665982434,11.330293931936534,-0.148564124637655,7.070140628669624,0.13567549860894856,318.4428502547948,31.09632558079001,24.02618495212038,28.16511385475169,17.910170308108864,1.5725765512123513,320.7742004654644,731
14,A0_frozen,210,21.329439909824604,12.66285340859952,-0.4182718130281786,8.074445106841374,0.14330669157663795,389.748343083424,32.100630058961755,24.02618495212038,28.764088439462014,17.910170308108864,1.6060198169326743,320.7742004654644,731
14,A1_head_only,210,14.942411669528893,11.330794946892317,0.3039475550786641,5.920321468542181,0.15698175640926276,188.22546021079174,29.946506420662562,24.02618495212038,18.076588204436487,17.910170308108864,1.0092918098189316,320.7742004654644,731
14,A2_full_earlystop,210,14.45234253724688,11.023113392564015,0.34885597248522104,5.180301123629257,0.12847940545365272,182.034685082441,29.206486075749638,24.02618495212038,16.827023195443793,17.910170308108864,0.9395233493578409,320.7742004654644,731
14,A3_rescale,210,13.548832699718298,9.119521616366656,0.4277255862267524,-2.2117199459822157,0.02664750232653645,178.67916240550022,21.814465006138168,24.02618495212038,7.5529303524403035,17.910170308108864,0.4217118108039821,320.7742004654644,731
14,A4_recalibrate,210,12.958044235066392,10.791090412946666,0.4765448400953455,4.306366891859398,0.11044425739431031,149.3661145906346,28.33255184397978,24.02618495212038,11.638558610755352,17.910170308108864,0.6498295890288643,320.7742004654644,731
14,A5_retrain_expanding,210,19.22151897332202,11.958065796619891,-0.15179709311303036,6.809241424596816,0.1254937380770065,323.1010228633332,30.835426376717198,24.02618495212038,28.423893902547164,17.910170308108864,1.5870253277088153,320.7742004654644,731
14,A0_frozen,217,16.89135585313533,10.707799948370605,0.11053350879455337,4.497968772946631,0.07090940631860113,265.0861794748461,28.524153725067013,24.02618495212038,24.53819680411847,17.910170308108864,1.370070545505017,320.7742004654644,731
14,A1_head_only,217,18.071906448660073,15.011679113961568,-0.018142363741262546,4.237163117181488,0.054972112556259355,308.6402514075184,28.26334806930187,24.02618495212038,6.863276497743443,17.910170308108864,0.3832055407444161,320.7742004654644,731
14,A2_full_earlystop,217,15.149067873260261,12.154103510828188,0.2845613609335321,3.3571892711842937,0.04911111907041593,218.2235376260913,27.383374223304674,24.02618495212038,8.181348714195902,17.910170308108864,0.45679904620961537,320.7742004654644,731
14,A3_rescale,217,14.124043582094723,9.44431324453706,0.37810270645382316,-3.150838044281631,0.049766152188693194,189.5608267276186,20.87534690783875,24.02618495212038,6.4432874442187975,17.910170308108864,0.3597557886594516,320.7742004654644,731
14,A4_recalibrate,217,14.419517015564605,12.068217404934611,0.35181049267538334,3.964001713071476,0.07557292633413101,192.2091613809236,27.99018666519186,24.02618495212038,6.255579237766942,17.910170308108864,0.34927525144385235,320.7742004654644,731
14,A5_retrain_expanding,217,17.80921024703869,11.254787973627279,0.011242272093590078,4.5569017377908185,0.06547115546550522,296.4026161753468,28.5830866899112,24.02618495212038,26.213127985276923,17.910170308108864,1.4635889851593917,320.7742004654644,731
14,A0_frozen,224,17.984274116192587,11.787469024995316,-0.008292172553249655,4.1894048706044265,0.054264879088132406,305.88300231651056,28.21558982272481,24.02618495212038,28.02790703665619,17.910170308108864,1.5649157185270597,320.7742004654644,731
14,A1_head_only,224,11.336573734414939,8.988524859102514,0.5993508709573938,2.4776833720393783,0.04776700132278138,122.37898914374628,26.50386832415976,24.02618495212038,15.695752881181255,17.910170308108864,0.8763597783363887,320.7742004654644,731
14,A2_full_earlystop,224,11.357526959373873,8.745793529893534,0.5978684743170541,2.874888220588487,0.06407289897788757,120.7284363520259,26.90107317270887,24.02618495212038,16.36789844282135,17.910170308108864,0.9138884868900857,320.7742004654644,731
14,A3_rescale,224,13.23624556462312,8.710415127964255,0.4538270334934008,-3.2318614027323367,0.05961778332408177,164.75326852053422,20.794323549388047,24.02618495212038,7.359622307035651,17.910170308108864,0.4109186110700225,320.7742004654644,731
14,A4_recalibrate,224,11.58248408376855,9.202712564813323,0.5817807748999588,3.8882585505536413,0.11269557071505265,119.03538299479827,27.914443502674025,24.02618495212038,12.807106535511098,17.910170308108864,0.7150745255455586,320.7742004654644,731
14,A5_retrain_expanding,224,19.840340470942557,12.64585199388016,-0.22715327302421762,6.795162727430061,0.11730093712464722,347.46487351066634,30.821347679550442,24.02618495212038,26.08959935743176,17.910170308108864,1.4566918632604875,320.7742004654644,731
14,A0_frozen,231,14.45494756734851,9.989720584057913,0.34862121432583726,1.0130923362747597,0.004912075334244424,207.919153092976,25.03927728839514,24.02618495212038,24.405583140720783,17.910170308108864,1.3626661679297996,320.7742004654644,731
14,A1_head_only,231,11.678638230399594,8.276499990055695,0.5748081026509013,2.5586676696338997,0.04800023373779019,129.84381067292117,26.584852621754283,24.02618495212038,19.486291828122997,17.910170308108864,1.0880014814432302,320.7742004654644,731
14,A2_full_earlystop,231,10.88815881972156,7.889945947910627,0.6304191474518409,1.9662890559101245,0.03261263049462767,114.68570983208852,25.992474008030506,24.02618495212038,18.91579932363433,17.910170308108864,1.0561484898370936,320.7742004654644,731
14,A3_rescale,231,13.868603538531795,9.169189315687355,0.4003939100155768,-4.06590363223471,0.08595055704728892,175.80659176235724,19.96028131988567,24.02618495212038,6.408465582801513,17.910170308108864,0.3578115379450115,320.7742004654644,731
14,A4_recalibrate,231,11.978889835508854,9.83355934532155,0.5526641435531959,3.8022630942912174,0.10075142248523938,129.0365970530483,27.8284480464116,24.02618495212038,10.162426327997416,17.910170308108864,0.5674109264832818,320.7742004654644,731
14,A5_retrain_expanding,231,20.08074451363081,11.658389793175777,-0.2570721075341831,5.6765481223079,0.079911452830908,371.01310163683644,29.70273307442828,24.02618495212038,27.814458415663893,17.910170308108864,1.5529979859025038,320.7742004654644,731
14,A0_frozen,238,14.964913169019168,9.824752117874,0.30184963182413305,1.9373557304309268,0.016759858234692917,220.19527893004977,25.963540682551308,24.02618495212038,25.11697753436332,17.910170308108864,1.4023863035513158,320.7742004654644,731
14,A1_head_only,238,12.317966758856558,9.618505524680454,0.5269809577823852,2.965534727575092,0.057959946079140186,142.93790885184129,26.991719679695475,24.02618495212038,13.948288135745956,17.910170308108864,0.7787914852730821,320.7742004654644,731
14,A2_full_earlystop,238,10.903200756498016,8.092634739873967,0.6293972939095583,2.1604278143959736,0.03926191717992665,114.21233839528315,26.186612766516355,24.02618495212038,16.728708244808942,17.910170308108864,0.9340340129113673,320.7742004654644,731
14,A3_rescale,238,13.668405683808968,9.12621234551885,0.4175799872119219,-3.8232088362061036,0.07823846510521196,172.20838813193683,20.20297611591428,24.02618495212038,6.595264786739303,17.910170308108864,0.36824132173401414,320.7742004654644,731
14,A4_recalibrate,238,11.880315457123757,9.685052221425025,0.5599961120440251,3.756572910038522,0.09998335357736221,127.03005533233836,27.782757862158906,24.02618495212038,10.286379993397084,17.910170308108864,0.5743317800132758,320.7742004654644,731
14,A5_retrain_expanding,238,16.760935448906576,10.585745573767625,0.12421586051881128,3.361498277025967,0.0402225202492201,269.6292864559646,27.38768322914635,24.02618495212038,25.138152239751477,17.910170308108864,1.4035685762502286,320.7742004654644,731
14,A0_frozen,245,17.048200569211076,11.06656793115462,0.09393853300449517,1.7302148727891873,0.010300136720994278,287.64749914202787,25.756399824909572,24.02618495212038,26.290154249123994,17.910170308108864,1.467889684846887,320.7742004654644,731
14,A1_head_only,245,14.4898402136421,11.935999834975464,0.345472705996241,2.8533907433297174,0.038778883716306466,201.81363068276002,26.8795756954501,24.02618495212038,9.112499036912293,17.910170308108864,0.5087890779456514,320.7742004654644,731
14,A2_full_earlystop,245,12.88656616367909,10.33878549847792,0.482303791109417,2.073950666499107,0.025901351597070257,161.7623161238067,26.10013561861949,24.02618495212038,10.641207166651263,17.910170308108864,0.5941432707556911,320.7742004654644,731
14,A3_rescale,245,13.902445534694143,9.174345450998036,0.3974640368063327,-3.8776002627308803,0.07779356384030484,178.2422080476065,20.1485846893895,24.02618495212038,6.903319788749113,17.910170308108864,0.3854413257937375,320.7742004654644,731
14,A4_recalibrate,245,15.371241332602187,13.252060092922894,0.26342249544306473,3.7386639865984845,0.059158204841725875,222.2974517004094,27.764848938718867,24.02618495212038,4.2212203327025,17.910170308108864,0.23568845298982638,320.7742004654644,731
14,A5_retrain_expanding,245,22.465557739252734,13.863642927216242,-0.5733849037838572,9.115290577295932,0.1646291080574078,421.6127622271584,33.14147552941632,24.02618495212038,30.089445143135315,17.910170308108864,1.680020045901644,320.7742004654644,731
21,A0_frozen,42,21.263415248721238,14.00126092224382,-0.40950496449987694,4.929952802565194,0.05375507622595003,427.8283934040303,28.956137754685574,24.02618495212038,30.24046936276736,17.910170308108864,1.6884523621238783,320.7742004654644,731
21,A1_head_only,42,14.390106678874979,10.96538154381936,0.3544519168657496,3.518924657778343,0.059798723011563706,194.69233948228188,27.545109609898724,24.02618495212038,13.292794792942559,17.910170308108864,0.7421925400075186,320.7742004654644,731
21,A2_full_earlystop,42,14.19544322377279,10.20804657886573,0.371799203218489,2.577520792616442,0.03296905057147761,194.86699488298675,26.603705744736825,24.02618495212038,14.088870521219851,17.910170308108864,0.7866407900566467,320.7742004654644,731
21,A3_rescale,42,13.45496845444795,8.603432813255631,0.4356273794853386,-3.037406865198471,0.05096130874494058,171.81033564543466,20.98877808692191,24.02618495212038,7.940601184395384,17.910170308108864,0.4433571008981563,320.7742004654644,731
21,A4_recalibrate,42,14.709157086967451,12.230024281008363,0.32550902817267335,3.3037931688426143,0.05044871743921167,205.44425290659368,27.329978120962995,24.02618495212038,5.419390249265387,17.910170308108864,0.30258730967017927,320.7742004654644,731
21,A5_retrain_expanding,42,23.630355607776742,14.168187853340118,-0.7407687567757004,8.532171356457923,0.13037028758416438,485.59575809402475,32.558356308578304,24.02618495212038,30.769585266633996,17.910170308108864,1.7179951244072207,320.7742004654644,731
21,A0_frozen,49,19.05340600075398,11.498024530334055,-0.13173777598941605,6.8717736363819295,0.1300745842210307,315.811007319894,30.897958588502313,24.02618495212038,28.22461773600974,17.910170308108864,1.57589890271624,320.7742004654644,731
21,A1_head_only,49,14.544127135783016,10.786115525258452,0.34055907914391614,-0.10726159500351562,5.4389263380742045e-05,211.52012909205718,23.918923357116867,24.02618495212038,9.038624753188396,17.910170308108864,0.5046643665412909,320.7742004654644,731
21,A2_full_earlystop,49,17.07116936874686,10.0760165755375,0.09149544073817462,3.6499503246818787,0.04571380436067206,278.1026862437958,27.67613527680226,24.02618495212038,25.59576260175599,17.910170308108864,1.4291188839319668,320.7742004654644,731
21,A3_rescale,49,13.099843663629965,9.09688077867667,0.46502585381700046,-2.527519793492432,0.03722690278806608,165.21754770505012,21.49866515862795,24.02618495212038,7.411274927653488,17.910170308108864,0.4138025937306704,320.7742004654644,731
21,A4_recalibrate,49,20.915870169294585,19.007335621954084,-0.3638055189724867,3.221779476365117,0.023726831522197196,427.0937619444595,27.2479644284855,24.02618495212038,3.348732404479041,17.910170308108864,0.18697378901879544,320.7742004654644,731
21,A5_retrain_expanding,49,24.872592618529257,15.835778512478266,-0.9286023086321167,4.7270595829317905,0.03611935942113652,596.3007712667288,28.753244535052172,24.02618495212038,31.807096927749757,17.910170308108864,1.7759237561995171,320.7742004654644,731
21,A0_frozen,56,20.658597333187803,12.838893981975865,-0.3304612501738351,5.37319370799293,0.06764930413939356,397.9064331511793,29.399378660113314,24.02618495212038,28.885459257042562,17.910170308108864,1.612796459225439,320.7742004654644,731
21,A1_head_only,56,14.008799803372307,10.366243440386436,0.3882099257166023,1.9298305825480044,0.01897739124017319,192.5222258536264,25.956015534668385,24.02618495212038,14.82937827895393,17.910170308108864,0.827986447021104,320.7742004654644,731
21,A2_full_earlystop,56,13.977724874892957,10.566039904178771,0.3909211139963975,2.738544875807444,0.03838545987989269,187.87716464139007,26.764729827927827,24.02618495212038,11.911459981595684,17.910170308108864,0.6650668182760243,320.7742004654644,731
21,A3_rescale,56,13.71126709345918,8.832254718539424,0.4139215528076201,-2.9210198254085586,0.04538515545903064,179.46648848774672,21.105165126711825,24.02618495212038,7.584800001313275,17.910170308108864,0.4234912270978932,320.7742004654644,731
21,A4_recalibrate,56,15.084026977133542,12.648866493001746,0.29069149103408376,3.390479536707262,0.05052282824326584,216.03251835806174,27.416664488827646,24.02618495212038,4.918131230157807,17.910170308108864,0.27459991421360824,320.7742004654644,731
21,A5_retrain_expanding,56,24.084794978863663,14.739562510637318,-0.808366596603362,10.749509958912736,0.19920095918470998,464.5253848171322,34.77569491103312,24.02618495212038,29.98480181918003,17.910170308108864,1.6741773698044822,320.7742004654644,731
21,A0_frozen,63,18.354040244368036,11.985323183812978,-0.050180447190141475,3.041337260396047,0.027457804344168557,327.62106096040816,27.06752221251643,24.02618495212038,25.7818661470002,17.910170308108864,1.4395098261755452,320.7742004654644,731
21,A1_head_only,63,14.610174845394319,11.416235779533961,0.3345561809420692,2.533586663285034,0.030071888459785267,207.03814763261713,26.559771615405417,24.02618495212038,14.37497785458443,17.910170308108864,0.8026153636337077,320.7742004654644,731
21,A2_full_earlystop,63,13.05713631440728,9.744885374798233,0.4685083510905088,0.8382128202394011,0.004121095907907763,169.7862080009996,24.864397772359784,24.02618495212038,15.415683976281008,17.910170308108864,0.8607223555714335,320.7742004654644,731
21,A3_rescale,63,14.364814856975602,9.347287543866408,0.35671913272400757,-3.5333232095971465,0.060501573061900925,193.86353297170908,20.492861742523235,24.02618495212038,6.769852506194175,17.910170308108864,0.37798928707724855,320.7742004654644,731
21,A4_recalibrate,63,13.586907520578057,10.536872461530319,0.4245046649485278,2.6570884154939467,0.03824465725062217,177.54393712498836,26.68327336761433,24.02618495212038,8.33773084811394,17.910170308108864,0.4655305172803978,320.7742004654644,731
21,A5_retrain_expanding,63,24.022406492047857,15.07900201721661,-0.7990100601351604,8.596239341520318,0.12805129491842512,503.1806828524813,32.6224242936407,24.02618495212038,30.296383509920545,17.910170308108864,1.691574283702026,320.7742004654644,731
21,A0_frozen,70,22.14217933280884,14.012918393216738,-0.5284150187104955,6.749923736802924,0.09293022835839619,444.7146351536114,30.776108688923305,24.02618495212038,28.42620594724706,17.910170308108864,1.5871544188709943,320.7742004654644,731
21,A1_head_only,70,15.438537643238613,11.938401434564133,0.2569588071115555,3.0422847803494197,0.03883178974281061,229.09294787694992,27.0684697324698,24.02618495212038,11.515965667582172,17.910170308108864,0.6429847103334521,320.7742004654644,731
21,A2_full_earlystop,70,15.988390104553652,12.082885341996011,0.20308859701168214,2.3284845392208924,0.021209832799390052,250.20677788599846,26.354669491341273,24.02618495212038,10.560561506717088,17.910170308108864,0.5896404849894573,320.7742004654644,731
21,A3_rescale,70,14.262016770384264,9.40998286283313,0.3658931358458136,-2.5595154533062674,0.032207248665843034,196.85400300300836,21.466669498814113,24.02618495212038,7.464208268910842,17.910170308108864,0.41675808440143125,320.7742004654644,731
21,A4_recalibrate,70,15.730758667178394,13.402382416898673,0.22856399334506272,4.045505827746934,0.0661372793252122,231.09065084267374,28.071690779867314,24.02618495212038,4.609379905387034,17.910170308108864,0.2573610315307906,320.7742004654644,731
21,A5_retrain_expanding,70,25.78780810611235,16.306331148189855,-1.0731438063058039,13.514151488470867,0.2746304611026238,482.3787564643346,37.540336440591254,24.02618495212038,30.644133323656913,17.910170308108864,1.7109906157499084,320.7742004654644,731
21,A0_frozen,77,23.304506614957525,16.2915449794858,-0.6930913638893816,10.139581452732115,0.18930419191458692,440.28891653001006,34.1657664048525,24.02618495212038,27.77961998615711,17.910170308108864,1.5510528101220697,320.7742004654644,731
21,A1_head_only,77,15.00274749283963,11.7281855058203,0.2983150390296463,5.639890278176702,0.14131872496688208,193.27406998403367,29.666075230297082,24.02618495212038,14.677588801447019,17.910170308108864,0.8195114032389582,320.7742004654644,731
21,A2_full_earlystop,77,15.816671746421214,12.649292066558964,0.2201146327509188,6.285476815121675,0.1579233159861854,210.65988634060702,30.311661767242057,24.02618495212038,13.536047481169938,17.910170308108864,0.7557743588312762,320.7742004654644,731
21,A3_rescale,77,14.335827080189883,9.755773536093486,0.3593127571516397,-1.6694524297064524,0.013561339530082416,202.72886665805282,22.356732522413928,24.02618495212038,7.294426575160308,17.910170308108864,0.40727845965025483,320.7742004654644,731
21,A4_recalibrate,77,14.570917304670656,11.528477548718746,0.33812747162498524,3.339742954150826,0.05253543078179332,201.15774809975073,27.365927906271207,24.02618495212038,7.4748470372800675,17.910170308108864,0.41735209150388797,320.7742004654644,731
21,A5_retrain_expanding,77,23.918927935281577,14.711585073427235,-0.7835446639505825,7.066853907879728,0.08729086676876587,522.1746894178785,31.09303886000011,24.02618495212038,29.78682985372361,17.910170308108864,1.6631237638336451,320.7742004654644,731
21,A0_frozen,84,19.150581695266517,11.842995434296865,-0.1433113346862258,3.5253756076546616,0.03388807115368846,354.31650609203064,27.551560559775044,24.02618495212038,27.22475824518829,17.910170308108864,1.5200725496653837,320.7742004654644,731
21,A1_head_only,84,14.817233786483055,10.562919410669037,0.31556086254844395,3.70371959254295,0.06248013099871376,205.83287826310848,27.72990454466333,24.02618495212038,18.377934014660127,17.910170308108864,1.0261172115342467,320.7742004654644,731
21,A2_full_earlystop,84,14.611528224494169,11.001587514620049,0.33443289159355105,4.444110704764851,0.09250782179843631,193.74663709898425,28.470295656885234,24.02618495212038,17.24126776676919,17.910170308108864,0.9626523628847445,320.7742004654644,731
21,A3_rescale,84,14.059376134698756,9.099328665624531,0.3837844283919637,-3.4062234627156176,0.05869676583129867,186.0636990189826,20.619961489404766,24.02618495212038,7.148729965098405,17.910170308108864,0.39914360623705536,320.7742004654644,731
21,A4_recalibrate,84,13.159790837648263,10.520538818113064,0.4601183803455655,4.392191790450027,0.11139472314227276,153.88874616655457,28.41837674257041,24.02618495212038,11.575175742236054,17.910170308108864,0.6462906573811512,320.7742004654644,731
21,A5_retrain_expanding,84,21.76592160783727,13.572112115534354,-0.47691224154270295,4.9905009371719675,0.05256953815687443,448.8502438346031,29.01668588929235,24.02618495212038,29.893173692427013,17.910170308108864,1.6690613868084114,320.7742004654644,731
21,A0_frozen,91,24.69573703163212,14.669622195764378,-0.9012733151561159,8.30857215478065,0.11319019487204326,540.8470562843297,32.33475710690103,24.02618495212038,32.235138393755044,17.910170308108864,1.7998231082794631,320.7742004654644,731
21,A1_head_only,91,17.778544634998447,12.776485339071584,0.014644416913878633,6.39942365282218,0.12956548094897372,275.1240262503321,30.42560860494256,24.02618495212038,21.741597496589826,17.910170308108864,1.21392466529178,320.7742004654644,731
21,A2_full_earlystop,91,17.11020173696316,12.783345775493615,0.08733619145565763,6.506734195151896,0.14461584232476893,250.4214135932181,30.53291914727228,24.02618495212038,20.447438517823514,17.910170308108864,1.1416663362807833,320.7742004654644,731
21,A3_rescale,91,13.490010796497522,8.591052125653684,0.43268382860730625,-2.1502423840002214,0.02540681596069678,177.3568489796687,21.87594256812016,24.02618495212038,8.464365307801621,17.910170308108864,0.4726010508101849,320.7742004654644,731
21,A4_recalibrate,91,13.874042747353831,11.506464516777735,0.39992349173940045,5.627671857628776,0.1645324164527247,160.81837161825456,29.65385680974916,24.02618495212038,13.90240463015132,17.910170308108864,0.7762296165244715,320.7742004654644,731
21,A5_retrain_expanding,91,18.846920695633727,11.74301173183582,-0.10734098687512628,6.261599129846158,0.11037982842532941,315.99879604461677,30.287784081966542,24.02618495212038,25.854837496591394,17.910170308108864,1.4435841229765172,320.7742004654644,731
21,A0_frozen,98,21.09195635261182,13.192173971522653,-0.38686534682323503,3.8487774041625933,0.03329751785858413,430.0575352736896,27.87496235628298,24.02618495212038,29.411536958892334,17.910170308108864,1.6421695859349927,320.7742004654644,731
21,A1_head_only,98,16.32522562735836,11.243179042380941,0.16915702261144938,2.9738586833719034,0.03318350602521043,257.66915631549176,27.000043635492286,24.02618495212038,20.159317059046067,17.910170308108864,1.1255793056260832,320.7742004654644,731
21,A2_full_earlystop,98,15.793412898936028,12.222660424580292,0.2224066317230723,4.694014118169533,0.08833581164608821,227.398122454704,28.720199070289915,24.02618495212038,15.399278213195414,17.910170308108864,0.8598063529425715,320.7742004654644,731
21,A3_rescale,98,13.892493557314207,8.72653345648352,0.3983263711359607,-3.32130396764836,0.05715534367300654,181.97031719450004,20.704880984472023,24.02618495212038,7.722938611221526,17.910170308108864,0.4312040856320027,320.7742004654644,731
21,A4_recalibrate,98,14.059481333452968,11.39852315210011,0.3837752067376935,3.6465162846931856,0.0672694250534477,184.37193435117985,27.672701236813566,24.02618495212038,7.49375869011945,17.910170308108864,0.4184080084781012,320.7742004654644,731
21,A5_retrain_expanding,98,18.7892584787765,11.836578135497202,-0.10057552530719693,4.925832414684218,0.06872899331071555,328.77240920472076,28.9520173668046,24.02618495212038,29.190886234245955,17.910170308108864,1.629849729627067,320.7742004654644,731
21,A0_frozen,105,22.52521871605044,13.049409054634836,-0.581752763999285,5.384682109768578,0.05714550902360475,478.3906767826473,29.41086706188896,24.02618495212038,31.046590131232545,17.910170308108864,1.733461468938469,320.7742004654644,731
21,A1_head_only,105,21.77544802506073,12.854456710595734,-0.4782053419635033,3.5393051485601768,0.026418114438864698,461.64345575749655,27.56549010068056,24.02618495212038,28.56103547755175,17.910170308108864,1.5946825175984334,320.7742004654644,731
21,A2_full_earlystop,105,21.5783111207735,12.509785573702082,-0.45156159737674373,3.7009261297870437,0.029416156829957317,451.92665660675675,27.727111081907427,24.02618495212038,28.459079526762814,17.910170308108864,1.588989888827462,320.7742004654644,731
21,A3_rescale,105,13.565966285401554,8.591396645583794,0.42627729727140096,-2.918003177422602,0.04626686297653904,175.5206987132032,21.10818177469778,24.02618495212038,8.152273990332654,17.910170308108864,0.45517568231284194,320.7742004654644,731
21,A4_recalibrate,105,14.259124605344127,11.8367801182696,0.3661502882223825,4.2919929768824545,0.09060085099692204,184.901430797122,28.318177929002836,24.02618495212038,7.263450315877558,17.910170308108864,0.4055489250478549,320.7742004654644,731
21,A5_retrain_expanding,105,24.011727079330782,13.983252481543547,-0.797410878105647,6.943135092677629,0.08361119564345283,528.3559124170956,30.96932004479801,24.02618495212038,31.46673451070176,17.910170308108864,1.7569198935230188,320.7742004654644,731
21,A0_frozen,112,24.40280219577845,14.859653915273249,-0.8564359419871819,4.902356343874431,0.040358066639795624,571.4636572839637,28.928541295994812,24.02618495212038,32.74315996363412,17.910170308108864,1.8281880853366086,320.7742004654644,731
21,A1_head_only,112,15.790564867077606,11.746673088574703,0.2226870538229878,4.940826937951794,0.09790479269625517,224.9301679905955,28.967011890072175,24.02618495212038,18.964703667424594,17.910170308108864,1.0588790246644548,320.7742004654644,731
21,A2_full_earlystop,112,13.676155656117674,10.09739720047665,0.4169193368451821,3.5481883785712256,0.06731087993655756,174.44759276053153,27.574373330691607,24.02618495212038,17.201773281663026,17.910170308108864,0.9604472199728269,320.7742004654644,731
21,A3_rescale,112,13.721306123499929,8.384733154075612,0.41306301609793317,-3.0446531722792836,0.0492362250622043,179.00432879532633,20.9815317798411,24.02618495212038,8.597762686449698,17.910170308108864,0.48004918649807843,320.7742004654644,731
21,A4_recalibrate,112,14.24817953248751,11.6453257625011,0.3671229802913878,3.8702202770436687,0.07378237155070058,188.03201499715604,27.89640522916405,24.02618495212038,7.58400340342909,17.910170308108864,0.4234467496936876,320.7742004654644,731
21,A5_retrain_expanding,112,25.984564230815554,17.17016963930456,-1.1048998868538158,12.816584436503776,0.2432841021735245,510.93274164734856,36.842769388624156,24.02618495212038,30.358250015952514,17.910170308108864,1.695028550465975,320.7742004654644,731
21,A0_frozen,119,18.47920349076005,12.150634302658519,-0.06455245202827165,3.7526320753199305,0.04123874849290479,327.39871416019844,27.77881702744031,24.02618495212038,27.279116581826678,17.910170308108864,1.5231076038107805,320.7742004654644,731
21,A1_head_only,119,17.91754919683033,12.312291555517383,-0.0008241584110790789,3.3130276282330056,0.03418951215760299,310.06241715539994,27.33921258035339,24.02618495212038,25.50373419244671,17.910170308108864,1.4239805514802863,320.7742004654644,731
21,A2_full_earlystop,119,17.48369572587714,11.738866412344123,0.04705672778080816,3.615071340486289,0.04275306596418921,292.6108754382493,27.641256292606673,24.02618495212038,25.596620956919118,17.910170308108864,1.4291668095043295,320.7742004654644,731
21,A3_rescale,119,13.770304354086361,8.90718532162104,0.408863675043015,-3.3465500020539865,0.05906191962145505,178.42188508792225,20.679634950066397,24.02618495212038,7.163003541734016,17.910170308108864,0.3999405599449243,320.7742004654644,731
21,A4_recalibrate,119,12.411753674628953,9.86868596248183,0.5197505626820165,3.898065884128055,0.098635228384493,138.8567116426623,27.924250836248437,24.02618495212038,12.61119275888631,17.910170308108864,0.7041358368980203,320.7742004654644,731
21,A5_retrain_expanding,119,24.54535875801273,13.964857869072327,-0.8781891925389322,4.903028158181083,0.039901572051557005,578.4349514396355,28.929213110301465,24.02618495212038,30.985686661199168,17.910170308108864,1.7300609725174048,320.7742004654644,731
21,A0_frozen,126,25.39882237125658,14.915809767661766,-1.0110725142812638,4.613756824705799,0.03299759133313978,623.8134258091242,28.639941776826184,24.02618495212038,34.488791981688465,17.910170308108864,1.9256540495359555,320.7742004654644,731
21,A1_head_only,126,23.230197452668932,14.107455654787723,-0.682311335845994,4.730430505597054,0.041466323437816935,517.2651009217029,28.756615457717437,24.02618495212038,30.859783076831445,17.910170308108864,1.7230312468251414,320.7742004654644,731
21,A2_full_earlystop,126,23.301815450752137,14.028964019478982,-0.6927003559295581,3.5212218380741485,0.022835328130547727,530.5756000679808,27.547406790194533,24.02618495212038,31.628356449443068,17.910170308108864,1.7659439248951905,320.7742004654644,731
21,A3_rescale,126,13.407549278061966,8.4324137752653,0.43959839231829445,-3.120434232588113,0.0541665610320836,170.02526784375215,20.905750719532268,24.02618495212038,9.056134015829066,17.910170308108864,0.5056419821830999,320.7742004654644,731
21,A4_recalibrate,126,15.038935079196515,12.541611503532188,0.29492593859449845,4.017859297240711,0.07137650503823804,210.0263749838639,28.044044249361093,24.02618495212038,5.475267706599622,17.910170308108864,0.3057071827017013,320.7742004654644,731
21,A5_retrain_expanding,126,24.108435565619907,15.84403948819099,-0.8119183668083763,9.481132783992576,0.1546615646378382,491.32478655394823,33.50731773611296,24.02618495212038,29.303125745239328,17.910170308108864,1.6361165327373957,320.7742004654644,731
21,A0_frozen,133,19.395044847062024,12.418030802783365,-0.17268709289494977,4.30756982644025,0.04932681520019402,357.61260680988875,28.333754778560632,24.02618495212038,27.40048354443687,17.910170308108864,1.529884030864366,320.7742004654644,731
21,A1_head_only,133,16.485234071504237,12.609517680236774,0.1527905236832069,1.553201869240278,0.00887698677890083,269.3505063456726,25.57938682136066,24.02618495212038,8.987741696903266,17.910170308108864,0.5018233518881754,320.7742004654644,731
21,A2_full_earlystop,133,14.171540878297725,9.635392905394715,0.3739129562980994,1.865140888262122,0.017321645179760592,197.3538203321962,25.891325840382503,24.02618495212038,15.622154132427042,17.910170308108864,0.8722504512061553,320.7742004654644,731
21,A3_rescale,133,13.975544453164206,9.10919906356749,0.39111112278059545,-3.200833447075672,0.05245521618224961,185.07050800645047,20.82535150504471,24.02618495212038,7.19487216516497,17.910170308108864,0.4017199189841024,320.7742004654644,731
21,A4_recalibrate,133,14.274997777944076,11.573833321170833,0.3647383073058351,3.5977210908109623,0.0635188878791793,190.83196451304227,27.623906042931345,24.02618495212038,6.720320899156279,17.910170308108864,0.3752237295093526,320.7742004654644,731
21,A5_retrain_expanding,133,24.31011938396154,14.31100027781068,-0.8423610864119031,7.826306040823609,0.10364287938789604,529.7308382178305,31.852490992943988,24.02618495212038,32.7810487330573,17.910170308108864,1.83030357440072,320.7742004654644,731
21,A0_frozen,140,22.040748780705137,14.094366669155702,-0.514444135810284,5.582038327957863,0.06414058834274136,454.63545491936446,29.608223280078246,24.02618495212038,28.714307840238263,17.910170308108864,1.603240357085706,320.7742004654644,731
21,A1_head_only,140,19.38520500296181,13.979877570159326,-0.1714974971851393,6.409699819083155,0.10932880111585452,334.7019212361011,30.43588477120354,24.02618495212038,22.314472491965365,17.910170308108864,1.2459106813664662,320.7742004654644,731
21,A2_full_earlystop,140,16.67968243590703,12.552628893079643,0.1326864636900289,5.255121492744374,0.0992635872805237,250.59550425920165,29.281306444864757,24.02618495212038,19.273879584046657,17.910170308108864,1.0761416140928806,320.7742004654644,731
21,A3_rescale,140,14.299873572739202,9.262465006720547,0.3625223478085149,-2.866180969075464,0.04017379142272497,196.2713908488346,21.160003983044916,24.02618495212038,7.53985874076419,17.910170308108864,0.42098196784597325,320.7742004654644,731
21,A4_recalibrate,140,14.858143708770037,12.1239689525933,0.311776214701435,3.632274415122893,0.059762422594938316,207.57101704370626,27.658459367243275,24.02618495212038,6.420239441273389,17.910170308108864,0.3584689218933118,320.7742004654644,731
21,A5_retrain_expanding,140,19.447299612792534,12.320792617679132,-0.17901458933084813,4.230186085294993,0.04731516232479135,360.3029879134972,28.256371037415374,24.02618495212038,26.827465047399976,17.910170308108864,1.4978900024894677,320.7742004654644,731
21,A0_frozen,147,21.707296458544395,12.875543173405118,-0.4689670143527196,4.281246488389564,0.03889815389787906,452.877648044786,28.307431440509948,24.02618495212038,29.742073522289758,17.910170308108864,1.6606248299506106,320.7742004654644,731
21,A1_head_only,147,12.281277441594879,9.315758640704695,0.5297945552399059,1.7364553101493962,0.019991258570814102,147.81449855328123,25.762640262269777,24.02618495212038,12.437070906510645,17.910170308108864,0.694413882869653,320.7742004654644,731
21,A2_full_earlystop,147,14.187184850112041,9.729730187061481,0.37252991768295696,2.3821998928461463,0.028194470759902213,195.60133764177243,26.408384844966527,24.02618495212038,15.685948530899385,17.910170308108864,0.87581236029886,320.7742004654644,731
21,A3_rescale,147,13.945110500608747,8.892992816963664,0.3937601384649848,-3.207745398028538,0.05291220513418432,184.1764763356151,20.818439554091842,24.02618495212038,7.8097315869666915,17.910170308108864,0.43605010184804444,320.7742004654644,731
21,A4_recalibrate,147,14.150774973661507,11.453271205237266,0.37574645322274336,3.1115398420926157,0.048349310265744766,190.56275216627512,27.137724794213,24.02618495212038,7.189761710516218,17.910170308108864,0.4014345808460035,320.7742004654644,731
21,A5_retrain_expanding,147,23.168515620171185,14.470629689487192,-0.6733893039502958,8.945326175074964,0.14907195327668016,456.76125566363487,32.97151112719534,24.02618495212038,29.90500157769542,17.910170308108864,1.669721787299581,320.7742004654644,731
21,A0_frozen,154,23.791744758438618,14.024654884834135,-0.7646279464786132,4.722435062226847,0.03939847440635363,543.745725733742,28.748620014347228,24.02618495212038,32.503530563580725,17.910170308108864,1.8148085699031398,320.7742004654644,731
21,A1_head_only,154,18.775194376435795,15.325300665544125,-0.09892854026737252,7.577436890802762,0.16288300473720277,295.0903740388477,31.603621842923143,24.02618495212038,15.820045723719117,17.910170308108864,0.8832995695499647,320.7742004654644,731
21,A2_full_earlystop,154,16.674981439432354,12.736706551165915,0.1331752815471523,4.19236518461799,0.06321024783439737,260.4790801642165,28.218550136738372,24.02618495212038,16.214090411514306,17.910170308108864,0.9053007387748483,320.7742004654644,731
21,A3_rescale,154,13.576206451298193,8.486309985700155,0.4254108299831475,-3.091897241630501,0.051867251685068776,174.75355305546836,20.93428771048988,24.02618495212038,8.534840277195066,17.910170308108864,0.47653596422424305,320.7742004654644,731
21,A4_recalibrate,154,16.03412810444521,13.816239716778504,0.19852262527129516,3.3534093001881,0.04374036782051484,245.84791013517167,27.379594252308483,24.02618495212038,3.3628196277603486,17.910170308108864,0.18776033783653223,320.7742004654644,731
21,A5_retrain_expanding,154,19.774507231988107,12.563907685876055,-0.2190230252325096,2.2159117185548296,0.012557221891056552,386.1208715235214,26.242096670675213,24.02618495212038,27.58997501709037,17.910170308108864,1.5404641353186328,320.7742004654644,731
21,A0_frozen,161,23.552918109646107,14.48390240937584,-0.7293783311585893,7.406136127658223,0.09887669383662909,499.8890991382913,31.432321079778607,24.02618495212038,31.50263070105679,17.910170308108864,1.7589241285323745,320.7742004654644,731
21,A1_head_only,161,20.740741542337506,13.583612467691445,-0.34106283828882655,5.11552651775689,0.060832003661316615,404.0097481721707,29.141711469877272,24.02618495212038,27.393236655676336,17.910170308108864,1.5294794066404827,320.7742004654644,731
21,A2_full_earlystop,161,18.331362411003845,12.691229302744206,-0.04758689244942493,4.673569798396225,0.06499919518427079,314.1965931830834,28.699754750516608,24.02618495212038,24.350975556898838,17.910170308108864,1.3596171972677382,320.7742004654644,731
21,A3_rescale,161,13.466298056248084,8.641091521640677,0.4346765323502545,-2.3872058739658244,0.031425580112275565,175.642431455014,21.638979078154556,24.02618495212038,8.27202194155099,17.910170308108864,0.46186171316337604,320.7742004654644,731
21,A4_recalibrate,161,14.989131875470296,12.584129743145526,0.2995880776751284,4.051870749285447,0.07307321333893503,208.25641781132467,28.07805570140583,24.02618495212038,5.5524727527683995,17.910170308108864,0.3100178645567936,320.7742004654644,731
21,A5_retrain_expanding,161,24.778076556842493,15.228962367701499,-0.9139727477018456,9.349210908825587,0.1423687701393005,526.5453332390441,33.375395860945964,24.02618495212038,31.157433464092534,17.910170308108864,1.7396503175620808,320.7742004654644,731
21,A0_frozen,168,18.332652027209875,11.915205876429985,-0.047734293665386396,3.818092384767337,0.04337527836511408,321.508300892144,27.84427733688772,24.02618495212038,27.148788307791197,17.910170308108864,1.5158308291183324,320.7742004654644,731
21,A1_head_only,168,13.670866773914081,10.84596142545562,0.4173702309010059,5.594944314746361,0.1674940696499474,155.58919646499533,29.621129266866745,24.02618495212038,17.087126733536085,17.910170308108864,0.9540460218739436,320.7742004654644,731
21,A2_full_earlystop,168,14.513687794805934,11.469724683000225,0.34331647277294775,5.44749953426356,0.14087659630635835,180.97188222929702,29.47368448638394,24.02618495212038,14.370219948515754,17.910170308108864,0.8023497097629277,320.7742004654644,731
21,A3_rescale,168,13.759845654685245,9.110362718833162,0.409761283276444,-3.3293613884337447,0.05854566621198815,178.2487051859669,20.696823563686635,24.02618495212038,7.128781497369506,17.910170308108864,0.39802979953473344,320.7742004654644,731
21,A4_recalibrate,168,14.713111498802895,12.462106814191115,0.3251463189306196,5.065314045120428,0.11852329062651813,190.81824360051175,29.09149899724081,24.02618495212038,6.216396594800603,17.910170308108864,0.3470875199877981,320.7742004654644,731
21,A5_retrain_expanding,168,23.362896347318895,14.23182480474595,-0.7015861155402734,7.192514079140641,0.0947781171937517,494.0926669569301,31.21869903126102,24.02618495212038,31.64016088612131,17.910170308108864,1.7666030161531276,320.7742004654644,731
21,A0_frozen,175,19.400181703512512,13.029354667724107,-0.17330835704108516,1.4016491973042005,0.005219958738759304,374.40242965699815,25.427834149424584,24.02618495212038,27.794995482272554,17.910170308108864,1.5519112886206514,320.7742004654644,731
21,A1_head_only,175,15.025934496433969,10.812714560558563,0.29614443068206653,3.1049025519521076,0.042698534171995324,216.13828763400562,27.13108750407249,24.02618495212038,20.77207960322456,17.910170308108864,1.1597924110090658,320.7742004654644,731
21,A2_full_earlystop,175,13.210411207132026,10.367290684147116,0.4559569815518617,2.484944639152184,0.03538349783229881,168.34001440186825,26.511129591272564,24.02618495212038,12.922592347132795,17.910170308108864,0.7215225832488074,320.7742004654644,731
21,A3_rescale,175,14.176569311166917,9.067436007176932,0.3734685733993208,-3.963875770479089,0.07818038035940497,185.26280631052842,20.062309181641293,24.02618495212038,7.2984638728453355,17.910170308108864,0.4075038789296684,320.7742004654644,731
21,A4_recalibrate,175,14.070112988945029,11.441985477582147,0.3828428868830007,3.853129287840796,0.07499494537042604,183.12147421286315,27.87931423996118,24.02618495212038,7.491807074299295,17.910170308108864,0.4182990415734554,320.7742004654644,731
21,A5_retrain_expanding,175,26.8366499821467,15.52737905673276,-1.2452110588045695,9.852118556794716,0.1347729252491956,623.1415422071157,33.878303508915096,24.02618495212038,33.332415527039466,17.910170308108864,1.8610886972944167,320.7742004654644,731
21,A0_frozen,182,19.908902234303852,12.109608931922653,-0.23564921243640602,4.87329656457288,0.05991713714650925,372.6153687687911,28.89948151669326,24.02618495212038,26.504291238753314,17.910170308108864,1.4798458519824038,320.7742004654644,731
21,A1_head_only,182,15.760679102471048,12.287726886793102,0.22562660771775178,3.2441619483864272,0.0423696814513751,237.87441902370915,27.27034690050681,24.02618495212038,11.206859671428838,17.910170308108864,0.6257260248583404,320.7742004654644,731
21,A2_full_earlystop,182,15.426102222962038,10.532518747648558,0.2581553334153057,2.0511310443914708,0.017679680231979387,233.75749123200785,26.077315996511853,24.02618495212038,17.73220298903416,17.910170308108864,0.9900633374215247,320.7742004654644,731
21,A3_rescale,182,14.411127839331352,9.782608853573151,0.3525644977052613,-3.0522837814080557,0.044859442966575576,198.36416931930444,20.973901170712328,24.02618495212038,6.959548228768013,17.910170308108864,0.3885807956620638,320.7742004654644,731
21,A4_recalibrate,182,16.38793409042892,14.331915063931614,0.1627618949325167,4.257429380023921,0.06749109719110148,250.43867882635163,28.283614332144303,24.02618495212038,3.3120430979201076,17.910170308108864,0.18492527100206155,320.7742004654644,731
21,A5_retrain_expanding,182,20.397262715607006,13.077057267516485,-0.29701305680375234,6.794823996598418,0.11097180357991462,369.8786931447419,30.8210089487188,24.02618495212038,29.356684139629508,17.910170308108864,1.639106922748703,320.7742004654644,731
21,A0_frozen,189,17.086792594752993,10.274522140958503,0.08983178587163532,3.220742107995134,0.035529639983145296,281.5853014498928,27.246927060115517,24.02618495212038,26.47221483217085,17.910170308108864,1.4780548915375473,320.7742004654644,731
21,A1_head_only,189,17.115824665305375,11.000339774967511,0.08673623518230544,4.00049201841237,0.05462999473909453,276.9475175840948,28.02667697053275,24.02618495212038,25.136358910432175,17.910170308108864,1.4034684471454546,320.7742004654644,731
21,A2_full_earlystop,189,16.830687042225016,12.514352628987075,0.11691144143676535,5.389507960449721,0.10254029116035226,254.22523025757016,29.4156929125701,24.02618495212038,21.50689252002818,17.910170308108864,1.200820101095906,320.7742004654644,731
21,A3_rescale,189,13.6727483721799,9.133742688518478,0.41720983864138694,-3.486214687241998,0.06501246213711809,174.79035520340628,20.539970264878384,24.02618495212038,6.951125696998831,17.910170308108864,0.3881105303533432,320.7742004654644,731
21,A4_recalibrate,189,14.77260167560951,12.4386317345991,0.3196779543069387,3.457436402511076,0.05477651839431102,206.27589378881217,27.48362135463146,24.02618495212038,4.985269845874656,17.910170308108864,0.2783485449949946,320.7742004654644,731
21,A5_retrain_expanding,189,27.466378290886688,18.27004234919307,-1.3518161227536534,12.038878491826717,0.19211853568287338,609.4673410771237,36.065063443947096,24.02618495212038,30.71809437579811,17.910170308108864,1.715120171799284,320.7742004654644,731
21,A0_frozen,196,18.403596219248644,11.038798628253911,-0.05585908501892667,1.7464728165505208,0.009005716440651504,335.64218650219306,25.772657768670904,24.02618495212038,25.57534003075226,17.910170308108864,1.4279786060533983,320.7742004654644,731
21,A1_head_only,196,14.721637397021244,11.572051244395995,0.3243639690009672,-1.8242725464044607,0.01535561489039263,213.39863732580943,22.201912405715923,24.02618495212038,9.779233936930737,17.910170308108864,0.5460156865456031,320.7742004654644,731
21,A2_full_earlystop,196,16.062076447643292,12.971588279749168,0.19572615429926532,0.5796525789106932,0.0013023633543018786,257.6543026976996,24.605837531031074,24.02618495212038,10.340361571277436,17.910170308108864,0.5773457981354772,320.7742004654644,731
21,A3_rescale,196,14.595417525617906,9.561237010572775,0.3358997935681881,-3.873331195099669,0.07042651865919473,198.02351820018208,20.15285375702071,24.02618495212038,6.715622522760145,17.910170308108864,0.3749613994301123,320.7742004654644,731
21,A4_recalibrate,196,16.776639120479746,14.7399361446772,0.12257401072031093,3.4307362143791833,0.04181814157832503,269.6856692061586,27.456921166499566,24.02618495212038,2.245830487887074,17.910170308108864,0.1253941447374328,320.7742004654644,731
21,A5_retrain_expanding,196,21.67208319758283,13.418762253218832,-0.4642050060179923,5.42570718834247,0.06267745966331792,440.2408916293208,29.451892140462853,24.02618495212038,29.747916678362387,17.910170308108864,1.6609510778852818,320.7742004654644,731
21,A0_frozen,203,23.172821783918838,15.190569549214041,-0.674011403192871,8.337286476976473,0.12944688552744438,467.4693236300885,32.363471429096855,24.02618495212038,30.164120204368295,17.910170308108864,1.6841894680762155,320.7742004654644,731
21,A1_head_only,203,15.219171557331958,12.31428282592189,0.27792452586460625,4.708514792901287,0.09571628918231069,209.4530713365318,28.73469974502167,24.02618495212038,11.433640396166073,17.910170308108864,0.638388144806723,320.7742004654644,731
21,A2_full_earlystop,203,14.415108733319789,10.728878465452599,0.3522067563666038,3.9077298795394797,0.073487458173396,192.52500698198682,27.933914831659862,24.02618495212038,18.02623187551755,17.910170308108864,1.0064802045660135,320.7742004654644,731
21,A3_rescale,203,13.700492918857751,8.905834875953767,0.41484225992208446,-2.14270256701468,0.024459715128167074,183.11233192898004,21.8834823851057,24.02618495212038,7.920553306607455,17.910170308108864,0.4422377437148886,320.7742004654644,731
21,A4_recalibrate,203,15.005256501760776,12.45502000372139,0.29808032454943245,3.5896823938748104,0.057230191953044726,212.27190299473926,27.61586734599519,24.02618495212038,5.471904005300035,17.910170308108864,0.3055193731364252,320.7742004654644,731
21,A5_retrain_expanding,203,20.307837067705243,12.152778203853082,-0.2856652616389712,4.815816281848077,0.05623574859313614,389.21615990795016,28.84200123396846,24.02618495212038,27.616526650416386,17.910170308108864,1.5419466244781017,320.7742004654644,731
21,A0_frozen,210,22.358366465996937,14.650952659437333,-0.5584063503312726,3.3903100648021574,0.022993161908931078,488.4023486923177,27.41649501692254,24.02618495212038,30.353675109346685,17.910170308108864,1.6947731142234868,320.7742004654644,731
21,A1_head_only,210,17.94252741767464,13.07838460732811,-0.0036165304655373376,6.060843821353105,0.1141034955038295,285.200462307172,30.087028773473488,24.02618495212038,17.838888423415902,17.910170308108864,0.996020033117123,320.7742004654644,731
21,A2_full_earlystop,210,17.246584854624153,11.731169061604927,0.07272876460719269,4.177477997166417,0.05867081529279163,279.9933667309417,28.203662949286798,24.02618495212038,21.763029289568927,17.910170308108864,1.2151212922702177,320.7742004654644,731
21,A3_rescale,210,14.079522209263896,8.85113980518555,0.38201717796036483,-3.441689252437481,0.05975406798316006,186.3877207308116,20.5844956996829,24.02618495212038,7.970327045445018,17.910170308108864,0.4450168205176942,320.7742004654644,731
21,A4_recalibrate,210,16.16179123430098,13.903029593521724,0.1857091514152177,3.4405757667510213,0.04531930771414784,249.36593429437374,27.466760718871402,24.02618495212038,3.3195142111700795,17.910170308108864,0.18534241462054457,320.7742004654644,731
21,A5_retrain_expanding,210,23.54212522532846,14.307931340261948,-0.7277937543631008,8.4054590718936,0.1274769149660954,483.57991791576814,32.431644024013984,24.02618495212038,29.56310483844445,17.910170308108864,1.6506322569729948,320.7742004654644,731
21,A0_frozen,217,23.08096850350747,13.915599754849081,-0.6607666897365068,4.448392050137502,0.037144802639620236,512.9429152281775,28.474577002257885,24.02618495212038,30.813804942363664,17.910170308108864,1.720464094549266,320.7742004654644,731
21,A1_head_only,217,16.333773419658787,12.64840671208456,0.16828674582426206,3.825459224670662,0.05485220630879177,252.15801584513406,27.851644176791044,24.02618495212038,12.947546394796476,17.910170308108864,0.7229158724936552,320.7742004654644,731
21,A2_full_earlystop,217,21.751850996104007,13.194042487913933,-0.4750033546031738,3.825334919224751,0.03092761928498776,458.5098345124706,27.851519871345133,24.02618495212038,28.55948887136514,17.910170308108864,1.5945961640819672,320.7742004654644,731
21,A3_rescale,217,14.049620139505587,8.820802829885418,0.38463933265838557,-3.163856019636119,0.050711243279758976,187.38184115141325,20.862328932484264,24.02618495212038,8.091148742331487,17.910170308108864,0.4517628030967525,320.7742004654644,731
21,A4_recalibrate,217,14.446690892589144,11.863218964069747,0.3493651377100442,4.296168376996709,0.08843533535089108,190.24981502251157,28.322353329117092,24.02618495212038,7.762396590584056,17.910170308108864,0.4334071902749923,320.7742004654644,731
21,A5_retrain_expanding,217,19.652522440580004,11.875261416631718,-0.20402961870707714,4.298701614190453,0.047845158676911165,367.742802709657,28.324886566310834,24.02618495212038,29.49619287526172,17.910170308108864,1.6468962811541363,320.7742004654644,731
21,A0_frozen,224,18.436849801314626,11.545777476055807,-0.05967821010228591,3.4450054371814236,0.03491454510406333,328.0493681340256,27.471190389301807,24.02618495212038,25.889573705337423,17.910170308108864,1.4455235913427282,320.7742004654644,731
21,A1_head_only,224,16.709161796815213,10.985339239022899,0.12961800685024794,2.855401439078106,0.029202835319407133,271.04277057385974,26.88158639119849,24.02618495212038,21.911912335473183,17.910170308108864,1.223434057774008,320.7742004654644,731
21,A2_full_earlystop,224,17.655550895664824,11.682914770967036,0.028230833473867234,4.0819794294365135,0.05345386067502559,295.0559213670682,28.108164381556897,24.02618495212038,22.859602008080554,17.910170308108864,1.276347550851084,320.7742004654644,731
21,A3_rescale,224,14.305415968801885,9.42885089828345,0.36202810031636345,-3.427327253823338,0.05739977204457191,192.8983539356518,20.598857698297046,24.02618495212038,6.798134543027983,17.910170308108864,0.3795683919292557,320.7742004654644,731
21,A4_recalibrate,224,14.534491255932597,12.147864742524318,0.3414325847831856,4.657253472904565,0.10267390515546417,189.5614261578995,28.68343842502495,24.02618495212038,7.082667042716413,17.910170308108864,0.3954550359306032,320.7742004654644,731
21,A5_retrain_expanding,224,24.548854337460497,15.0077543456619,-0.8787241879408438,9.096521287308574,0.13730559118066965,519.8995497513948,33.12270623942896,24.02618495212038,31.45260205436225,17.910170308108864,1.7561308191537421,320.7742004654644,731
21,A0_frozen,231,21.67825466518546,13.841299676980206,-0.4650390357039673,4.639349166500651,0.04580000142283957,448.4231646399248,28.665534118621032,24.02618495212038,28.78745095087706,17.910170308108864,1.6073242440270645,320.7742004654644,731
21,A1_head_only,231,16.764111783299832,13.211909936851157,0.12388389254755716,5.349490785492821,0.10182719755444516,252.4183922188996,29.375675737613204,24.02618495212038,14.61182305223849,17.910170308108864,0.8158394253583932,320.7742004654644,731
21,A2_full_earlystop,231,17.2609902231377,12.885040260318073,0.07117909404521239,4.962377469378263,0.0826510127606086,273.3165933346623,28.988562421498646,24.02618495212038,17.66334939040711,17.910170308108864,0.9862189519443036,320.7742004654644,731
21,A3_rescale,231,14.266077959720473,9.103311796538513,0.36553195345043343,-3.113714081065207,0.047637424710790015,193.82576497419856,20.912470871055174,24.02618495212038,7.559064926932969,17.910170308108864,0.4220543298524966,320.7742004654644,731
21,A4_recalibrate,231,14.501175535439076,11.835788068119578,0.34444823927709656,3.7602934375100205,0.06724144754734193,196.1442851734359,27.786478389630403,24.02618495212038,7.314487848499415,17.910170308108864,0.40839856476338293,320.7742004654644,731
21,A5_retrain_expanding,231,22.53033272201617,13.8197920158261,-0.5824710710155885,5.495156064495082,0.05948738133588897,477.41915239159545,29.521341016615466,24.02618495212038,30.324308909988698,17.910170308108864,1.6931334760261498,320.7742004654644,731
21,A0_frozen,238,21.476910051237898,13.68337716495707,-0.4379512587971488,6.514862001928911,0.09201674051761655,418.8142384447862,30.541046954049293,24.02618495212038,25.964847788529635,17.910170308108864,1.4497264594281385,320.7742004654644,731
21,A1_head_only,238,19.16361599624591,12.06890485562639,-0.14486818927044864,3.022087924384289,0.02486905434734159,358.11116262886276,27.048272876504672,24.02618495212038,23.893241354051867,17.910170308108864,1.3340599750318487,320.7742004654644,731
21,A2_full_earlystop,238,16.148820573825315,11.6865591962269,0.18701564668483783,3.5684292783734586,0.04882840854520103,248.05071841085086,27.59461423049384,24.02618495212038,15.805915967805863,17.910170308108864,0.8825106459568228,320.7742004654644,731
21,A3_rescale,238,14.928049306057828,10.160327777172668,0.30528497690671974,-2.6212383483323114,0.03083236966398589,215.97576560532562,21.40494660378807,24.02618495212038,6.817900279060083,17.910170308108864,0.38067199595378864,320.7742004654644,731
21,A4_recalibrate,238,14.935774366698126,12.312667986626373,0.3045657798874818,4.590278209405527,0.09445447276181416,202.00670189317358,28.61646316152591,24.02618495212038,9.015995928606932,17.910170308108864,0.5034009042630333,320.7742004654644,731
21,A5_retrain_expanding,238,23.452448918611502,14.680246305955711,-0.7146558528771034,9.871992817093085,0.17718757482692993,452.56111809934436,33.89817776921347,24.02618495212038,29.89200239945205,17.910170308108864,1.6689959886042172,320.7742004654644,731
21,A0_frozen,245,22.46984538164795,14.449748270325458,-0.573985534817113,6.828494622598172,0.09235273798510868,458.2656126643136,30.854679574718553,24.02618495212038,29.574422901544686,17.910170308108864,1.6512641919521451,320.7742004654644,731
21,A1_head_only,245,18.23099870663234,13.401176530848973,-0.036147275432189874,6.110297821541721,0.11233208937505121,295.03357437329254,30.136482773662102,24.02618495212038,21.36662333759272,17.910170308108864,1.1929882837528876,320.7742004654644,731
21,A2_full_earlystop,245,17.59533959794661,12.913364377720283,0.03484764323993683,4.869965514234969,0.0766048850163433,285.87941145723005,28.89615046635535,24.02618495212038,21.816507364083503,17.910170308108864,1.2181071976856657,320.7742004654644,731
21,A3_rescale,245,13.927051429251566,8.89375072174907,0.39532929633503755,-2.5388841275884406,0.033232835844564365,187.51682889969754,21.487300824531943,24.02618495212038,7.7657093817279454,17.910170308108864,0.43359215731254136,320.7742004654644,731
21,A4_recalibrate,245,14.191802894252326,11.898919734064563,0.37212135796129,4.9196250475464725,0.12016800923736361,177.20455878086213,28.945809999666853,24.02618495212038,9.034948367998254,17.910170308108864,0.5044590985216743,320.7742004654644,731
21,A5_retrain_expanding,245,21.304084539645643,13.280916457924274,-0.41490187619135854,4.3968812921224,0.0425955006945128,434.5314529753525,28.423066244242783,24.02618495212038,28.554433957068827,17.910170308108864,1.5943139269949183,320.7742004654644,731
28,A0_frozen,42,16.34854672411527,11.446761781991523,0.16678155661288663,-2.3503862307025365,0.02066903319446802,261.7506645571041,21.675798721417845,24.02618495212038,24.730992237567733,17.910170308108864,1.380835123961425,320.7742004654644,731
28,A1_head_only,42,13.300391341846927,9.11667462148288,0.44852045585467093,1.540931258832773,0.013422632239864936,174.52594070182877,25.567116210953156,24.02618495212038,18.15652561419714,17.910170308108864,1.0137550510045534,320.7742004654644,731
28,A2_full_earlystop,42,14.17529256763334,10.934006493383947,0.3735814193085807,4.174707234729397,0.0867337226140673,183.51073888229905,28.200892186849778,24.02618495212038,14.11204190657313,17.910170308108864,0.7879345457806103,320.7742004654644,731
28,A3_rescale,42,14.537510272201136,9.512187394495179,0.3411589691200647,-4.949092503521836,0.1158967008432826,186.8456883059375,19.077092448598545,24.02618495212038,6.4939119728399906,17.910170308108864,0.362582368627721,320.7742004654644,731
28,A4_recalibrate,42,16.02633648426635,14.009475202242621,0.19930137544032567,4.026421111284041,0.06312041932282075,240.63139414153275,28.052606063404422,24.02618495212038,3.375563811737424,17.910170308108864,0.18847189913147455,320.7742004654644,731
28,A5_retrain_expanding,42,26.64235392548303,16.136496304315287,-1.2128183054020956,9.429070124311488,0.12525427127783473,620.9076592815176,33.45525507643187,24.02618495212038,33.56479142102736,17.910170308108864,1.8740632190320845,320.7742004654644,731
28,A0_frozen,49,29.847311262925373,18.39814788571474,-1.7772245658573933,4.793919122096844,0.0257971052944521,867.8803290767462,28.820104074217227,24.02618495212038,36.67234727276112,17.910170308108864,2.0475711085872614,320.7742004654644,731
28,A1_head_only,49,30.301912353206216,19.518107524883305,-1.862468025573798,7.583666303179073,0.06263518354944453,860.693897663418,31.609851255299453,24.02618495212038,35.51845072578448,17.910170308108864,1.983144220002388,320.7742004654644,731
28,A2_full_earlystop,49,28.82028490184011,18.133297971061157,-1.5893878641672718,5.917427712776821,0.04215696946136104,795.5928710872942,29.943612664897202,24.02618495212038,34.93769154455796,17.910170308108864,1.9507179967317145,320.7742004654644,731
28,A3_rescale,49,14.610594370830475,8.804852523146184,0.3345179644772399,-3.0731268489164454,0.04424102764583276,204.02535923941198,20.953058103203936,24.02618495212038,9.629496340004685,17.910170308108864,0.5376552078706316,320.7742004654644,731
28,A4_recalibrate,49,15.499866740438978,13.182222459893808,0.25104366678257184,6.047789594633048,0.15224302976593965,203.67010999041472,30.07397454675343,24.02618495212038,11.972462299806795,17.910170308108864,0.6684728338058427,320.7742004654644,731
28,A5_retrain_expanding,49,22.62030084619083,16.10800609146097,-0.5951345514374384,12.365737444162436,0.2988431385330338,358.7665478342206,36.391922396282816,24.02618495212038,26.91429053004802,17.910170308108864,1.50273783370237,320.7742004654644,731
28,A0_frozen,56,22.694212877747987,13.880465384066122,-0.6055758143678767,5.674269533768954,0.06251578286841103,482.8299633986839,29.700454485889335,24.02618495212038,29.11135211571077,17.910170308108864,1.6254090058836876,320.7742004654644,731
28,A1_head_only,56,18.747718270246917,12.280041126216778,-0.0957144927195952,4.69040695856932,0.06259277611691831,329.47702290355454,28.7165919106897,24.02618495212038,24.570923697411235,17.910170308108864,1.3718978253538272,320.7742004654644,731
28,A2_full_earlystop,56,17.08721571216519,13.191256649289738,0.08978670862434368,5.153026436087926,0.09094569304540431,265.41925934304385,29.17921138820831,24.02618495212038,18.86056318905322,17.910170308108864,1.0530644245473235,320.7742004654644,731
28,A3_rescale,56,14.39811914256489,9.202806493633389,0.3537328296892982,-2.8419627150904776,0.038960563170168466,199.22908276952904,21.184222237029903,24.02618495212038,7.644115455159115,17.910170308108864,0.42680305790828954,320.7742004654644,731
28,A4_recalibrate,56,14.619387224934634,12.190108091086662,0.33371673120079215,4.367571003712709,0.0892527506168459,194.65080636010995,28.39375595583309,24.02618495212038,8.241913279416858,17.910170308108864,0.46018062015218897,320.7742004654644,731
28,A5_retrain_expanding,56,26.90558888137218,17.50183029261849,-1.2567610238073268,12.856404879929823,0.2283253216954211,558.6235666167349,36.8825898320502,24.02618495212038,30.78920957275296,17.910170308108864,1.7190908318059426,320.7742004654644,731
28,A0_frozen,63,27.321491741817837,17.09618973693013,-1.327069664315435,7.4811720777227215,0.07497741663311508,690.4959753417222,31.507357029843103,24.02618495212038,33.82822322010548,17.910170308108864,1.8887717223319582,320.7742004654644,731
28,A1_head_only,63,17.466519504642537,13.124121559437388,0.0489281770062302,4.010407087830677,0.05271863682660889,288.9959385959357,28.03659203995106,24.02618495212038,16.751940047883988,17.910170308108864,0.9353311420103869,320.7742004654644,731
28,A2_full_earlystop,63,19.757192745650595,14.206877629840811,-0.2168892155989166,6.094763012256963,0.09516191500601162,353.20052901321304,30.120947964377343,24.02618495212038,20.547605722649593,17.910170308108864,1.147259091855013,320.7742004654644,731
28,A3_rescale,63,14.208386346191421,9.147162540620524,0.3706531190173641,-2.3675026912287374,0.027764601681809133,196.2731735696635,21.658682260891645,24.02618495212038,8.88268066690654,17.910170308108864,0.49595735350907794,320.7742004654644,731
28,A4_recalibrate,63,15.598354179128682,12.977805390702649,0.24149556683647122,3.6384353990839227,0.05440913006903972,230.07044094423426,27.664620351204306,24.02618495212038,5.094466415154769,17.910170308108864,0.2844454478943865,320.7742004654644,731
28,A5_retrain_expanding,63,27.172960508953185,17.099888624264864,-1.3018365621353167,9.619956787006052,0.12533498896755713,645.8262142372656,33.646141739126435,24.02618495212038,32.55894528067433,17.910170308108864,1.8179026062043198,320.7742004654644,731
28,A0_frozen,70,22.817313022579278,13.589265270543132,-0.6230412945146395,3.540030517354776,0.024070494428051342,508.09795750656264,27.566215469475157,24.02618495212038,30.153030926058513,17.910170308108864,1.683570307112416,320.7742004654644,731
28,A1_head_only,70,14.569655716913907,10.670131483371803,0.3382420799385445,1.3016391408020116,0.00798146512184945,210.58060325653435,25.327824092922395,24.02618495212038,14.930220884157256,17.910170308108864,0.8336169130339074,320.7742004654644,731
28,A2_full_earlystop,70,14.78871562824468,10.246024792598405,0.3181929543718556,1.102895283430025,0.005561701072660189,217.48973192687623,25.129080235550408,24.02618495212038,17.62262360098924,17.910170308108864,0.9839450601433177,320.7742004654644,731
28,A3_rescale,70,14.334795161794528,8.887671118178673,0.3594049894522888,-3.4023753920673823,0.05633541194950382,193.9101940220621,20.623809560053,24.02618495212038,7.917641455652785,17.910170308108864,0.44207516285135817,320.7742004654644,731
28,A4_recalibrate,70,17.550394911214347,15.603941093997982,0.03977202314704065,3.35509491889004,0.03654566224500818,296.75969962481673,27.38127987101042,24.02618495212038,1.0490557487295669,17.910170308108864,0.05857318666895115,320.7742004654644,731
28,A5_retrain_expanding,70,24.722557134880816,15.555501794204506,-0.9054052052831807,8.291031383220604,0.11246835410765979,542.4636298898973,32.31721633534099,24.02618495212038,29.84283392220035,17.910170308108864,1.6662507060968006,320.7742004654644,731
28,A0_frozen,77,24.356860175147816,16.288981897514333,-0.8494524707125677,7.539719350124418,0.09582255684388107,536.409269713061,31.5659043022448,24.02618495212038,29.95090660505533,17.910170308108864,1.672284857698701,320.7742004654644,731
28,A1_head_only,77,23.20449672131499,15.981177196465111,-0.6785909443720652,6.861296491412622,0.08743152752166239,491.37127854644694,30.887481443533005,24.02618495212038,27.877893090077226,17.910170308108864,1.556539810090776,320.7742004654644,731
28,A2_full_earlystop,77,23.05297077016284,15.772238800165724,-0.6567400388149323,6.973935770523761,0.0915170657626266,482.80368119859145,31.000120722644144,24.02618495212038,28.10288355501462,17.910170308108864,1.5691019723185429,320.7742004654644,731
28,A3_rescale,77,14.464753170378419,9.530067560248627,0.3477371809317351,-2.352129302085114,0.026442367096174202,203.69657202624512,21.674055650035267,24.02618495212038,7.864567314768507,17.910170308108864,0.4391118107463115,320.7742004654644,731
28,A4_recalibrate,77,16.093758634200878,13.706813530404526,0.1925501907569993,4.149134539473466,0.06646608023283025,241.79374954926362,28.175319491593847,24.02618495212038,4.274599667552554,17.910170308108864,0.2386688453552684,320.7742004654644,731
28,A5_retrain_expanding,77,28.292089954594044,17.325432797047085,-1.4953451768793964,8.811235848032567,0.0969937145152199,722.804476829187,32.83742080015295,24.02618495212038,34.02830967600866,17.910170308108864,1.899943389181636,320.7742004654644,731
28,A0_frozen,84,27.40897348981906,17.90269226287915,-1.3419957922909278,3.7065148625182074,0.018287146757338467,737.5135753395357,27.73269981463859,24.02618495212038,34.73221106591326,17.910170308108864,1.939245158946824,320.7742004654644,731
28,A1_head_only,84,18.965129264915113,15.339915009829705,-0.12127511350048126,7.164991657409461,0.14273147826413485,308.3390225841925,31.191176609529844,24.02618495212038,15.163626557116906,17.910170308108864,0.8466489316548568,320.7742004654644,731
28,A2_full_earlystop,84,16.47555413916626,12.791030226723896,0.15378517412336912,3.155303668152358,0.03667771431973636,261.48794295434277,27.181488620272738,24.02618495212038,17.96784404805933,17.910170308108864,1.0032201670312624,320.7742004654644,731
28,A3_rescale,84,14.418696712442493,8.665250325179198,0.3518842394939333,-3.358659668505207,0.054260024402071304,196.61822011655644,20.667525283615173,24.02618495212038,9.120051479766335,17.910170308108864,0.5092107625373732,320.7742004654644,731
28,A4_recalibrate,84,15.871227384966723,13.284841598502393,0.2147253166252141,3.7974017766448944,0.0572469127812675,237.47559845205186,27.823586728765278,24.02618495212038,4.591447785301269,17.910170308108864,0.256359805982553,320.7742004654644,731
28,A5_retrain_expanding,84,26.357629241905933,16.426531252093646,-1.1657746110681093,8.586093461717434,0.10611542889113802,621.0036183204279,32.612278413837814,24.02618495212038,32.07349525601379,17.910170308108864,1.7907978932781257,320.7742004654644,731
28,A0_frozen,91,27.79375860695783,18.195645250263553,-1.4082143027117033,9.6462679451615,0.12045479138538404,679.4425322319922,33.67245289728188,24.02618495212038,33.35924469294915,17.910170308108864,1.862586682263188,320.7742004654644,731
28,A1_head_only,91,18.7644433451243,13.822051647250987,-0.09767036607511792,5.254155697240452,0.07840332941410931,324.49818196153524,29.280340649360834,24.02618495212038,21.28371090936584,17.910170308108864,1.188358934796371,320.7742004654644,731
28,A2_full_earlystop,91,18.572583420619026,13.656720981651128,-0.07533852290901488,5.8521151863192085,0.09928441837457155,310.69360276190486,29.87830013843959,24.02618495212038,20.547667431727696,17.910170308108864,1.1472625373319147,320.7742004654644,731
28,A3_rescale,91,14.237568607622032,8.988213662771912,0.3680652634700632,-1.7989876350935103,0.015965579877941397,199.47200334552502,22.22719731702687,24.02618495212038,8.75953539253113,17.910170308108864,0.48908163584381076,320.7742004654644,731
28,A4_recalibrate,91,15.861540692283116,13.369098151866323,0.21568357814349848,3.32733505378024,0.04400503100260935,240.51731457283833,27.35352000590062,24.02618495212038,4.410411864197214,17.910170308108864,0.24625181046996475,320.7742004654644,731
28,A5_retrain_expanding,91,26.47726711493049,17.5904183566781,-1.1854802314466575,10.642883720957371,0.1615743140837852,587.7746999775601,34.66906867307775,24.02618495212038,31.940449462395872,17.910170308108864,1.783369388058514,320.7742004654644,731
28,A0_frozen,98,23.252674773261298,17.135170125683157,-0.6855684881343018,11.246363369865783,0.23392594265534003,414.2061950640034,35.272548321986164,24.02618495212038,26.417644142441837,17.910170308108864,1.475007980827586,320.7742004654644,731
28,A1_head_only,98,16.47206353241467,12.449380135831296,0.15414370413147538,3.470601197722576,0.044392888829622425,259.2838043422719,27.496786149842958,24.02618495212038,18.9960658925002,17.910170308108864,1.060630109357458,320.7742004654644,731
28,A2_full_earlystop,98,15.83424246486436,12.46906954697793,0.21838092317805502,5.256498438967955,0.11020428920764055,223.09245859724123,29.282683391088337,24.02618495212038,17.56163131916778,17.910170308108864,0.9805396049872691,320.7742004654644,731
28,A3_rescale,98,14.562769448713647,10.340200148014427,0.3388674846398061,-1.3788313884333274,0.008964671390908528,210.1730780186586,22.647353563687055,24.02618495212038,6.9367963770671475,17.910170308108864,0.38731046426322924,320.7742004654644,731
28,A4_recalibrate,98,15.198394229191521,12.473639823243525,0.27989474586566254,2.808469578040838,0.03414633029180537,223.10368577514126,26.83465453016122,24.02618495212038,5.677336340602288,17.910170308108864,0.3169895228763885,320.7742004654644,731
28,A5_retrain_expanding,98,22.430798843451676,13.598159800123744,-0.5685199620957759,7.77296241079088,0.12008358740576645,442.72179211582505,31.79914736291126,24.02618495212038,28.878322426291298,17.910170308108864,1.6123979800022663,320.7742004654644,731
28,A0_frozen,105,25.471712201610966,16.088203696707794,-1.0226318748210854,3.6165492362673417,0.02015916250912051,635.7286941033511,27.642734188387724,24.02618495212038,31.611097981173092,17.910170308108864,1.7649803121559993,320.7742004654644,731
28,A1_head_only,105,22.83640388671197,14.911579807536675,-0.6257583737105445,0.7285811093128177,0.0010178889095973389,520.970512044186,24.754766061433198,24.02618495212038,28.230177089368492,17.910170308108864,1.5762093047539154,320.7742004654644,731
28,A2_full_earlystop,105,23.65609670913141,15.188412757028667,-0.7445633429987382,1.7049310971464904,0.005194305518747836,556.7041214657609,25.731116049266873,24.02618495212038,29.34722668187312,17.910170308108864,1.6385788731772197,320.7742004654644,731
28,A3_rescale,105,14.880380643329962,9.178061861608585,0.30971465981651336,-3.3822829379998858,0.05166444735823671,209.98589021770383,20.643902014120496,24.02618495212038,8.300503560785376,17.910170308108864,0.4634519615387078,320.7742004654644,731
28,A4_recalibrate,105,16.65983483339864,14.37047002266233,0.134749315021659,3.263416500416143,0.03837104502116551,266.90020942093435,27.289601452536523,24.02618495212038,2.868871076707355,17.910170308108864,0.1601811165027542,320.7742004654644,731
28,A5_retrain_expanding,105,27.03985870132469,17.512213259278703,-1.2793415353437165,11.995135663235793,0.1967893053022314,587.2706790081736,36.021320615356174,24.02618495212038,32.536548971773904,17.910170308108864,1.8166521262526978,320.7742004654644,731
28,A0_frozen,112,31.311693414574915,19.454018431804673,-2.0564245599106084,8.830806187264148,0.07954036774406074,902.4390065713114,32.856991139384526,24.02618495212038,37.329357137444504,17.910170308108864,2.08425472763615,320.7742004654644,731
28,A1_head_only,112,18.158845768324603,12.804509348075854,-0.027961971877166647,3.741882168406893,0.04246232157541673,315.7419974755588,27.768067120527274,24.02618495212038,22.36173359259093,17.910170308108864,1.2485494670291668,320.7742004654644,731
28,A2_full_earlystop,112,20.53548928745348,14.338316281055913,-0.3146516136995843,5.7196431669670975,0.07757606747769617,388.9920023176833,29.74582811908748,24.02618495212038,24.49527875789231,17.910170308108864,1.3676742508027424,320.7742004654644,731
28,A3_rescale,112,14.413121657849912,9.035654099548173,0.35238533640629266,-2.0131131678778225,0.019508338125583023,203.68545129729912,22.01307178424256,24.02618495212038,9.802015185127207,17.910170308108864,0.5472876592742016,320.7742004654644,731
28,A4_recalibrate,112,15.80629831618302,13.115292073800104,0.22113727943943973,3.6649115011483975,0.05376091298112135,236.40749014892035,27.69109645326878,24.02618495212038,5.053855271382377,17.910170308108864,0.28217795724110084,320.7742004654644,731
28,A5_retrain_expanding,112,28.217323586816494,17.676705351860058,-1.4821739069031952,10.980428285140576,0.15142825669909465,675.6475450779955,35.00661323726096,24.02618495212038,34.62849023639055,17.910170308108864,1.9334539895867118,320.7742004654644,731
28,A0_frozen,119,24.144350252862907,15.368305540905181,-0.8173208702165664,7.1334917598400835,0.08729176655890473,532.0629444452147,31.159676711960465,24.02618495212038,30.73519495314623,17.910170308108864,1.7160749688254395,320.7742004654644,731
28,A1_head_only,119,15.663206489780695,12.494762751926572,0.23517528159836598,4.723922950062055,0.09095870407684181,223.0205895033851,28.750107902182435,24.02618495212038,14.883411441422659,17.910170308108864,0.8310033453274404,320.7742004654644,731
28,A2_full_earlystop,119,16.256429603021683,12.889128868693758,0.1761447677072394,4.1838398593803445,0.06623686527384684,246.76698746906,28.210024811500727,24.02618495212038,17.9054583003953,17.910170308108864,0.9997369088270796,320.7742004654644,731
28,A3_rescale,119,14.120374101312624,9.147784168242364,0.37842580708891294,-2.4587973034087662,0.030321665359755102,193.33928058177,21.567387648711616,24.02618495212038,8.07050737030278,17.910170308108864,0.45061030863837415,320.7742004654644,731
28,A4_recalibrate,119,15.11177576997084,12.41453215820897,0.2880793823490041,3.643151471218627,0.0581197121667666,215.09321427963542,27.669336423339008,24.02618495212038,5.87623558889434,17.910170308108864,0.3280949029409208,320.7742004654644,731
28,A5_retrain_expanding,119,27.176283058246145,15.739062722620721,-1.3023995065383422,7.305029705440038,0.07225432661773284,685.1869018645551,31.33121465756042,24.02618495212038,34.29378599880108,17.910170308108864,1.9147660468239378,320.7742004654644,731
28,A0_frozen,126,26.539633626065704,17.256689248975032,-1.1957880402592735,5.489192300969762,0.04277864699985904,674.2209208887715,29.515377253090143,24.02618495212038,33.26439168105985,17.910170308108864,1.8572906403910259,320.7742004654644,731
28,A1_head_only,126,18.033535485863425,13.007126591346625,-0.013823436074337447,2.8737978088138862,0.025395142905621275,316.9496882739519,26.899982760934268,24.02618495212038,19.136934879712882,17.910170308108864,1.0684954163193299,320.7742004654644,731
28,A2_full_earlystop,126,16.945544938736422,11.959826159647093,0.1048173673130196,2.003431272009395,0.013977767679170323,283.13775640907045,26.02961622412978,24.02618495212038,17.468801791235624,17.910170308108864,0.9753565427195625,320.7742004654644,731
28,A3_rescale,126,14.41110323255385,8.735244608157636,0.3525667086755516,-2.890560587103095,0.040231821439533515,199.3245558716102,21.135624365017286,24.02618495212038,8.734628722365011,17.910170308108864,0.4876909918835552,320.7742004654644,731
28,A4_recalibrate,126,14.940560610761006,12.008086793181997,0.3041199976808737,2.82501630231072,0.03575264109908013,215.2396342555019,26.851201254431103,24.02618495212038,6.565911207620814,17.910170308108864,0.3666023881776314,320.7742004654644,731
28,A5_retrain_expanding,126,27.39398638563823,19.468534482034876,-1.3394353068532596,13.945490580177568,0.2591535259938659,555.9537825747112,37.97167553229795,24.02618495212038,28.93164411185941,17.910170308108864,1.6153751535662701,320.7742004654644,731
28,A0_frozen,133,29.590238823004494,20.07470396962355,-1.729590572845058,14.404867289420258,0.23698539516052475,668.0820319766327,38.43105224154064,24.02618495212038,34.08440397571703,17.910170308108864,1.9030753694332685,320.7742004654644,731
28,A1_head_only,133,18.304014025594395,14.847698556278505,-0.04446345423976039,6.588069829756584,0.1295459105153229,291.6342653674073,30.614254781876966,24.02618495212038,10.27108942166006,17.910170308108864,0.5734780431992768,320.7742004654644,731
28,A2_full_earlystop,133,17.793637027128156,14.505548126730027,0.012970749537340787,6.774211976262419,0.1449399510625583,270.7235707538489,30.8003969283828,24.02618495212038,15.367118486855253,17.910170308108864,0.8580107404058442,320.7742004654644,731
28,A3_rescale,133,13.686518374722759,9.237720188244195,0.4160353764429652,-0.5494653098152034,0.0016117385282851443,187.0188730949334,23.476719642305177,24.02618495212038,8.949949152268164,17.910170308108864,0.49971323545795976,320.7742004654644,731
28,A4_recalibrate,133,16.810209534636027,14.697457004134861,0.11905900104085276,3.34654688681043,0.03963214466148758,271.38376853274735,27.37273183893081,24.02618495212038,2.2856273579746142,17.910170308108864,0.1276161710723539,320.7742004654644,731
28,A5_retrain_expanding,133,29.231056524109913,18.33684136785463,-1.6637262731099915,12.36675566174759,0.17898743112960905,701.5180199183428,36.39294061386797,24.02618495212038,33.999290388918205,17.910170308108864,1.8983231205526259,320.7742004654644,731
28,A0_frozen,140,27.56850744887705,16.57748172714035,-1.369338312919015,8.169335421809812,0.08781060059822357,693.2845617247527,32.195520373930194,24.02618495212038,33.209278552421544,17.910170308108864,1.8542134430394546,320.7742004654644,731
28,A1_head_only,140,21.546821927019423,14.704797429115304,-0.4473281656723178,6.775663034134852,0.09888653383853972,418.35592560254355,30.801847986255233,24.02618495212038,23.18079708577968,17.910170308108864,1.2942812205021037,320.7742004654644,731
28,A2_full_earlystop,140,20.068844807485014,13.608722886410359,-0.25558268502419823,4.547487491874852,0.051345014072942154,382.07888941816,28.573672443995235,24.02618495212038,21.93035315775125,17.910170308108864,1.22446368630131,320.7742004654644,731
28,A3_rescale,140,14.485227665972237,9.207276984657046,0.3458893507315043,-2.186803474545249,0.022791287503314727,205.0397110987643,21.83938147757513,24.02618495212038,8.720157051886815,17.910170308108864,0.4868829777648037,320.7742004654644,731
28,A4_recalibrate,140,15.507319479159856,12.70092972782829,0.2503232582926468,2.9777982389144806,0.036873729801368375,231.60967507704848,27.003983191034862,24.02618495212038,5.361403356729271,17.910170308108864,0.29934965801536156,320.7742004654644,731
28,A5_retrain_expanding,140,28.248022061998327,17.908286156255407,-1.4875777081113926,11.27938459779763,0.15943905916354387,670.7262335101099,35.30556954991801,24.02618495212038,33.265361286132496,17.910170308108864,1.857344777512894,320.7742004654644,731
28,A0_frozen,147,21.326844947896664,13.772519890534994,-0.41792673716162687,7.164536180729482,0.11285555408516278,403.5037367466435,31.190721132849863,24.02618495212038,29.039765349868578,17.910170308108864,1.6214120162062764,320.7742004654644,731
28,A1_head_only,147,16.372767621768553,12.974696023637845,0.16431084791903738,2.2161612237609374,0.01832139371862541,263.1561490267311,26.24234617588132,24.02618495212038,11.393252311226503,17.910170308108864,0.6361331084645346,320.7742004654644,731
28,A2_full_earlystop,147,16.469520333344875,12.063431142999569,0.15440487540186876,3.7815640557400028,0.052720682169422814,256.9448733027955,27.807749007860384,24.02618495212038,14.925198396101417,17.910170308108864,0.833336486439998,320.7742004654644,731
28,A3_rescale,147,13.609231233488748,9.09786744459494,0.4226119977921786,-2.450645740226191,0.03242603774668632,179.2055102224769,21.575539211894192,24.02618495212038,7.625317922835721,17.910170308108864,0.4257535127615924,320.7742004654644,731
28,A4_recalibrate,147,15.179241364525197,13.08263368530691,0.28170854118512745,4.038148354334383,0.07077247876104871,214.1027262708993,28.064333306454763,24.02618495212038,5.0443952487525445,17.910170308108864,0.2816497644619652,320.7742004654644,731
28,A5_retrain_expanding,147,30.12392107465463,20.32419086248239,-1.8289389221304302,14.886579200205563,0.24421189999436713,685.8403806280286,38.91276415232594,24.02618495212038,33.398277467934214,17.910170308108864,1.8647660459606619,320.7742004654644,731
28,A0_frozen,154,26.47779694836312,15.606451023402913,-1.1855676990900248,5.631239738828082,0.045231848781619205,669.3628702425908,29.657424690948467,24.02618495212038,34.231912680194775,17.910170308108864,1.9113113996853626,320.7742004654644,731
28,A1_head_only,154,16.793955748772717,13.968045107660672,0.12076174055618527,6.368001720085093,0.14378061438874967,241.48550378472947,30.394186672205475,24.02618495212038,11.543415355992764,17.910170308108864,0.6445173416785691,320.7742004654644,731
28,A2_full_earlystop,154,17.20732103566756,13.17658133042175,0.07694603619967377,5.3511521559489585,0.09670926379455536,267.45706782841023,29.37733710806934,24.02618495212038,16.229822414282157,17.910170308108864,0.9061791225365442,320.7742004654644,731
28,A3_rescale,154,13.912045603550935,8.518123471758173,0.3966316100408499,-2.8532614844033874,0.04206308898088681,185.40391177690105,21.172923467716995,24.02618495212038,8.988682357755327,17.910170308108864,0.5018758729326925,320.7742004654644,731
28,A4_recalibrate,154,16.897582420099635,14.809755272869733,0.10987762971666659,3.517327598369303,0.043328783158457736,273.15669820981,27.543512550489684,24.02618495212038,2.1771356744616135,17.910170308108864,0.1215586249046393,320.7742004654644,731
28,A5_retrain_expanding,154,18.95160331093643,13.259779949538915,-0.11967629420922044,9.214763197225421,0.2364157705790625,274.2514072741567,33.240948149345805,24.02618495212038,25.206326007703943,17.910170308108864,1.4073750039267763,320.7742004654644,731
28,A0_frozen,161,23.781369665473257,14.64710600481412,-0.763089245784843,7.110793425275332,0.08940512131511363,514.9901600289527,31.136978377395714,24.02618495212038,32.313946930747896,17.910170308108864,1.804223319759148,320.7742004654644,731
28,A1_head_only,161,16.754795259031706,12.574541011738289,0.12485741133568828,6.164813576669342,0.13538222450282458,242.71823773698472,30.190998528789724,24.02618495212038,18.744331681402734,17.910170308108864,1.0465747315041556,320.7742004654644,731
28,A2_full_earlystop,161,18.772917671425212,13.331929753951922,-0.09866204135719436,5.518885564306758,0.08642496786972301,321.96434002619543,29.545070516427142,24.02618495212038,23.508957127784225,17.910170308108864,1.3126037733510831,320.7742004654644,731
28,A3_rescale,161,13.253577326057778,8.214766315367315,0.4523957609966681,-2.4647575434923485,0.034584553760869594,169.58228218959042,21.561427408628035,24.02618495212038,8.485058906443141,17.910170308108864,0.47375646129961785,320.7742004654644,731
28,A4_recalibrate,161,15.03217895694412,12.624304630869227,0.2955592941523927,3.676882464737378,0.05982953398643543,212.4469395341004,27.70306741685776,24.02618495212038,5.111718589133643,17.910170308108864,0.28540870919688033,320.7742004654644,731
28,A5_retrain_expanding,161,21.89888781753106,14.051331730830325,-0.4950120269926179,7.194198144697199,0.10792465588569015,427.8048006996456,31.22038309681758,24.02618495212038,28.405018398361076,17.910170308108864,1.5859714290656772,320.7742004654644,731
28,A0_frozen,168,14.001895466453307,9.156858081013983,0.38881282731279565,1.738066932334849,0.015408463426539974,193.03219999220983,25.76425188445523,24.02618495212038,20.557635273570686,17.910170308108864,1.1478190837896822,320.7742004654644,731
28,A1_head_only,168,17.420129674653154,13.98168813154792,0.053973426038036454,5.312952483328259,0.09301844958204827,275.2334537916274,29.33913743544864,24.02618495212038,11.644927466107875,17.910170308108864,0.6501851889613586,320.7742004654644,731
28,A2_full_earlystop,168,16.883339198304558,14.024107661529833,0.1113775918656017,7.115949453399282,0.1776433756952919,234.4104058616736,31.142134405519666,24.02618495212038,10.111209055235063,17.910170308108864,0.5645512511211127,320.7742004654644,731
28,A3_rescale,168,14.846512024083882,10.280768856412832,0.31285334368716367,-3.8755383914618733,0.06814205365252132,205.3991214575724,20.150646560658508,24.02618495212038,5.3980639104346695,17.910170308108864,0.3013965706395704,320.7742004654644,731
28,A4_recalibrate,168,18.10285067787738,16.252143583075945,-0.021632045812887135,3.3449187860199268,0.03414107699679204,316.5247209804565,27.37110373814031,24.02618495212038,0.15968403194333378,17.910170308108864,0.008915829899788084,320.7742004654644,731
28,A5_retrain_expanding,168,30.666273254781427,20.260189116182342,-1.9317205497584005,11.039388889579932,0.12958897746878148,818.5522082815418,35.06557384170031,24.02618495212038,37.04169960539791,17.910170308108864,2.0681935999585224,320.7742004654644,731
28,A0_frozen,175,21.183704398269896,14.049547509230731,-0.39895705883488963,2.272188273166079,0.011504952052676416,443.5864924845659,26.29837322528646,24.02618495212038,28.740212042183483,17.910170308108864,1.6046866974330947,320.7742004654644,731
28,A1_head_only,175,23.185143832989933,16.16142940953329,-0.6757921733618524,5.91393298694282,0.06506286888967097,502.5762911823807,29.940117939063203,24.02618495212038,28.24625264615605,17.910170308108864,1.5771068705788636,320.7742004654644,731
28,A2_full_earlystop,175,21.90404783644887,14.8469870116029,-0.4957166471781014,4.115097655896189,0.03529486567773914,462.85328290387827,28.14128260801657,24.02618495212038,27.866006431655784,17.910170308108864,1.555876128047727,320.7742004654644,731
28,A3_rescale,175,14.388687464732666,9.042352633040776,0.3545792440372867,-3.735287950637336,0.06739160736868254,193.08195088357851,20.290897001483046,24.02618495212038,7.54666065218734,17.910170308108864,0.42136174711697605,320.7742004654644,731
28,A4_recalibrate,175,15.06510439950458,12.462825091953514,0.2924699984018594,4.735339597956167,0.09880023306516056,204.53392946000065,28.761524550076548,24.02618495212038,6.452633710598392,17.910170308108864,0.3602776299495572,320.7742004654644,731
28,A5_retrain_expanding,175,26.280239643001753,15.968414622077995,-1.1530752619488136,6.9538661237536665,0.07001546999657336,642.2947416265121,30.980051075874048,24.02618495212038,32.987454761290444,17.910170308108864,1.8418280895048391,320.7742004654644,731
28,A0_frozen,182,24.052905640748754,15.991246383292308,-0.8035810514787676,8.353144924316199,0.12060489574122456,508.7672396361338,32.37932987643658,24.02618495212038,28.720818800402647,17.910170308108864,1.6036038913264405,320.7742004654644,731
28,A1_head_only,182,19.008894315412658,14.692872333089303,-0.12645612574266396,7.343912566988381,0.14925925967965556,307.4050113029578,31.370097519108764,24.02618495212038,16.235571840285687,17.910170308108864,0.9065001371279535,320.7742004654644,731
28,A2_full_earlystop,182,19.16513941234243,13.557713229617475,-0.14505021962969944,6.2083879861802975,0.10493822987392243,328.7584873075734,30.23457293830068,24.02618495212038,21.878707964668294,17.910170308108864,1.2215801183511175,320.7742004654644,731
28,A3_rescale,182,14.662413075352383,9.632303687427274,0.32978912618188994,-2.1385383187582314,0.0212727272582571,210.41301105146727,21.88764663336215,24.02618495212038,7.541568621194609,17.910170308108864,0.4210774376489402,320.7742004654644,731
28,A4_recalibrate,182,14.878502338187351,12.109327087160208,0.30988891405161534,3.9261682892221446,0.06963368634308345,205.95503439215298,27.952353241342525,24.02618495212038,8.238666331963472,17.910170308108864,0.4599993294443102,320.7742004654644,731
28,A5_retrain_expanding,182,30.391512144571934,20.11253191904154,-1.8794211289230724,11.393450171538223,0.14054192453473116,793.8333036223391,35.4196351236586,24.02618495212038,33.584794869921346,17.910170308108864,1.875180095563679,320.7742004654644,731
28,A0_frozen,189,19.60930616557343,12.333012563730755,-0.19874007241612746,4.390611940394088,0.05013322621741977,365.247415084065,28.41679689251447,24.02618495212038,28.69322845144401,17.910170308108864,1.6020634063123955,320.7742004654644,731
28,A1_head_only,189,15.018812084949158,11.943662673683008,0.29681153872192434,4.485330734394873,0.08919033133442116,205.44652464610758,28.511515686515256,24.02618495212038,10.605165324017225,17.910170308108864,0.5921309033681112,320.7742004654644,731
28,A2_full_earlystop,189,15.79809150461281,11.591545729574262,0.22194585840768066,3.290956687756082,0.04339453941765224,238.74929926743295,27.317141639876464,24.02618495212038,20.93207939521928,17.910170308108864,1.168725871118168,320.7742004654644,731
28,A3_rescale,189,13.532931710881648,8.726223891222492,0.42906804716327673,-3.17902802303121,0.055182952326943535,173.0340215201684,20.84715692908917,24.02618495212038,7.534323641952832,17.910170308108864,0.4206729200415058,320.7742004654644,731
28,A4_recalibrate,189,13.46711423106076,11.168318512129881,0.4346080032332107,3.9300071740689257,0.08516038153371233,165.91820932420603,27.956192126189308,24.02618495212038,8.15561128085142,17.910170308108864,0.4553620172533453,320.7742004654644,731
28,A5_retrain_expanding,189,28.119618141977387,20.564216707882444,-1.4650140918541688,13.914298968920209,0.2448520946220904,597.1052086541298,37.94048392104059,24.02618495212038,28.703973118333465,17.910170308108864,1.6026633261738268,320.7742004654644,731
28,A0_frozen,196,24.57686313894053,15.110086987720075,-0.8830136615530118,5.85833066539634,0.05681916672214603,569.7021635650907,29.884515617516723,24.02618495212038,32.19439987061072,17.910170308108864,1.7975485055010694,320.7742004654644,731
28,A1_head_only,196,14.575954167690268,11.041627825492517,0.337669801404489,4.2241655701570755,0.08398618935833303,194.61486513450689,28.250350522277458,24.02618495212038,16.360084413418456,17.910170308108864,0.9134521968231311,320.7742004654644,731
28,A2_full_earlystop,196,21.603066899632,13.623316571594426,-0.4548941242555493,2.3808299413213985,0.012145794534795435,461.0241482604833,26.40701489344178,24.02618495212038,29.25876701685713,17.910170308108864,1.6336397987019793,320.7742004654644,731
28,A3_rescale,196,13.901305731896885,8.75839076642455,0.3975628315143296,-2.7936316474924974,0.04038565157210927,185.4419232697975,21.232553304627885,24.02618495212038,8.453668082953735,17.910170308108864,0.47200377983710856,320.7742004654644,731
28,A4_recalibrate,196,14.736048979197335,12.122970609284492,0.32304050886199,4.531844713219932,0.09457752121583039,196.61352301256335,28.558029665340314,24.02618495212038,7.187254896702647,17.910170308108864,0.4012946149065151,320.7742004654644,731
28,A5_retrain_expanding,196,26.74665249809818,17.306133462775946,-1.2301775479946744,10.972836304713926,0.16830574098938017,594.9802832839737,34.99902125683431,24.02618495212038,32.1288875517688,17.910170308108864,1.7938906777018409,320.7742004654644,731
28,A0_frozen,203,28.09477214567475,18.487845975733915,-1.4606599307925392,8.335552221862859,0.08802736965752554,719.834791073979,32.36173717398324,24.02618495212038,34.62450563280069,17.910170308108864,1.9332315124398556,320.7742004654644,731
28,A1_head_only,203,17.566620430852453,13.636410699224927,0.037995721246084746,4.6899736420971925,0.07127945477770255,286.5903005980765,28.716158594217575,24.02618495212038,11.826492317656188,17.910170308108864,0.6603227168812416,320.7742004654644,731
28,A2_full_earlystop,203,17.740619856839558,12.774114879644683,0.018843808360532677,3.9376333514170523,0.04926437411583797,299.2246364946982,27.963818303537433,24.02618495212038,19.03962443843016,17.910170308108864,1.0630621658471853,320.7742004654644,731
28,A3_rescale,203,14.071804199438747,8.733399455743417,0.382694514895499,-2.1431580228208014,0.023195771482536338,193.4225471165608,21.88302692929958,24.02618495212038,9.091770038579789,17.910170308108864,0.5076316909428534,320.7742004654644,731
28,A4_recalibrate,203,15.882278833696104,13.396246992657579,0.21363133136878,3.169295230177686,0.03981986298555542,242.20234869524427,27.195480182298066,24.02618495212038,4.145472732415446,17.910170308108864,0.23145914645705942,320.7742004654644,731
28,A5_retrain_expanding,203,27.112542876414313,17.610607475219187,-1.2916119194085462,13.04748571237859,0.23158645575734327,564.8530978106813,37.07367066449897,24.02618495212038,31.57558383642618,17.910170308108864,1.762997408356875,320.7742004654644,731
28,A0_frozen,210,29.743122806535226,20.690265799695393,-1.7578694078293888,12.664903968295453,0.18131372220461564,724.25356175849,36.69108892041584,24.02618495212038,33.021791476059505,17.910170308108864,1.8437452524451332,320.7742004654644,731
28,A1_head_only,210,25.213362956954146,16.491496154875957,-0.9818104781389692,3.939769949135214,0.024416318140625434,620.1918843469986,27.965954901255596,24.02618495212038,31.091789863162923,17.910170308108864,1.735985159732739,320.7742004654644,731
28,A2_full_earlystop,210,24.073453045526573,16.05747667448302,-0.8066638173962712,5.010566473423115,0.043320840909578696,554.4253651505809,29.036751425543496,24.02618495212038,29.207996972459277,17.910170308108864,1.6308050939769847,320.7742004654644,731
28,A3_rescale,210,14.71695546836234,9.625095213033987,0.32479364629862484,-1.0063483528252006,0.004675851700999699,215.57604125052612,23.019836599295182,24.02618495212038,8.670926238403656,17.910170308108864,0.4841342147638807,320.7742004654644,731
28,A4_recalibrate,210,15.947968365136362,13.188073375709209,0.20711299535209038,2.9769004569579423,0.03484318882222272,245.4757586447537,27.003085409078324,24.02618495212038,4.666192445796315,17.910170308108864,0.2605331141761219,320.7742004654644,731
28,A5_retrain_expanding,210,26.628924831788687,17.07696629979333,-1.210588122947862,12.259069175392495,0.21193746133496746,558.8148606499938,36.28525412751288,24.02618495212038,31.059911620116104,17.910170308108864,1.7342052635900211,320.7742004654644,731
28,A0_frozen,217,17.92505907290174,11.154515756275163,-0.001663295554250599,5.250896951984349,0.08581156047755491,293.73582396665836,29.27708190410473,24.02618495212038,26.405939559891618,17.910170308108864,1.4743544648448306,320.7742004654644,731
28,A1_head_only,217,15.705260652031502,10.35975770724619,0.23106281056788203,1.1556703549485534,0.00541474051034521,245.319638178942,25.181855307068936,24.02618495212038,22.86248233741374,17.910170308108864,1.2765083717301509,320.7742004654644,731
28,A2_full_earlystop,217,16.778715464974407,10.678319116017333,0.12235680972453622,2.932976796191695,0.0305562345957807,272.9229397675724,26.959161748312077,24.02618495212038,24.62598535243421,17.910170308108864,1.3749721487173547,320.7742004654644,731
28,A3_rescale,217,13.688697734251523,9.162665313211381,0.415849387551114,-2.9531327245417427,0.04654163809919274,178.6594527709434,21.07305222757864,24.02618495212038,6.933722897905809,17.910170308108864,0.3871388590183619,320.7742004654644,731
28,A4_recalibrate,217,14.800167535862045,12.582120694846427,0.31713660646106767,3.92247335309865,0.07024036193170964,203.65916188381587,27.94865830521903,24.02618495212038,5.289704475477287,17.910170308108864,0.2953464084639309,320.7742004654644,731
28,A5_retrain_expanding,217,21.878490192070988,15.67836091978227,-0.4922282789263204,10.043674529096236,0.21074174135642904,377.79293503812994,34.06985948121662,24.02618495212038,26.476869809026137,17.910170308108864,1.4783147984382194,320.7742004654644,731
28,A0_frozen,224,30.106211248381975,19.16271556168333,-1.825613638556277,15.48076629517186,0.264406848300983,666.7298306464724,39.50695124729224,24.02618495212038,33.88023713361582,17.910170308108864,1.8916758774915994,320.7742004654644,731
28,A1_head_only,224,27.267710943753094,16.333972205151873,-1.317917273375366,9.937792096769176,0.13282580316299267,644.7683483534643,33.963977048889554,24.02618495212038,32.60706367862038,17.910170308108864,1.8205892583755872,320.7742004654644,731
28,A2_full_earlystop,224,27.181117123833925,16.974094844140758,-1.3032186722857126,11.24499357261188,0.17115272541697377,612.3632476514953,35.271178524732264,24.02618495212038,31.956973060571627,17.910170308108864,1.7842919699151631,320.7742004654644,731
28,A3_rescale,224,13.763064395125195,9.74930175153573,0.40948511049361447,-0.2669536574023192,0.0003762196428748178,189.35067728916238,23.759231294718063,24.02618495212038,8.89633856505738,17.910170308108864,0.49671993130235875,320.7742004654644,731
28,A4_recalibrate,224,14.89318359231894,12.54908460617796,0.3085263179125325,4.440800672117305,0.08890935787963744,202.08620690504057,28.466985624237687,24.02618495212038,7.211931194466752,17.910170308108864,0.402672396208401,320.7742004654644,731
28,A5_retrain_expanding,224,26.404229354068274,16.01976849394536,-1.1734395308930146,4.51269064418438,0.029209500627172015,676.8189509321317,28.538875596304763,24.02618495212038,33.44842317025477,17.910170308108864,1.8675658910463253,320.7742004654644,731
28,A0_frozen,231,29.17386691461388,19.247202451014747,-1.653313481933956,10.685945001990689,0.1341645796694635,736.9250901660325,34.71212995411107,24.02618495212038,33.787594162550235,17.910170308108864,1.8865032314769692,320.7742004654644,731
28,A1_head_only,231,23.70309147684224,15.720141513321927,-0.7515016629900086,3.199648977557286,0.01822194312651427,551.5987919799678,27.22583392967767,24.02618495212038,29.710073507131828,17.910170308108864,1.6588381347596977,320.7742004654644,731
28,A2_full_earlystop,231,17.651926144345648,13.307704487394862,0.028629808278548774,6.461480403003615,0.1339923054561855,269.83976760703354,30.487665355123998,24.02618495212038,18.498623890831126,17.910170308108864,1.0328558340093417,320.7742004654644,731
28,A3_rescale,231,14.537028611694346,9.515773653385773,0.34120262617575436,-1.525987221905959,0.011019211111473585,208.9965638557998,22.500197730214424,24.02618495212038,8.872012259893403,17.910170308108864,0.49536169155670073,320.7742004654644,731
28,A4_recalibrate,231,15.435979116325566,12.541430265305046,0.2572050653266553,2.9688725048393962,0.03699258928349476,229.45524732964765,26.995057456959778,24.02618495212038,5.843514493161828,17.910170308108864,0.3262679467942393,320.7742004654644,731
28,A5_retrain_expanding,231,24.372371768478715,14.938962387919393,-0.8518088573176619,8.226494631680907,0.11392893800161993,526.3372916958633,32.25267958380129,24.02618495212038,29.94880833491046,17.910170308108864,1.672167702467412,320.7742004654644,731
28,A0_frozen,238,25.57397374717044,16.163269407554655,-1.0389050374747262,8.78892205230358,0.11810677082199908,576.7829823794948,32.815107004423965,24.02618495212038,29.383352190632056,17.910170308108864,1.6405959119958053,320.7742004654644,731
28,A1_head_only,238,20.217662465242185,16.183835832701757,-0.2742729152323786,4.203228005395934,0.04322191597867261,391.08674989311805,28.229412957516317,24.02618495212038,10.197393665472454,17.910170308108864,0.5693632997367738,320.7742004654644,731
28,A2_full_earlystop,238,18.79306704054503,15.192426675158288,-0.10102174139295972,4.71760541087306,0.06301557446269061,330.92356797772123,28.74379036299344,24.02618495212038,14.015519777471711,17.910170308108864,0.7825453100870938,320.7742004654644,731
28,A3_rescale,238,14.997188717839045,9.94419579673381,0.2988349153014447,-2.024111127959327,0.01821583115377135,220.8186435801499,22.002073824161055,24.02618495212038,7.715537813380317,17.910170308108864,0.4307908680179938,320.7742004654644,731
28,A4_recalibrate,238,16.748002986475154,14.609355472453023,0.12556682043642153,3.642920710735609,0.04731222562422554,267.2247327302743,27.66910566285599,24.02618495212038,3.0367336831642335,17.910170308108864,0.1695535905534827,320.7742004654644,731
28,A5_retrain_expanding,238,27.198808603415724,16.421522554464904,-1.3062178578320172,9.668044182988492,0.12635065308734095,646.3041111210237,33.69422913510888,24.02618495212038,33.542189696662405,17.910170308108864,1.8728012698726888,320.7742004654644,731
28,A0_frozen,245,26.71735911966005,18.567768790971208,-1.2252951680437092,13.467448820420461,0.2540876821520137,532.4451005982376,37.49363377254084,24.02618495212038,30.69182485854082,17.910170308108864,1.7136534343643308,320.7742004654644,731
28,A1_head_only,245,19.13540884813044,12.299959660926955,-0.1415003801857535,1.789095861078517,0.008741616108993891,362.96300778498045,25.8152808131989,24.02618495212038,25.586582068275497,17.910170308108864,1.4286062962054094,320.7742004654644,731
28,A2_full_earlystop,245,20.698666499542895,12.971566577996958,-0.33562734857607723,3.8548055713627476,0.03468328476422939,413.57526886629006,27.88099052348313,24.02618495212038,27.22811129600337,17.910170308108864,1.520259764569396,320.7742004654644,731
28,A3_rescale,245,13.949497750383221,9.686265041761489,0.3933786220787523,-0.795614563399495,0.0032530317783192554,193.9554849544532,23.23057038872089,24.02618495212038,8.059119075956804,17.910170308108864,0.44997445235392447,320.7742004654644,731
28,A4_recalibrate,245,18.3581078275329,16.52580973529946,-0.05064597626082912,3.3173254734107145,0.03265279294999381,326.01547471078516,27.343510425531097,24.02618495212038,0.2182642300306395,17.910170308108864,0.012186608294384556,320.7742004654644,731
28,A5_retrain_expanding,245,31.363448342154175,22.204106770481257,-2.066536805278011,16.976968696203897,0.293003415572299,695.4484257990864,41.00315364832428,24.02618495212038,31.92986758345409,17.910170308108864,1.7827785573316286,320.7742004654644,731
